"Data Source","World Development Indicators",

"Last Updated Date","2026-10-08",

"Country Name","Country Code","Indicator Name","Indicator Code","1960","1961","1962","1963","1964","1965","1966","1967","1968","1969","1970","1971","1972","1973","1974","1975","1976","1977","1978","1979","1980","1981","1982","1983","1984","1985","1986","1987","1988","1989","1990","1991","1992","1993","1994","1995","1996","1997","1998","1999","2000","2001","2002","2003","2004","2005","2006","2007","2008","2009","2010","2011","2012","2013","2014","2015","2016","2017","2018","2019","2020","2021","2022","2023","2024","2025",
"Aruba","ABW","GDP deflator (base year varies by country)","NY.GDP.DEFL.ZS","","","","","","","","","","","","","","","","","","","","","","","","","","","43.3093890853516","44.8650493772939","46.2596521538462","48.0927107683793","50.8675976148706","53.7237419188531","55.7772433722674","58.7336124436987","62.4267675229417","64.534193745572","66.6376770289244","69.1060950189652","73.6622256573217","75.2754730834044","76.0554028642542","73.8988500811783","77.1760336164623","79.5291665376124","81.7638643095843","85.9072458683573","88.9005517213754","93.4939480775572","97.4790799341006","99.1394220436433","97.9265438600509","101.849162176143","102.036597940594","100","100.871011342732","103.357031326627","102.811160420599","102.962960564698","105.686139633317","106.677367188777","103.112001251917","105.417272872331","109.734171898243","112.846278832787","117.52295659461","",
"Africa Eastern and Southern","AFE","GDP deflator (base year varies by country)","NY.GDP.DEFL.ZS","","","","","","","","","","","","","","","","","","","","","","","","","","","","","","","","","","","","","","","","","","","","","","","","","","","","","","","","","","","","","","","","","","",
"Afghanistan","AFG","GDP deflator (base year varies by country)","NY.GDP.DEFL.ZS","","","","","","","","","","","","","","","","","","","","","","","","","","","","","","","","","","","","","","","","","39.9399610071484","35.2372159072264","37.3956793300657","41.7542348404138","46.460535051461","51.5306680318869","55.240747969765","67.6852489958384","69.1041272562327","67.6091255076128","70.1881637052383","81.8347290794015","87.8101017027032","92.0449945365142","92.5668386097134","94.8324703031589","92.7485016686198","94.9778567679371","96.9451792533578","103.267439582288","110.457895899583","113.593791422896","124.278695318734","127.912184470938","117.288899026906","",
"Africa Western and Central","AFW","GDP deflator (base year varies by country)","NY.GDP.DEFL.ZS","","","","","","","","","","","","","","","","","","","","","","","","","","","","","","","","","","","","","","","","","","","","","","","","","","","","","","","","","","","","","","","","","","",
"Angola","AGO","GDP deflator (base year varies by country)","NY.GDP.DEFL.ZS","","","","","","","","","","","","","","","","","","","","","4.44046387386714E-09","4.3472005372826E-09","4.3472005372826E-09","4.34775539476139E-09","4.34780705087364E-09","5.17542106822019E-09","4.7089571627237E-09","5.17153268615461E-09","5.28601875540757E-09","6.14656477827405E-09","7.0075411410343E-09","1.44572568856673E-08","8.33483630871808E-08","8.48305860702719E-07","1.9307262864375E-05","0.000371760409861355","0.0182182365255917","0.0356080938771508","0.0496232075776604","0.326273142178152","1.69015684075425","3.48767456517934","11.7306449438327","22.8286868384194","30.4494329802641","42.6707547574362","49.8455937148979","52.4248610017822","62.6096392757769","53.6744432345984","69.0633354573915","89.537077784201","95.9051961814743","99.006298408407","103.04747005459","100.000000000085","120.868553843818","149.545781719734","186.366382115891","224.105306624591","260.478673307321","353.207760313672","417.024509797488","497.65195087853","636.371705178813","766.794860981962",
"Albania","ALB","GDP deflator (base year varies by country)","NY.GDP.DEFL.ZS","","","","","","","","","","","","","","","","","","","","","2.33994701063564","2.28988215990458","2.28947641340347","2.28909280770083","2.28844361508286","2.2964811404767","2.24096829202028","2.24096143257498","2.24094846683663","2.24103091491986","2.23136380647203","3.02381585913633","10.0688429227288","22.7204260405177","30.8639891113139","41.2086975278892","48.1871471593461","54.3338697759889","58.6018792425879","60.2339867581241","63.7995818553206","66.2022392166487","68.7866961270961","72.1830341253093","74.4173636157932","76.756826036651","78.817568989599","82.8763331120776","85.7758769277498","87.9806086794488","91.6119589378363","93.1645909075552","93.3758321059382","93.7050414741455","95.0575992887506","95.7910411872871","94.9631525332784","97.5509641404516","98.968659840257","99.9589727673273","100.000020918075","103.444278388926","113.645549608369","120.161879784425","122.989506191906","124.767211468343",
"Andorra","AND","GDP deflator (base year varies by country)","NY.GDP.DEFL.ZS","","","","","","","","","","","4.331394991372","4.67123065479081","5.06912971028128","5.66979288017057","6.57385277442445","7.67706329662311","8.94300007196306","11.034150056031","13.3106101239855","15.5643212394939","17.6429073666931","19.8220134120956","22.5143086113766","25.1899620231978","27.9267844909878","30.3272211310375","33.6264634739686","35.6252873188482","37.7400489048485","40.3426808440353","43.2982839562958","46.3010841835154","49.408242969283","51.6500096524339","53.653956850034","56.3007714892205","56.7495887009687","58.0140605105971","58.8840125846456","60.4927117521632","77.8792564996033","80.2783543933462","82.8789971882537","85.5124642419289","88.1141159753295","91.1065613447548","94.2562828855088","97.2830664124349","99.4956124705714","99.6270821248032","100","100.196764152031","100.371664523226","100.821823609818","100.737113802681","101.402572054216","101.755245516619","102.911703389108","103.953662239379","105.382768858012","106.556507462058","109.283140047975","113.913086675585","121.084599898998","124.452586350465","127.731903554032",
"Arab World","ARB","GDP deflator (base year varies by country)","NY.GDP.DEFL.ZS","","","","","","","","","","","","","","","","","","","","","","","","","","","","","","","","","","","","","","","","","","","","","","","","","","","","","","","","","","","","","","","","","","",
"United Arab Emirates","ARE","GDP deflator (base year varies by country)","NY.GDP.DEFL.ZS","","","","","","","","","","","6.01816317977103","6.01816318019822","6.01816318040941","9.28318683868092","22.1184451829223","26.321103534364","29.4203610259463","30.9662997066365","29.8326742792467","31.9361613036191","34.9753481412046","37.4426698559609","37.9341338283147","36.5618112647284","34.3323463305423","34.5867312006831","33.9991072043273","35.2522963929552","36.0917693487184","36.7237141284879","37.9488399650421","38.2565119671034","38.9477069127291","39.4455670916913","39.3420004276602","40.8793141408104","43.2392656462961","42.8274952771269","41.0054171971839","44.4676615797018","49.5634760951445","48.399109057668","50.2241557440902","52.2695719696062","56.7130824522223","66.0857172430082","73.9910137453674","83.2650083287106","98.6968233247387","83.7117044928949","100","112.303818956992","114.233986296506","113.546457992237","112.572970334563","94.4939786355431","89.3739750120649","95.4556676445062","102.679395644571","99.8637296596999","90.0232842578004","101.840508073125","114.670229803138","112.353327163337","114.180915075649","",
"Argentina","ARG","GDP deflator (base year varies by country)","NY.GDP.DEFL.ZS","7.18895053077512E-11","8.64907652859395E-11","1.11462242080893E-10","1.39986716490085E-10","1.8026735845815E-10","2.18543409373263E-10","2.74498089074849E-10","3.54152666315735E-10","3.90542952635561E-10","4.20989017432552E-10","4.48218059324916E-10","5.88380614997062E-10","9.66384481466911E-10","1.59970732849673E-09","2.0897047438501E-09","6.22099594917571E-09","3.34890383211041E-08","8.6879666954123E-08","2.27079272547969E-07","5.6174199204415E-07","1.09983703145184E-06","2.25770549426669E-06","6.64973964305643E-06","3.19292920206385E-05","0.000227079944709636","0.00160647138692226","0.00284814905360172","0.006480676022766","0.0311880164525857","0.981203426102591","21.3737192502697","51.4043032052253","59.6659994934379","57.5412362252407","59.180781521562","61.0539262799835","61.0219489829064","60.7388601486823","59.7030927427165","58.6066105825432","59.214529394292","58.5656756966243","76.4605374112749","84.4856083466432","99.9999998969317","110.317511084538","125.47629818382","144.222363056105","177.640364739783","204.957277170641","247.824346395484","306.567321408416","374.977453364052","464.780047776689","652.007262571679","825.310738210731","1164.67339673925","1467.56277769074","2084.4332574088","3109.88226850322","4356.4191087013","6700.26354104376","11323.0317616335","26806.4124391295","82457.9297837236","114689.822484813",
"Armenia","ARM","GDP deflator (base year varies by country)","NY.GDP.DEFL.ZS","","","","","","","","","","","","","","","","","","","","","","","","","","","","","","","0.00192948040175913","0.0034612197258735","0.0231488900378276","0.345188503355057","14.5231047518872","37.9291093241536","45.360093301755","53.4051569524923","59.1187064708023","59.1505147474781","58.3379783235321","60.6878142866904","62.1184682254049","64.9749957569785","69.054512012036","71.2703032696396","74.5615747892553","77.7512261584953","82.4081843354575","84.4661252560531","91.0280582047478","94.9254700292304","100","103.366824642245","105.753753195239","107.037508479879","107.324984550164","109.633160635444","112.68941468526","113.890258600166","115.94779169987","123.948784902119","133.847184301684","137.996816834744","139.930236161983","144.926532075746",
"American Samoa","ASM","GDP deflator (base year varies by country)","NY.GDP.DEFL.ZS","","","","","","","","","","","","","","","","","","","","","","","","","","","","","","","","","","","","","","","","","","","70.6206896551724","71.5846994535519","69.2517006802721","68.3060109289617","70.2279202279202","72.4475524475524","80.4597701149425","101.19940029985","85.6502242152466","85.2017937219731","100","102.24358974359","101.259842519685","102.748091603053","104.192546583851","102.170283806344","103.90243902439","105.718954248366","112.83255086072","118.296529968454","135.038759689922","","","",
"Antigua and Barbuda","ATG","GDP deflator (base year varies by country)","NY.GDP.DEFL.ZS","","","","","","","","","","","","","","","","","","19.7659482025804","21.5092973804461","24.7739526472657","27.6810663116423","30.0735902655065","33.5350610779873","35.3506094322117","36.8357441337191","39.7276636407071","43.036130380052","47.0493079802065","53.0372626914703","55.7527945125935","56.9222842194732","58.6908548622066","60.411074468901","61.8100803742705","64.0279827459966","65.9796349846687","68.2299534883721","69.9563244829849","71.8316406447375","73.2762316806985","74.401399512495","75.9368792053829","76.9046576976017","76.5360305681295","78.3335924580571","81.998428274075","82.9149019367665","86.5377197689127","90.6381869043668","91.6439409146768","93.1170411139386","94.1735393885535","96.5757374024354","94.3664979999947","96.0434587420598","98.7344058448827","98.26530138556","98.5763423058259","100","100.712335041612","101.499556604201","106.49259849188","113.773402099751","121.157824600496","124.384086377039","128.09590864452",
"Australia","AUS","GDP deflator (base year varies by country)","NY.GDP.DEFL.ZS","5.06180088039256","5.22483317105607","5.22094355602052","5.31443217904963","5.48877202846259","5.65252096545749","5.80440125695867","6.08656376682296","6.22380419473297","6.51941893258974","6.85406552160255","7.20948188089876","7.65588748095166","8.34332518934358","9.70935387699504","11.3105861989164","12.8965519372563","14.3690693172089","15.5527993649264","16.8957355398202","18.5880756677601","20.3587101698149","22.7418292635684","25.0521347169009","27.0218280382047","28.2870514221685","30.1391233509608","32.2586996610032","34.5736091046227","37.7643325082517","40.0689963395751","41.2811126507244","41.8918772008369","42.2550837411471","42.6879311856876","43.6670359818508","44.8515156594723","45.4209067187191","45.9380895455479","46.1592669850574","47.3381671518075","49.5351649042863","50.9421149766866","52.4640926927986","54.159196452094","56.2308075887598","59.1051374906662","62.05129575906","64.8856168435935","68.1244388076992","68.9182164494048","73.1903901704372","74.5058309694268","74.4080251953808","75.4624096602889","74.9889525144353","74.4839637881886","77.199823087594","78.6250673484219","81.3585466868567","82.876562212235","85.4131401626059","91.5624970614141","97.4769226346552","100","102.307658890162",
"Austria","AUT","GDP deflator (base year varies by country)","NY.GDP.DEFL.ZS","15.2027111646188","15.9760964948458","16.5097306652883","17.1170024539546","17.6619716089169","18.6018385620575","19.1826560564514","19.8056632544117","20.367754380985","20.9245218154655","21.9167830167641","23.2765820257687","25.0455865082744","27.0606400223714","29.6319796034233","31.5455464818862","33.3199575807972","35.0521665824804","37.1528484821959","38.6814544129351","40.8401226740637","43.5832185521509","45.917226092005","47.5118320290575","49.8635599736357","51.3410149268614","52.8560870622904","54.1441624250746","54.9708654215756","56.6006200469969","58.2984578176466","60.4216126237677","62.5237370247657","64.2475690715402","65.8697838175918","67.0646076657314","67.7087202492099","68.5635725683939","68.894091569264","69.0451919855931","69.989256400729","71.3451469170801","72.1329509378888","73.0468773689386","74.3090996254643","76.1905821350589","77.7483899999477","79.5049367407634","81.0423958239972","82.4520414231565","83.186968373104","84.700919154098","86.4725784355943","87.9501551699023","89.7150897479378","91.7719290280246","93.4373608656494","94.3486721777502","96.0568359813149","97.4724111917686","100","101.801872992703","106.915820412682","114.586723585234","119.269668011096","123.032301281838",
"Azerbaijan","AZE","GDP deflator (base year varies by country)","NY.GDP.DEFL.ZS","","","","","","","","","","","","","","","","","","","","","","","","","","","","","","","0.00255493308937798","0.00468956723455536","0.0546488977534667","0.462944212848657","6.87966301658957","44.4189812811194","56.1541043212809","61.3441499069767","60.752097047405","62.0656434562818","69.8193639087621","71.5753280506695","74.5917888226914","79.7844706229203","87.1661020060435","100","111.329188328072","134.243499574315","171.792797321218","139.325284451598","158.590719211358","197.615057698251","203.237171869609","204.076874540113","201.362235358466","183.62299652808","210.483990877513","244.637553780557","274.445252621575","273.836937075936","253.316600737009","308.004707696929","422.800283367997","383.384240528353","378.230637697449","380.397564870965",
"Burundi","BDI","GDP deflator (base year varies by country)","NY.GDP.DEFL.ZS","2.21203716343248","2.65615751680729","2.56140131653323","2.68145802041822","2.82671843557352","2.79762121988048","2.88580319085215","2.73233657621358","2.81585899997816","2.96684197587824","3.12065824840279","3.16373016479961","3.29947981417492","3.48129575116082","3.91489732115274","4.74042803097296","5.12321514111844","5.85604626997016","6.58850327510876","8.31012580190997","9.67165883781495","9.08523568838561","9.60055221431337","10.217728398768","11.9768324433501","12.5839187948262","12.0481692443371","11.6363875088442","12.0426397111602","13.819794310178","14.646986604034","15.246508387633","16.0700882857693","17.3143382815245","18.4637411844939","21.4369042043135","24.5352038509711","32.4840674819496","36.203673821609","41.6176219844858","57.8255604200099","65.7571495169799","66.4330400161365","74.3689639936029","84.1456264933397","100","102.845666333767","111.362499592039","138.267806201848","152.255626518773","165.893946609818","179.783216252596","205.005749067112","221.876989618773","233.641500775443","247.640230763884","263.335995027759","298.286237043311","293.697827436375","294.559815549904","337.070884324097","374.590173884628","430.625749953096","512.669435615588","607.998671686414","718.804500742385",
"Belgium","BEL","GDP deflator (base year varies by country)","NY.GDP.DEFL.ZS","13.8467244168067","14.0288737632284","14.2628322082428","14.6943964989291","15.3765730255848","16.160887821013","16.821224125829","17.3583982548228","17.8132385358044","18.530012263381","19.3724228590579","20.4104394546988","21.6999341351197","23.1770457414948","25.9973073967826","29.3482883523935","31.5714983758461","33.9324340523504","35.4333504436754","37.0297083757738","38.5577751933424","40.5393352131702","43.6083316351542","46.0560018960869","48.5608577802077","50.8081290232399","52.2291210875135","53.1087173338197","54.2606401291073","56.8637712078556","58.4630100764858","60.1447712559087","62.2044438367346","64.6884113933167","66.043183927621","66.849419046878","67.1680490284182","67.6769214182886","68.8989090443816","69.3115601362617","70.707905341972","72.1099144997902","73.2925157149708","74.6485124728231","76.078022984393","77.6627839983968","79.4216256406949","80.9557959960184","82.5011363918889","83.1461477452248","84.5622134834913","86.5008205972889","88.4088007042897","89.6575658680975","90.4110442322977","91.4253101520778","93.158084122665","95.0055611847091","96.6370749338723","98.428958972066","100","102.69731875411","109.577038066672","115.612315481099","117.786109235879","120.797799650899",
"Benin","BEN","GDP deflator (base year varies by country)","NY.GDP.DEFL.ZS","5.68164477289672","5.74081544842967","5.95785048604438","6.10971854581118","6.08749921067279","6.21275684015805","6.28337510991029","6.29223921986982","6.49821724084263","6.72267836992249","7.06197510271352","7.17308001103168","7.55448889192222","7.91882224507885","9.10036674036481","10.3968901439045","11.8561383841403","12.4699172483642","14.0080140732156","15.8297122937028","17.4424148661172","18.7451798086576","21.7722046833348","22.8055591832716","23.2510842447296","22.1171331126069","21.3199934649518","21.9656609076144","21.8315590304995","22.3172969097895","22.8030545081928","22.9755870134883","23.6706294147492","24.2335931600417","32.7226481755414","37.6635886998388","40.2651233760661","41.7418504698559","43.9256191007567","65.160380574224","67.9890289655435","69.3286070003708","71.7926935395801","73.9907733987081","74.560288523362","77.7616568908371","79.3902325471868","79.6999761102808","84.8279938811868","86.9823637072546","87.7485788849948","91.0243062015658","98.0321838636733","99.4019859949445","99.1556851160345","100","100.683591111275","100.313178470008","100.985725781806","100.584253198484","103.479100482781","105.154142621048","109.506466778314","113.213936766617","114.992584483915","116.775579552695",
"Burkina Faso","BFA","GDP deflator (base year varies by country)","NY.GDP.DEFL.ZS","11.7455963346818","11.9688341065262","12.2094521447151","12.8379367161723","13.0705879340097","12.9848354639627","13.2838914096829","12.6979378431774","12.6644306904298","13.5399423117567","13.7814173283241","14.246881298102","15.2864256863255","15.6957746072306","17.4246185659956","18.8492825565751","20.1169921245816","23.8712204333708","27.3402638879579","29.4600982236469","32.021467729847","36.371462241459","39.6618125454374","41.807245698906","44.5251703988519","44.862255641653","42.0154418644702","42.5353086609605","43.9851487317312","46.1103441561765","46.9449484954342","45.0822758670813","45.1846395113511","44.5331494029402","51.052340169836","54.5083635831275","54.6984370547377","55.5496540500467","59.9604721355856","70.3880926179316","69.8110699090614","72.5766723855375","74.7953311654444","75.9058389994757","75.9746465721331","78.815631411687","78.2932202663939","80.2445607023743","87.5948023246529","89.7018995608139","93.0922893561271","99.3648522881927","105.151860776668","102.91299766421","102.27453888171","100","102.604299192266","104.057481090869","105.175023984024","105.71446722428","112.549537364313","112.676564275786","117.907668818182","120.187138639348","131.876125844029","143.532440087718",
"Bangladesh","BGD","GDP deflator (base year varies by country)","NY.GDP.DEFL.ZS","0.928434133086633","0.986530727934622","0.986749969549731","1.03770632037527","0.946977325845928","1.02208877333768","1.08644141255881","1.24714742922727","1.17519220594159","1.31419060017962","1.32089703372856","1.36003858022981","1.4199077458067","2.29181321892441","3.31264909285842","5.98164239748738","4.92705376222713","4.76888765377568","5.99062352558076","6.74331577728854","7.92710938608682","8.7114723105264","9.57005868424825","10.3823419027849","11.200010127928","13.2714649594592","14.3669454126145","15.9644967526941","17.1611691352872","18.5920628271483","19.8066330770164","20.3472614640624","20.8726606972626","20.9051214777779","21.7342638166172","23.2871636439506","27.7450750082451","28.799452282876","30.1634555596388","31.3039471970264","32.3828876197451","33.4389454404633","34.7406792581351","36.7611334660219","38.438226509463","40.2011422263372","42.5633355388855","45.3177196909814","48.8801302704374","52.1865556504249","55.9151091976241","60.3097297242588","65.233762041541","69.9142540901747","73.877545303475","78.216208822529","100","105.047597582037","111.146176583513","115.212056606306","119.63742472873","124.567892016512","130.857352138425","139.882746030917","149.510672059186","159.265363627088",
"Bulgaria","BGR","GDP deflator (base year varies by country)","NY.GDP.DEFL.ZS","","","","","","","","","","","","","","","","","","","","","0.0388094362203883","0.0399032960930627","0.0406681809826999","0.0404062349500493","0.0415119209741416","0.0416080392374421","0.0421682128344706","0.0421939793933343","0.0399212091151737","0.0426057423571067","0.0537654238212961","0.175562488127283","0.280158842002115","0.423294695092619","0.731051799310596","1.72436616012211","2.81014130241231","28.4727302614572","38.1395115307963","39.4054120395543","42.3138745953118","44.9025154378922","46.6305321986454","47.6514704275293","50.3111625726314","53.6288104944617","57.2522325387907","63.5794130869451","68.7315471077579","71.4382166381439","71.9840981365783","76.3843625114629","77.2338874722356","77.2894629993585","78.3257493549063","80.6345886803471","83.314526719667","87.3245565507748","91.0229979475665","95.831418422529","99.9999967666607","106.966096110398","123.993452466352","133.909322927314","143.556466309856","154.198572659725",
"Bahrain","BHR","GDP deflator (base year varies by country)","NY.GDP.DEFL.ZS","","","","","","","","","","","12.8956301875887","13.6435314198548","14.3545503823984","16.361330837854","20.4001934771092","23.6450073239982","26.0857329090088","29.0327954646378","31.2645816635844","35.4891231681624","44.0626144979442","52.3956326132809","59.5864061636457","57.387687357218","57.1475313133156","56.104591991335","46.3465164956915","46.6519624983194","47.5893999619817","49.4809170015295","51.8692102217109","50.8927601196904","49.0948956776665","47.6093750421587","51.0997075144914","51.657036362708","51.7586559843575","52.2409001294063","48.5540446837078","49.8438523619182","56.9827501285044","55.0659481235222","56.9460920768782","61.8449259567512","68.6423533562849","78.0703588656284","84.9736814228077","92.1417483572187","102.613742588438","89.280173406699","100","109.485963250689","112.698223664654","113.26152201986","111.630061337122","101.854981446854","102.218856104903","106.937109038469","111.442063094942","111.625722066045","105.119227879829","114.799029630654","122.989812737141","117.720471416255","116.928494599429","117.195144187623",
"Bahamas, The","BHS","GDP deflator (base year varies by country)","NY.GDP.DEFL.ZS","7.66095352856035","7.74986665323239","7.8343117223479","7.93958639647624","8.05910107402944","8.22122824639126","8.53127695145056","8.93336222262966","9.39463466547266","10.2331408326625","10.8620027083074","11.3597595849802","12.1307077199799","12.8040861534142","14.4984133557948","16.043419125919","16.4268031404278","16.7107737853325","17.0864125572517","18.5480007821378","20.4040742956405","24.0132138226291","24.9005038861423","26.3887987922636","27.2257025144285","29.5291949193797","30.9053696875866","32.9409047801528","33.4298501355158","34.0359905934993","35.7628784083296","36.6771706598951","38.1096215603033","37.7849337782375","38.6099173938507","38.9197370147175","39.3028020512905","68.0840357818682","70.1598644694286","73.6334365087731","74.3128576949265","74.5752940754555","77.5288294501235","78.4241936624699","79.3613608876269","83.3738779592632","84.0643758371505","86.5425648966951","87.8308467674644","86.9205851619645","86.579364875179","85.8359898399277","87.4242609582059","87.9434827140387","91.8203999538388","96.6145408246548","98.1025043969382","99.4240754053838","100","104.447084182289","102.020082693444","100.775258698637","104.931401345545","111.898969767135","112.221710316476","",
"Bosnia and Herzegovina","BIH","GDP deflator (base year varies by country)","NY.GDP.DEFL.ZS","","","","","","","","","","","","","","","","","","","","","","","","","","","","","","","0.0125862528196428","0.0186871126922275","0.273210966117407","20.8864690732963","31.1455412434159","35.3135765995439","35.8925899152637","39.894360250685","38.9210594701036","42.20339850687","55.0047835994524","57.6043734817237","60.4891250965233","61.3425439186592","62.6687492755045","66.5473267890025","71.7381034241635","76.1826896139503","81.7724959162025","81.9241561959256","83.0762523283707","85.0971049615607","85.7742857156689","85.5820481346043","86.4381592136527","87.644393459972","88.8129627351262","90.392684568538","92.9147826915436","95.2125373162698","95.2717104928318","100","111.80883818572","119.961075849658","125.13184751809","128.902845419868",
"Belarus","BLR","GDP deflator (base year varies by country)","NY.GDP.DEFL.ZS","","","","","","","","","","","","","","","","","","","","","","","","","","","","","","","4.34877121285124E-07","9.14880160777868E-07","1.03452526799293E-05","0.000119871942787188","0.00245227859716803","0.0186742014684614","0.0287049231918672","0.0492718786116814","0.0870045032076954","0.362629057503249","1.03454719827044","1.85736988915566","2.69121267442549","3.51701993896028","4.31450851274525","5.13306399726354","5.68479732130531","6.41658435289346","7.77776879229329","8.49788610991551","9.46157272745823","16.1567037362329","28.3132769130355","34.3335290477015","40.5796901235581","47.0815684534983","51.009073845337","55.4076614755516","62.1337249330772","67.4629277424506","75.4758134042467","87.0436695859585","100","108.046762151289","121.192639064981","134.422114804426",
"Belize","BLZ","GDP deflator (base year varies by country)","NY.GDP.DEFL.ZS","14.0803775509456","14.3286184153931","14.5230526815449","14.6592294370987","14.9723756606914","15.8124178990908","16.7254164258624","17.2476581314316","17.5373080800306","17.5751767953775","18.8704044703933","19.8259835649008","19.5810860609925","22.4548592926556","27.3299491196711","31.9425042815138","32.3122338000317","33.036834135307","35.4647711996271","36.7363372633894","55.5639503507825","55.6563500533618","53.1089743589744","57.2442406376242","62.1734475374732","60.9073563705745","63.1653655074521","67.9608094496841","70.3002502085071","72.4870848708487","72.4798894157472","70.763930636222","73.1902359669547","74.5590207298428","76.5152480204216","80.5606293369759","82.770291513627","81.5159969050825","83.5067688969112","82.120193824785","83.295116516131","81.6970265379639","82.2649410705939","78.8963587843011","80.5871353199206","83.009534986758","85.6845049728874","88.9488375017321","92.1302112061309","89.8584798189387","91.803186100832","96.2633994788224","96.9344463977123","98.8852622223259","100","99.8103049327385","101.946126125187","105.075184043313","105.133064266698","105.043549821333","104.436626021199","104.999395474648","112.650549080557","120.19204383039","121.877142736763","123.166465232489",
"Bermuda","BMU","GDP deflator (base year varies by country)","NY.GDP.DEFL.ZS","4.55855907196653","4.60136560772072","4.6462999900792","4.70534523721269","4.72703937484398","4.79610723349539","4.92121901628216","5.09249395333116","5.54988213509964","5.89847373522411","6.26827969190629","6.86666293134515","7.52076550208148","8.48434174560088","9.75563107852354","10.3757991974745","10.6646250512393","11.6531399290776","12.2263241159896","13.0106872406251","14.2927716879285","16.8239345549129","18.8779000779874","20.9539746871891","23.1115116887764","24.8712425681425","26.3225135738486","28.0303588394436","29.401888214068","31.0591883086226","32.9331668978271","35.0509642177443","36.0372566755806","37.9098622979926","38.652731816184","40.2678221127342","52.0923463083582","54.1884918471626","55.6740970449702","57.1840627376769","54.7615421805863","54.0117494771894","58.646196471464","60.3027987605569","63.1322920690708","67.4015342392513","80.5981896890988","85.8974358974359","90.2858621135688","91.2280701754386","93.2681323532099","92.1943774011801","98.3697445916743","100","103.011890877215","106.052822570235","110.690728681653","110.58575652825","112.367422425256","115.085022396998","114.775646051748","115.960562156137","116.285601582634","123.427803352527","129.479032196057","",
"Bolivia","BOL","GDP deflator (base year varies by country)","NY.GDP.DEFL.ZS","1.07022615301758E-05","1.14030641634263E-05","1.1809180992755E-05","1.1906513994878E-05","1.29049874782777E-05","1.3665223539423E-05","1.41183454655792E-05","1.49982655041154E-05","1.56864585525446E-05","1.62698392428846E-05","1.69142161741028E-05","1.73436059229278E-05","2.0635031888661E-05","2.94966450338155E-05","4.76506385255546E-05","5.08409810785956E-05","5.52127568132417E-05","6.21367779693238E-05","7.09004315768876E-05","8.49367131269522E-05","0.000106212270680087","0.000137530120778848","0.000355217380213938","0.00129724558921923","0.0200216512746909","2.49042515673314","8.22102349978886","9.41999350103396","11.0706907168624","12.5305186325473","14.5689761338617","17.1461464631216","19.4093013764061","20.6819999644721","22.3266755694302","24.8780076832607","27.7589324329276","29.3425915665662","31.4115748940359","32.1690857335863","33.8404000872288","34.4732472569027","35.4456539192606","37.6893610915658","40.6923398986812","43.1097894595032","49.0001729477962","52.6131291005763","58.0749936618118","56.6696401790241","61.6438224454358","70.6452717594973","75.661280668317","80.1974683005828","81.8411136010236","78.0595612536299","77.0019552183612","100","102.475118360273","102.293996478295","101.092002918913","103.959121577863","106.65270527767","106.85442544597","113.315147319101","135.880558351068",
"Brazil","BRA","GDP deflator (base year varies by country)","NY.GDP.DEFL.ZS","2.69146380399792E-13","3.62318949375041E-13","5.44382244916524E-13","9.71272829570792E-13","1.84088899420912E-12","2.92578349608475E-12","4.03571158917942E-12","5.10634317312163E-12","6.47007976087584E-12","7.76744619410984E-12","9.03005323678888E-12","1.07804915922626E-11","1.29222617399706E-11","1.6744712855966E-11","2.25393639064755E-11","3.01868431251478E-11","4.26249164687864E-11","6.19758000086914E-11","8.56676678909777E-11","1.32241717973345E-10","2.54091808500853E-10","5.0952745044546E-10","1.02432542606633E-09","2.37114993080777E-09","7.15471449102521E-09","2.49373036870318E-08","6.21386033271774E-08","1.90273814825731E-07","1.38510103243767E-06","1.94526942246867E-05","0.000551867231174729","0.00285137709106891","0.0304815907229757","0.638939939283196","14.9522735330268","29.0041275916166","34.3572000829297","37.0126761209934","38.8353141254346","41.94621730641","44.2977495727329","47.9412812572841","52.638621802997","60.0559413306886","64.7115143945629","69.5203724731906","74.2298730512623","79.0095628628512","85.9454589990674","92.231065311305","99.9999999948531","108.318592216345","116.922475490135","125.696998117803","135.560076726606","145.816789370943","157.633205095614","163.420526158681","170.763883601096","177.977392089648","189.496978121955","214.221162129305","232.580519745323","244.580514158963","254.558602990775","269.138314071603",
"Barbados","BRB","GDP deflator (base year varies by country)","NY.GDP.DEFL.ZS","2.97958142208392","2.95133501196004","2.8145193656149","3.33618307721405","3.15678141695873","2.99751460654219","3.10642830106028","3.15760223480611","3.40304398305529","3.55927470552395","3.8206691479732","4.08095071189242","4.48469154528378","5.5060412215875","7.23611614202148","9.36069255126061","9.64347744069521","10.5837488697691","11.2947128535703","12.6928100722612","18.363716709204","20.604143224833","22.6327791763897","23.9147651204851","25.1543255337945","26.0383308487019","27.203154318271","29.1992592672249","30.0043865360962","32.0517591799837","33.2467475953314","34.741283100903","35.4786298769531","37.3218743847511","38.146629224726","38.5342557737628","39.5124161201648","39.8747043945328","43.3451023522758","45.2667739797495","44.667967427467","45.6754039325543","46.0900709034873","46.6043770621838","49.3205477062215","52.6091062347824","54.7641696698134","59.4806031072754","60.5553792492977","59.4473944824491","78.6001324899979","80.6070265458606","81.8350667442731","84.2592491005085","83.9512924282878","84.8240087808538","83.3372586558571","85.2496607093211","87.711870606177","89.9156226899672","95.3866357550181","97.2222681185238","97.0696581468579","100","101.756124772127","104.544894162045",
"Brunei Darussalam","BRN","GDP deflator (base year varies by country)","NY.GDP.DEFL.ZS","","","","","","","","","","","","","","","39.6482784217001","41.7926208713825","44.0843941009578","47.7097667679641","46.2905538583861","52.4789384603866","102.214522857422","112.749314439314","106.454036183168","92.9190821768497","92.5104763193392","89.7119134475268","56.4468609699582","62.7687785876406","56.1734112128909","61.498248325504","67.4854532536819","65.0334331351195","63.7353843202715","62.369976533215","60.8688908996742","66.3507973579693","65.710250426982","66.1674977967458","56.9113330810096","62.8334231105903","64.3267980939843","61.1277922929511","61.0450348474451","64.8969584552878","75.6321827265251","91.1395153922581","100.202749562743","104.909160937159","121.716413662262","95.2561578661335","100","120.180768722547","121.64727715172","118.21257869718","116.030356433588","95.5942279758139","86.8287196494921","91.1313159866897","99.5296361093975","96.2115891186128","85.7593933357373","99.0228799644575","123.022784889333","107.217738031406","104.169853118561","99.23569250847",
"Bhutan","BTN","GDP deflator (base year varies by country)","NY.GDP.DEFL.ZS","","","","","","","","","","","5.26932095600125","5.50425069721387","5.82888775460524","6.58767470149137","7.7188001634001","7.71286719425189","7.71607748033773","7.71690768430855","6.49161221824635","6.88151039103982","7.74288128030428","8.0109828241786","8.59475509430309","9.20999855586641","10.1460741653649","10.8064430445757","11.5829332960374","11.710481393308","13.4629399248478","14.2179302029575","15.1002029716552","16.4503550691336","17.9182678753842","19.4437307943729","21.8433311983573","23.6529163232957","25.5717905696424","28.8723095704884","31.9605689198154","33.9326188269023","39.5407124794324","41.6511310393365","43.8024922815006","45.3900287943288","47.3626256692224","50.4313460489451","53.7472695126578","56.2670371315592","59.4214689780575","62.0503338510645","67.2172418292537","73.1862713182864","79.5072184104939","84.408147983312","89.2381753534339","92.1025220260651","95.8316730077006","100","101.150862763706","104.294640048926","109.809088057224","118.185340042237","125.034009329618","130.539998976161","136.631489922458","140.943976068872",
"Botswana","BWA","GDP deflator (base year varies by country)","NY.GDP.DEFL.ZS","0.941399754945482","0.959605922987791","0.972663619571896","0.984110185415485","1.00918038136867","1.04799624045407","1.10866203894387","1.19271581777465","1.21855182486442","1.23785801452056","1.31186451185394","1.37305223450491","1.52100440960073","1.67168442007458","1.88560860727246","2.19611709146688","2.44461937725925","2.56531960631777","2.88513316232507","3.51571830294702","3.87397993095923","3.87055832195102","4.01359164533614","4.36459971656391","5.03792586301239","6.19129145262927","7.06186441429776","7.95830241393755","9.76460305337384","11.0973519744721","11.7964871778381","12.4072750666568","13.2310289046051","14.9596232025943","16.3753727265814","17.5470789283699","20.3742985808656","21.3911000551717","23.5232089287947","26.8717867644095","30.6797787760939","33.2301350959883","33.6246999824029","34.7205573246635","38.2199689167591","44.1332503584417","46.4080538912351","49.206087186155","53.8180410074658","61.9493731678004","66.710487438095","75.1516638065958","77.4150790276148","78.6011129218341","86.1480364123136","89.3616216596857","100.000043304224","97.3501089473442","97.4052304152398","97.900052980369","102.186965914124","110.751811292462","126.941153033377","129.164283749703","131.663190570268","136.439514715271",
"Central African Republic","CAF","GDP deflator (base year varies by country)","NY.GDP.DEFL.ZS","7.29868976591114","7.63698538857588","8.0103382726036","8.38477958874905","9.01715723795186","9.471544298079","9.89543483805152","9.81880288570475","11.4067390677559","10.9672730332163","11.4598000714735","12.0257157444262","12.5842184952652","12.8610071556693","13.5530579127557","16.1723511886375","20.3766169930045","22.6939401846356","24.7882263313849","27.4967450920353","32.5191298428693","37.0304261441088","44.7750561372203","49.7463774972253","50.4524781091997","67.6795652287513","65.3588077412064","63.8533648700526","65.5289128839136","67.138437187661","68.3715320082759","68.105009105393","70.0001311133962","67.5970123898827","84.0991801426164","92.4232966901621","89.148697020526","89.8827304541177","89.5104774452601","93.1667257824233","101.09204748249","101.522637610077","99.1146407414101","100.439227266731","95.9799405779417","100","103.334045938691","105.233565076799","112.681018902264","113.482889023764","118.262004495585","123.003264324647","130.606140591353","133.854951069298","149.775395659037","153.831707444311","158.416067824217","168.623933947484","166.559779438768","170.437019697284","173.815355075019","179.352706374979","190.147548994583","196.944946804939","208.839257384518","213.730516017459",
"Canada","CAN","GDP deflator (base year varies by country)","NY.GDP.DEFL.ZS","10.3269128581452","10.5793467075555","10.7179228529062","10.9518122144878","11.2619477327929","11.6870899053064","12.2622004216544","12.8083758595297","13.3290534859824","13.9724179411811","14.6321974760281","15.3537754938751","16.2482932475865","17.8615548387094","20.6425060631375","22.9127140829182","24.9252354446003","26.5995969096825","28.4154435507993","31.2768930831732","34.422062943349","38.1640707527379","41.5328432110962","43.951913275296","45.5101801117692","47.0294870793584","48.5026288552859","50.8266815469036","53.1342119641218","55.6215589430475","57.4861614312212","59.2433810995941","60.1147628707663","60.8896679692405","61.7759967717593","63.1741888232194","64.232530218806","64.9675044527061","64.8528748031669","66.100817514872","68.9919934810995","70.0777044542628","70.9590669227928","73.2650440182869","75.6540607830062","78.0125244491875","80.0185096230125","82.6579001279841","85.9613788457203","83.9628014231332","86.3547436481875","89.1566157755979","90.2421354173179","91.812690498657","93.5957401942571","92.7836557148371","93.4488926316027","95.8516065823406","97.4340894997812","98.9406147654841","100","107.784831962793","116.281053016744","118.077325120345","121.303476324056","124.400254808376",
"Central Europe and the Baltics","CEB","GDP deflator (base year varies by country)","NY.GDP.DEFL.ZS","","","","","","","","","","","","","","","","","","","","","","","","","","","","","","","","","","","","","","","","","","","","","","","","","","","","","","","","","","","","","","","","","","",
"Switzerland","CHE","GDP deflator (base year varies by country)","NY.GDP.DEFL.ZS","24.6566938198627","26.2466536402275","27.9175013773786","29.1461703828173","30.244409751372","30.87370209754","32.4746506886738","33.8192933233228","34.8443215628974","35.9536827732436","37.6140526052819","42.3295169312583","46.8929350406982","50.2624306512039","52.8390069325903","51.178604684343","51.2949588736428","53.5333990631144","54.7356227110018","55.0990253168034","58.2051859189973","62.2021553135461","65.0857576937108","65.8014096493667","67.4754395933938","70.0297814363521","71.5698205161877","71.8882855394836","74.4118635141859","78.2422649931556","84.2161540249265","88.9781775468862","91.8935715057261","95.8896148462104","94.4638581202192","91.8573697504083","92.0717773732592","91.630536880352","91.4591163238049","91.6816206956754","93.0052358209331","94.0206262337928","93.5913526468611","94.6942559681656","95.1029081581182","96.0072335389315","98.0486483779483","100.47082616688","101.829547441849","102.313356335665","102.774751647306","102.883893590977","103.09208989467","103.061357930943","102.437842733836","101.060065148007","100.444278800262","100.10773985415","100.857772029829","100.766660672356","100","101.934798216661","105.045131988788","106.026219577388","107.05028769202","107.35787572842",
"Channel Islands","CHI","GDP deflator (base year varies by country)","NY.GDP.DEFL.ZS","","","","","","","","","","","","","","","","","","","","","","","","","","","","","","","","","","","","","","","","","","","","","","","","","","63.8186339188363","65.2957707722257","67.4912410193972","71.1726563297187","72.6232733854765","73.9150778810635","76.1577732242536","77.2213204736346","79.586073902732","83.0156862616014","85.4686059003093","87.8902305028138","88.0808122374597","94.5620823063341","100.001844482718","","",
"Chile","CHL","GDP deflator (base year varies by country)","NY.GDP.DEFL.ZS","2.4198789463135E-05","2.57241113388137E-05","2.90593414156479E-05","4.16893468600326E-05","6.15569928630398E-05","8.53076254690344E-05","0.000109555902490476","0.000137039340525951","0.000183073996397574","0.000255791934875784","0.000360480402192444","0.00042301974662341","0.000796986805840469","0.00412560060655069","0.032439995145555","0.144283343479615","0.498718713568636","1.00394286738948","1.56708919510474","2.31065898666439","2.97427585794444","3.31393966074787","3.55156754016634","4.66510873103018","5.41750957398809","7.68518100008873","9.36592580833432","11.7564862588664","14.1559719849075","16.0467126120625","19.6658400074984","23.9170604570319","27.1259723199397","30.4075043436225","34.6039207298806","38.4325547292746","39.6810975557656","41.0027084543703","41.3221155377291","42.2261475049747","44.1516781939175","46.0401103652359","47.5781540876278","49.6241578683936","53.110136707574","56.8917459252081","63.9178173345423","67.1704397811562","67.3794288488586","69.7901267133679","75.971746352399","78.4488164363178","79.0477470111836","80.8348352428658","85.5660105453844","89.8052634772631","93.9009726474457","98.4346917898808","100","102.566359255182","112.493412217237","120.236335723061","129.311197034701","137.791840050804","147.613384260837","157.655838055423",
"China","CHN","GDP deflator (base year varies by country)","NY.GDP.DEFL.ZS","13.191692699082","15.2029385493306","15.1860850834633","14.7869577981703","14.730807087135","14.8580511734686","14.6245241136303","14.7440283439946","14.9466940166403","14.3782807933519","14.0001044588827","14.0928347159038","14.1035566186157","14.1328174790369","14.1719985862528","14.0115178967086","13.9979366345923","14.1508798515652","14.3877431989897","14.905045930209","15.4651291878362","15.8298828189129","15.808368709265","15.991243624895","16.7815690498354","18.4943688202968","19.3584466254496","20.3413336173306","22.8033370284328","24.7658022878774","26.184495206717","27.9422471507465","30.2340783842129","34.8259355774401","42.0104804734241","47.7452535779462","50.8528262230118","51.6908010528815","51.2622829621704","50.6350561819565","51.7044059777808","52.842567183393","53.1857599935978","54.5934612843301","58.4048647111259","60.5968673141994","63.032191980649","68.019876896713","73.3649005771448","73.3024872499616","78.3844659620355","84.6672598000845","86.7023402222195","88.6949971691171","89.6634855698566","89.7841730948422","91.1122745445833","94.8898339756055","98.1795156990859","99.4721279847305","100","104.473573585036","106.494724224688","105.955009582089","105.145443254183","104.175649786461",
"Cote d'Ivoire","CIV","GDP deflator (base year varies by country)","NY.GDP.DEFL.ZS","4.12414369012187","4.24745820383184","4.37508666957138","4.50694815728575","4.63792809089007","4.78072376568463","4.78271270090255","4.84143254380278","5.12193546149916","5.21689193716499","5.3729212615224","5.32235702882457","5.45603422234133","6.17775673617317","7.82685770397758","8.16450471853724","9.65232022919024","12.4274869870358","12.9784353435802","13.8274063411093","17.1658506806723","17.676876537696","19.1442901990049","20.8762323814242","24.6151438670624","24.6997355479654","24.2007008964512","23.2144722877239","23.1260423235453","22.8919127623557","21.8564489289281","22.0014641217509","21.9962196025479","23.3499096935415","34.1810150170952","37.9558944846567","59.3189052191571","61.6450807838509","64.9661240652394","64.4620441585202","65.4940926292252","69.9974460025683","73.2048251214139","75.6045676418867","73.7119150123269","74.6076142463677","75.6219333066226","77.9575541086092","82.1461616374003","83.1383059711316","84.3988638681401","89.2174655047789","88.8569391891795","91.4131137966907","95.4419935384241","100","98.820167564343","97.790780362221","99.4355982794369","101.407756696452","103.261878975611","107.321000353731","110.540631038999","114.854409212636","116.78293315608","120.534385021034",
"Cameroon","CMR","GDP deflator (base year varies by country)","NY.GDP.DEFL.ZS","5.24217129097028","5.50765838710012","5.67894430857551","5.66394513621052","5.91435003828746","6.07713848437016","6.08858639814444","7.52726974703598","7.96014270025878","8.38218639376003","9.04303825062756","9.35413004185371","10.1002513231037","10.7597505703438","11.9063195827646","12.6195167964726","15.1023365002491","15.9910748468871","16.53633957792","18.6617167328658","21.3202452378007","23.1964681429764","26.0918400354157","29.421960347119","33.4092808423769","37.1468198151485","37.2134001716831","36.3231405957187","36.6187741522438","35.9526481970043","36.5433855954016","37.847514341309","37.3639476152394","58.196358355869","61.6197430431349","65.7079135449621","65.9776833506385","70.0444230905132","70.7910054976362","72.3397629754093","73.4476919895373","75.261379119333","77.3495007014633","78.8600702769947","78.9700704815515","80.0418064431405","81.8825078377419","82.2843118827204","86.3495986015222","89.4612194986081","90.0768800552929","92.409010336673","94.2038570193561","97.0803333293012","99.0357376646821","99.3425421379959","100","101.025141160663","102.941579625263","104.145761213872","104.880584583365","107.944187712518","115.317914255699","119.438012795172","125.91839279313","129.485367682587",
"Congo, Dem. Rep.","COD","GDP deflator (base year varies by country)","NY.GDP.DEFL.ZS","9.93362032390437E-15","1.0539519326149E-14","1.2778194592582E-14","2.4003736483244E-14","2.48553836660743E-14","3.45370829137621E-14","3.62548954580922E-14","5.74909866933209E-14","9.19181905652333E-14","1.08216261770911E-13","1.05146221723312E-13","1.13772098938174E-13","1.25355689667102E-13","1.47778123913723E-13","1.74730375465946E-13","1.96161786348579E-13","3.08749683947553E-13","4.23825781604293E-13","5.44252904394452E-13","1.09813928245477E-12","1.66266582892125E-12","2.21517337683206E-12","3.17844780108234E-12","5.66448577954202E-12","1.07400475226736E-11","1.35121514575765E-11","1.73567985712862E-11","3.01604572342336E-11","5.77832695420453E-11","1.21496401500403E-10","2.53873178888229E-10","6.19056969320637E-09","2.44856076100427E-07","4.3036922258662E-06","0.00115622385300063","0.00654893698560443","0.0483435209414665","0.141473849997776","0.179580363945326","0.973150467132609","26.5682015596121","45.9788529327337","60.5630973628708","68.6879115396222","73.0602118801944","100","115.438180168475","139.21964863182","173.449224357764","204.533889082879","273.540309310109","304.501061414426","318.916490099102","315.253956593843","324.937664560851","320.320683576995","334.433710019074","452.230519767568","587.171618903769","595.374187590686","661.526479473467","845.378239538694","929.823721349793","1034.76388211992","1220.95179059367","1316.21359576355",
"Congo, Rep.","COG","GDP deflator (base year varies by country)","NY.GDP.DEFL.ZS","5.78101165003213","6.14486601981866","6.40625755409009","6.904273429481","7.17049829208361","7.38744067177296","8.12820581675007","8.57656190148286","8.4869598324114","8.74130497333312","9.06564717933772","9.8192761175736","10.5486297636296","11.3754924070342","12.2984704301986","13.3198343617831","14.4754300693206","16.5779184629516","16.4405964221374","19.252201110627","23.1303661458283","29.5580929503377","31.3448022758454","33.3315522987601","37.3684681296171","38.3021343103668","27.128381944705","29.1973338476216","27.379404780376","30.8686526021967","30.5509930926102","30.0986441836552","29.6263156678462","29.291292813862","40.0566705934912","41.4169668910555","48.8686761082662","51.2947701746343","41.9477911617752","54.2617086886388","79.7864615343304","68.6760306755359","67.4818042508163","64.6127904286055","75.4724160919586","100","111.380301762571","118.887464563135","138.229508022891","108.972910419036","141.030216630093","156.477715327107","174.259984097475","172.335174202108","161.19445775538","133.381986091124","128.710298982432","144.626198630877","176.78302585854","174.454145494735","150.031318950556","184.974690373882","218.752731353241","202.198175899763","203.120737873388","196.168505023278",
"Colombia","COL","GDP deflator (base year varies by country)","NY.GDP.DEFL.ZS","0.0318721661927025","0.0344950441180288","0.0367882870971908","0.045330755278338","0.0527377460247212","0.0572755545451305","0.065939826607765","0.0730152910198645","0.0792014209872596","0.0858897097930091","0.096098392566238","0.106484130800853","0.120297583182003","0.144550898486118","0.181233796828033","0.222567722049127","0.279228029338937","0.360630865951267","0.422298496505571","0.523821696711342","0.668479961405661","0.820665289186966","1.02391500772126","1.2328200422704","1.50626232244403","1.88107322853544","2.42976209348346","2.99776603558307","3.82964779655164","4.7750276104144","7.2740909869111","9.23851556238798","11.3323682933526","14.1475074337","17.2735941905003","20.5298320481986","23.9928818828295","28.0332479065523","32.1746123497846","36.235994629849","48.4386000792737","51.5960451787335","54.6753954825322","58.409186355082","62.6631469099713","65.641649169763","69.4538935451873","73.0669085713019","78.6765349266072","81.8741266960053","84.9893228316444","90.4174237688204","93.6875101031044","95.4747646532672","97.6092294031774","100","105.148334305146","110.546372091236","115.665309926839","120.294953383022","122.077393324367","131.602009615523","151.243657823175","161.819985461486","172.107806205989","181.44072515808",
"Comoros","COM","GDP deflator (base year varies by country)","NY.GDP.DEFL.ZS","","","","","","","","","","","","","","","","","","","","","34.0450464765234","36.3271686315869","40.0752904837172","43.7498902770869","46.4194825988034","47.1342209978574","47.8716511103614","49.3938233458014","50.0769630577323","52.8828160858666","51.374224076763","56.5930681516573","53.9000839630563","55.0952734021406","62.0996129374588","65.9434199196326","67.8792632461526","68.5694795831139","69.5031940607735","72.1825747068466","76.7782995236357","82.4606623466063","85.6126908341836","89.8352717204492","90.2270404144394","89.8595749107174","95.2062819834127","100","103.144289798654","104.161334887082","105.906279533773","109.131897468238","113.79215696581","115.785937140499","116.75289617129","116.142445678117","118.13427330883","118.609756832663","120.787038101417","125.87109253526","126.714011478288","127.164925058016","137.313274213299","148.482996303996","157.705874605328","164.495059970621",
"Cabo Verde","CPV","GDP deflator (base year varies by country)","NY.GDP.DEFL.ZS","","","","","","","","","","","","","","","","","","","","","30.5721825344306","33.5003785908528","39.3272162558204","43.4816718495106","47.2935334377305","49.0276254972717","57.7022773894625","61.7197321794159","65.0597620647763","67.3920628273796","68.9726158330157","72.278072467097","69.3032192469027","103.507190091374","73.3115942334853","72.1775376961978","71.7833501937699","71.1837500080402","70.9445793065688","76.3449362172236","70.3128438113478","73.9377064547374","73.6691581458157","77.2944908936911","72.3997809335827","71.1002894507051","74.3991800037571","88.2139298377997","91.4890869636204","93.2772944562676","93.8877154415753","96.4668493831041","97.1205159476917","98.5042504021875","98.405430958469","100","101.679924792992","102.998625643736","104.753898549544","105.481803212106","105.868035832555","107.297149639892","114.10321214003","117.821840310328","119.461149977826","121.54428968737",
"Costa Rica","CRI","GDP deflator (base year varies by country)","NY.GDP.DEFL.ZS","0.0918133436211838","0.0922872965825329","0.0952117018978614","0.0951490614449769","0.0972910349633258","0.097908346008785","0.0999146037583974","0.102190459298444","0.104226633496968","0.108987770272792","0.116962921438672","0.119820968579944","0.12750519413519","0.146427501923044","0.180417757074017","0.224693880044179","0.26199706749758","0.306376169504485","0.330605872284497","0.360856204530885","0.428803913721411","0.605051535602035","1.11433484493807","1.43672871632244","1.67658348257108","2.02104115807245","2.38583754138644","2.62786604575917","3.1229369154465","3.59913231263067","4.26669578561291","7.03043475530425","8.41745893424993","9.2958688392683","10.7525758678619","13.0360190081948","15.0012077771199","17.2033685776219","19.2691475288405","21.408198152514","23.433402238027","25.7113490134415","28.2276895110321","31.2334403368535","35.4032139171842","40.0103492751263","45.2054175391961","49.9595744087798","55.6668490933072","61.0672742651324","65.1153293573325","68.1062231618565","71.3301216653021","74.6043251347898","79.2349562143915","82.3688695919513","83.9822819203426","86.383237598349","88.2820585607208","90.5484689931872","91.2471069157662","93.4551031044433","100","98.8829230669269","99.4095535267289","98.8775105351206",
"Caribbean small states","CSS","GDP deflator (base year varies by country)","NY.GDP.DEFL.ZS","","","","","","","","","","","","","","","","","","","","","","","","","","","","","","","","","","","","","","","","","","","","","","","","","","","","","","","","","","","","","","","","","","",
"Cuba","CUB","GDP deflator (base year varies by country)","NY.GDP.DEFL.ZS","","","","","","","","","","","39.366410946952","44.0341582571388","47.0983428608674","48.6297661820384","54.3967123445108","56.7516582048385","57.0485794404977","54.6560051603428","59.7506089396578","61.5001151461029","64.818248430331","63.173843358469","61.7666146967607","62.7527828679459","64.3745593721839","62.9856556116026","60.5203586032577","60.8898265489506","61.6407323142753","62.0258907011991","65.2892431167553","60.4657760421747","62.7306555209882","74.634105937443","94.2494653357428","104.153828013694","101.371236781003","100.000102499885","101.299209006867","105.137533249709","106.968149700955","107.454789651477","112.325904128141","115.665926730179","116.366837446466","116.809125370809","128.917046748892","133.544879259308","133.084773658949","133.928764049792","135.538652788605","141.399028509356","145.519477935617","149.387138624789","154.560976544535","159.876403896507","166.796413080782","173.657735078635","175.450350637531","181.669614643511","211.747997948637","1062.09919351697","1211.77720356015","1618.39100649921","2139.81812084509","",
"Curacao","CUW","GDP deflator (base year varies by country)","NY.GDP.DEFL.ZS","","","","","","","","","","","","","","","","","","","","","","","","","","","","","","","","","","","","","","","","","77.7356705264218","79.1271379181484","79.451560159907","80.7386753215816","81.8528690967437","85.2088373461243","87.8758747717766","90.5121481725408","96.7574889764976","98.4991217751546","101.237397290218","100","103.184000591134","104.55872119242","106.125741385694","105.620065288966","105.570147134593","107.243960941468","110.016002476564","112.90491461006","115.93204433811","120.289351898696","126.30178814505","129.337517148602","133.645994703647","",
"Cayman Islands","CYM","GDP deflator (base year varies by country)","NY.GDP.DEFL.ZS","","","","","","","","","","","","","","","","","","","","","","","","","","","","","","","","","","","","","","","","","","","","","","","90.6507229083348","93.4362823185556","96.2839655850627","96.8716595920471","96.6717108313874","96.2265830498802","97.440397842482","98.7833246365555","99.6592644091987","100","101.000092332547","103.006760395777","105.749623895744","109.341211103746","109.493599579079","111.895010918686","116.256466883288","120.696421789606","123.596918596177","",
"Cyprus","CYP","GDP deflator (base year varies by country)","NY.GDP.DEFL.ZS","","","","","","","","","","","","","","","","15.2933903468924","16.5212575710219","17.9911349791864","19.9833013203273","22.6084486614279","25.8083000502794","29.0056522220998","32.0084914807923","33.6231931584571","36.3742158337005","38.4358004064305","40.0311432350222","41.5770854211611","42.9049297436812","44.9436621386878","47.3855074579413","49.2278587938768","52.2019022687195","54.7092289061681","57.5929423839127","65.4243452764078","67.1521846246288","68.65430210046","70.0038263510411","71.6152974895761","73.5800283153322","76.2732718500554","76.4993292401568","80.6208714124135","82.8051317707669","84.4774022215125","87.0844647288442","90.6880672227477","94.9818063718295","95.2315125422865","97.0231811151376","98.5913231527516","100.246448839241","99.3063988425191","97.9774153380607","97.2384388768362","96.6795682478731","97.6660805322782","98.6678938738185","100","98.7920714260483","101.789485258455","108.064633482285","114.116995340852","117.679731817419","118.98889479572",
"Czechia","CZE","GDP deflator (base year varies by country)","NY.GDP.DEFL.ZS","","","","","","","","","","","","","","","","","","","","","","","","","","","","","","","21.1394639803637","28.7903409315329","32.3480389661208","39.1439747194392","43.9751109896801","47.9800855862551","52.7348513326426","57.1400283390961","62.7612006810634","64.7163259743022","65.8549938733478","69.1046595716087","71.0397812015527","72.0432046088171","74.9660770997298","75.0543880150086","75.567189741234","78.2580401790307","79.843807224608","81.9558242984015","81.558235862026","81.3778833490047","82.4711057782036","83.5197982868971","85.7804419798355","86.8394328104214","88.1344118797827","89.6182609086851","92.1395450345647","95.6789178699505","100","104.034426374972","113.055356435532","122.775731690565","127.567030347472","132.047965633539",
"Germany","DEU","GDP deflator (base year varies by country)","NY.GDP.DEFL.ZS","20.2142457602718","21.2378941327771","22.0783341875903","22.7765549679784","23.4704579549507","24.3703473994351","25.2039122739836","25.6044163894285","26.1389945848931","27.2391817225523","29.3181944000917","31.5526326340885","32.9825528533606","35.0602932847185","37.6110313865776","39.7423070180415","41.0562649704589","42.3293040481432","43.8302342128849","45.7053532609871","48.196838648855","50.2091717363264","52.5092833222901","53.9837117213373","55.0575267220405","56.2273481621783","57.9139117237847","58.6550149555777","59.6465552856713","61.3638194057293","63.4481295981641","65.4055550007415","68.8791878284563","71.4861918428899","72.8756681477223","74.2134306204655","74.5579324773261","74.6664215615498","75.1833873723108","75.6152395467193","75.3557941623041","76.4359350824322","77.5819033845692","78.6072659148563","79.5154476261897","79.9404797445523","80.2893511490106","81.7671045196017","82.547782760842","84.1764527217182","84.7654858884764","85.8078762615756","87.0403658745051","88.7774294826186","90.4594991383741","92.0375107259777","93.191886466528","94.5679711473989","96.3372050564326","98.272900066236","100","102.696778400829","109.282886198775","116.595139509914","120.221571808551","123.838982011768",
"Djibouti","DJI","GDP deflator (base year varies by country)","NY.GDP.DEFL.ZS","","","","","","","","","","","","","","","","","","","","","","","","","","","","","","","","","","","","","","","","","","","","","","","","","","","","","","100","101.329738750883","103.092216347879","103.404361366269","103.985733289557","104.667899507809","105.138742989389","105.749304222523","109.295874394514","109.134380349225","111.804396305779","111.310284927126","116.412463059699",
"Dominica","DMA","GDP deflator (base year varies by country)","NY.GDP.DEFL.ZS","","","","","","","","","","","","","","","","","","17.6271995376636","19.8604823837549","23.4271807514434","27.341833191689","27.8224923726604","29.1342874733927","31.3075523305643","33.2417042752664","35.8791704485835","37.9032862618798","40.0614501606997","41.8637584571801","45.3834169534274","46.839478253183","50.4230373523588","52.6350376143625","54.0455003892479","58.1743232989872","58.6303696946144","60.5446246650624","61.4194148627071","62.9795351780253","64.5769426251077","63.4257096692138","71.83891841597","73.683138646844","69.2913169309878","70.7346065456851","69.1644744591464","70.516926895618","71.43027122859","71.9777625973997","78.2065254027818","78.9331023933777","80.7543563799888","79.0992005404797","82.891210845137","84.9996699234222","89.6461023433764","92.8423108437251","92.3292643693511","100","98.6541744412243","96.0882465736835","97.038148443735","97.2922172934896","99.324867205285","101.692153764564","103.690459768895",
"Denmark","DNK","GDP deflator (base year varies by country)","NY.GDP.DEFL.ZS","7.6769305968373","8.00754724309633","8.53892045323729","9.03191372909309","9.44837809150323","10.1510038691797","10.8445873245796","11.2895593773164","11.8916647449743","12.7087464844794","13.8212607285642","14.8258458873935","16.2683359855412","17.882483512639","20.210136449385","22.890410417853","25.014988900941","27.2089743933212","29.6124697110981","31.6840540429304","34.4020477154555","38.0213945233292","41.8500991490965","44.9274828253254","47.5818875297827","49.5877149035056","50.7953683117961","53.1872138725304","55.2378063073273","57.9069130281552","59.3443217772128","60.877487652088","61.8858490505652","62.2431642409306","63.2189793740526","64.0276264160189","65.3233171950214","66.6383857347993","67.4596139991477","68.5979579601807","70.6650741328015","72.4439589108133","74.1748834568037","75.2834535556671","76.8530303047804","79.0801913165055","80.7318219347411","82.6894180826353","86.2072399538841","86.7001291368113","89.4631406927186","90.0414128486929","92.2094683543948","92.9904007246024","93.937699968998","94.322001841369","94.724297380394","95.7668507562915","96.3347694410901","97.2507961543352","100","103.044354201347","113.759329142143","111.344780139553","112.965353464471","114.847035457264",
"Dominican Republic","DOM","GDP deflator (base year varies by country)","NY.GDP.DEFL.ZS","0.29958927569029","0.298337171091568","0.321130694607931","0.34422128609456","0.351471467284564","0.347756908256488","0.339554331151108","0.345619815779026","0.359557031232273","0.369734235141766","0.377541936365774","0.382012936821462","0.412678575448045","0.431275509376327","0.507650854386779","0.593681372997854","0.610703710772736","0.675293908423033","0.682371386090664","0.758188197665012","0.863458113314398","0.925991643157618","0.995552369097588","1.06122296816784","1.31787221329086","1.82350405585424","1.99468132468721","2.28237318995642","3.27602424891341","4.04945460329028","6.09277955488833","12.3659931960515","13.0526274807415","13.7028609913981","15.0927325829873","16.547262053785","17.1571956374482","18.7763162790406","19.999275401959","20.7628523390612","22.2615243049408","23.604014773024","25.2396476417936","33.6864693599618","48.8940481024623","51.7190572015843","55.155437222906","59.3660961757107","65.455636527644","67.6984608122665","71.3198622559518","77.001408898177","80.8349048026948","84.5764265459607","88.1419838596255","90.2407860944795","92.0594927059899","95.6567025976984","100","103.59545070494","109.246244170621","117.134952062319","128.322786290128","135.749052842527","141.547811724747","147.874979007043",
"Algeria","DZA","GDP deflator (base year varies by country)","NY.GDP.DEFL.ZS","1.21492447469365","1.25710325410628","1.28666125957575","1.29372930023004","1.31566037700077","1.33541280010593","1.35968812818352","1.37752779415206","1.42081049297287","1.44810546375509","1.5196483283102","1.78029786019228","1.69828913327989","1.86179381564661","2.77214751221301","2.93609292900381","3.25438280543448","3.64253627819903","4.00989047189788","4.57078745183349","5.75288627440602","6.57865554097007","6.70626792008738","7.16261576366963","7.76667536248563","8.15287534546476","8.34897998250678","9.08719849761623","9.91058623456791","11.497407214183","14.9764764794182","23.0321141323365","28.0821618545148","31.9081948389227","41.1863472015947","52.956185098743","65.6772690795561","70.275967192975","68.0755643258295","75.4660765346034","92.5802803061275","100","101.372855941978","110.438085305212","123.079384924921","138.293957976259","153.203683701065","164.074275263114","188.878830861548","174.951381516901","202.16842469251","236.352494025935","255.266476001059","257.545375105847","261.280722215468","248.251319397203","250.378059216532","262.741746047584","278.938929619091","281.40194036449","268.144014603634","310.866326775622","382.11783887659","385.94486901658","398.970421296009","402.099282125589",
"East Asia & Pacific (excluding high income)","EAP","GDP deflator (base year varies by country)","NY.GDP.DEFL.ZS","","","","","","","","","","","","","","","","","","","","","","","","","","","","","","","","","","","","","","","","","","","","","","","","","","","","","","","","","","","","","","","","","","",
"Early-demographic dividend","EAR","GDP deflator (base year varies by country)","NY.GDP.DEFL.ZS","","","","","","","","","","","","","","","","","","","","","","","","","","","","","","","","","","","","","","","","","","","","","","","","","","","","","","","","","","","","","","","","","","",
"East Asia & Pacific","EAS","GDP deflator (base year varies by country)","NY.GDP.DEFL.ZS","","","","","","","","","","","","","","","","","","","","","","","","","","","","","","","","","","","","","","","","","","","","","","","","","","","","","","","","","","","","","","","","","","",
"Europe & Central Asia (excluding high income)","ECA","GDP deflator (base year varies by country)","NY.GDP.DEFL.ZS","","","","","","","","","","","","","","","","","","","","","","","","","","","","","","","","","","","","","","","","","","","","","","","","","","","","","","","","","","","","","","","","","","",
"Europe & Central Asia","ECS","GDP deflator (base year varies by country)","NY.GDP.DEFL.ZS","","","","","","","","","","","","","","","","","","","","","","","","","","","","","","","","","","","","","","","","","","","","","","","","","","","","","","","","","","","","","","","","","","",
"Ecuador","ECU","GDP deflator (base year varies by country)","NY.GDP.DEFL.ZS","15.0991466743222","13.3898563849031","12.0517055575825","14.1831009632522","16.2435908536112","16.730017901662","17.0842181400274","17.1650585175339","17.0319871835944","19.6120271051048","16.8788203582946","15.2788819854329","16.8296343891256","18.0409446595928","27.508752834024","29.0425938347136","31.799814514392","37.9564869492048","38.8256514974911","44.4998111734445","54.1276533443481","62.5128094566098","56.7727745101718","49.0262286303821","47.1037362033874","45.9543392641783","39.6629951910181","36.2119124327544","32.0063329119133","33.7244259540251","35.6850390295777","38.1434956729319","39.7848978136077","40.8359236393118","46.9648728297597","49.4176383708942","50.1540376332774","53.6679163008469","51.637831203874","38.0570853236909","33.6107044357743","42.550552464079","47.4381482346646","52.7736495174903","56.1462129031227","60.9652374546552","66.2793247031326","70.9609129180564","81.6718354344143","79.4102394463727","86.5680540056245","92.4871552851352","97.1145058486013","99.7044208293781","101.751313221419","96.1797850860302","97.3061893529542","98.2131138410925","100","99.943425741609","98.1185022310992","100.252328535952","102.606321817056","104.802396916748","109.54318464835","111.168542978077",
"Egypt, Arab Rep.","EGY","GDP deflator (base year varies by country)","NY.GDP.DEFL.ZS","0.41760387645665","0.424327179590661","0.426007629240144","0.42990717999875","0.433614248717469","0.457309349444916","0.469890833387752","0.483198204253235","0.49190268723713","0.495868948801301","0.557932767708844","0.565335027453182","0.584551294298723","0.627531100695464","0.68667578090953","0.753035299221583","0.839884961185209","0.943509271741586","1.03359196763258","1.27648469126584","1.43516279934961","1.40361454291528","1.7507404760145","1.97329223143186","2.1360385730465","2.38330729033614","2.6901621948478","3.02560854076053","3.43157121096921","4.08828488630333","4.81367137359679","5.58988893606985","6.61567719505673","7.17331959797929","7.77938415767976","8.66621384192667","9.282179502192","10.198913301185","10.441410974847","10.5374130055201","10.9530514611368","11.1576215860133","11.5108249192571","12.2909703421533","13.7253153153878","14.5780320298989","15.6509719408717","17.6223276464608","19.7729537742764","21.984665876078","24.2066262954567","27.0298393958552","32.2960298856716","35.1098778702134","39.0589050965386","42.9378018915965","45.6195523545898","59.0857507172041","71.5970525596784","81.3472078472623","86.3719712661379","90.5585558272694","100","124.7990758719","166.845761782294","208.495619984825",
"Euro area","EMU","GDP deflator (base year varies by country)","NY.GDP.DEFL.ZS","","","","","","","","","","","","","","","","","","","","","","","","","","","","","","","","","","","","","","","","","","","","","","","","","","","","","","","","","","","","","","","","","","",
"Eritrea","ERI","GDP deflator (base year varies by country)","NY.GDP.DEFL.ZS","","","","","","","","","","","","","","","","","","","","","","","","","","","","","","","","","13.4356299228455","13.2497922361525","14.6320301304737","16.0674381909415","17.5255316776271","18.208528249303","19.867174577182","20.3278072365199","25.4052045502586","29.2356157273169","33.9567780622853","41.3840903943259","51.6470491965951","55.5844597903212","61.9177553363434","66.4304502955943","77.1099556957934","99.8608680813897","83.6552469878995","100","","","","","","","","","","","","","","",
"Spain","ESP","GDP deflator (base year varies by country)","NY.GDP.DEFL.ZS","2.4618767749873","2.52259624575041","2.67636971455505","2.88634094293059","3.06686192483782","3.34793572697164","3.62158740482473","3.93078836777457","4.16314238042386","4.37684691939531","4.63694482035839","5.00076040993488","5.42672129491953","6.06976597232048","7.03759678906841","8.21863096729193","9.57387673340572","11.8125428921399","14.2495937101747","16.6622825139968","18.8875014520247","21.2203330038787","24.1025473089193","26.9669531651284","29.8968409000655","32.466617767528","35.9986014782009","38.1384297301375","40.4023750404313","43.1886012546591","46.3527066770634","49.5673315473141","52.8936817631184","55.2935957030676","57.4388997841665","60.2724352468666","62.4020154631149","63.9402451795725","65.6249298637911","67.3433715243169","69.6416338391089","72.5403368101658","75.5084714183419","78.5318047337278","81.6037064517537","85.0416081013475","88.5049180847607","91.6567854062431","93.9042497963525","94.1214344485906","94.3970575218718","94.2592767360777","94.0679728283027","94.4801551990007","94.271649970964","94.7924459860799","95.1452469189149","96.3421211464971","97.4860438522988","98.8787989204417","100","102.556112365016","107.369931708733","114.075403840339","117.374880643264","120.796022037739",
"Estonia","EST","GDP deflator (base year varies by country)","NY.GDP.DEFL.ZS","","","","","","","","","","","","","","","","","","","","","","","","","","","","","","","0.344271542116259","0.800673818300453","7.79570344130901","14.4068901899401","20.1219615225151","26.4419817991101","32.4018688634608","35.6169336209064","38.072544013367","40.5324178486234","42.0259168826362","44.9041535827077","47.0612943591685","48.8916895877854","51.1844453098802","54.2165577750372","59.0844660441024","66.3838588049349","70.8947143495688","70.6199072742011","71.9027445072323","75.8855631219665","79.0769531034296","82.3380501873219","84.6900720653938","85.7964962611494","87.8886666505325","91.1766682162675","95.5978928919907","99.2522942978791","100","104.291492700033","121.859195530305","132.382081625219","137.663920026726","142.954185297224",
"Ethiopia","ETH","GDP deflator (base year varies by country)","NY.GDP.DEFL.ZS","","3.57637111816699","3.56411647866607","3.5612410335361","3.74274004099683","3.85214608665906","3.86499146110024","3.93351561436049","4.01976747789082","4.19024792976855","4.45336940557438","4.41464247612987","4.26554085931201","4.2818805967301","4.59843998245807","4.54168178140744","4.89831694088809","5.4512528390427","5.64676457146637","6.25170985321469","6.25477665285091","6.41526659681049","6.68923257796625","6.87003439530211","6.68220903272213","8.806333815342","8.34196214327912","7.83147643759991","8.07468322925382","8.52563263932947","8.80453802085048","10.4848216118567","12.11334778206","13.7337338734083","14.1362808354992","15.9324888436667","15.970589484436","16.0035935939794","15.9795646884453","16.3347461626432","17.4455088938575","16.4414613548533","15.8460446481693","17.8692641947242","18.5681958851034","20.4019002809724","22.7587991677719","26.6779962668076","34.7645432793551","43.1589342731038","43.782396294445","52.5659659457246","70.1973294840618","73.6383880425525","81.7251999169023","90.5813861721073","100","106.676822219609","119.885840881661","135.303678698734","160.002787058437","194.824629724285","262.363714553195","348.715673535823","437.773408458934","510.81387319336",
"European Union","EUU","GDP deflator (base year varies by country)","NY.GDP.DEFL.ZS","","","","","","","","","","","","","","","","","","","","","","","","","","","","","","","","","","","","","","","","","","","","","","","","","","","","","","","","","","","","","","","","","","",
"Fragility, Conflict, and Violence (FCV) situations","FCV","GDP deflator (base year varies by country)","NY.GDP.DEFL.ZS","","","","","","","","","","","","","","","","","","","","","","","","","","","","","","","","","","","","","","","","","","","","","","","","","","","","","","","","","","","","","","","","","","",
"Finland","FIN","GDP deflator (base year varies by country)","NY.GDP.DEFL.ZS","6.01217736888851","6.33333455099057","6.58501773982093","6.92392293266895","7.42076761303258","7.79353424356896","8.1616886657018","8.76255743081447","9.81965191585881","10.2271994079636","10.6208027033242","11.4029298358624","12.3429948774024","14.042877013206","17.142337053629","19.4682081438267","22.0233475627792","24.0976521352589","25.8939374631855","28.0444238812912","30.7466680353775","34.3241831577588","37.4351776856527","40.5031183735707","43.9272279982593","46.2223693928703","48.4217627315548","50.5002033428801","54.380739357155","57.9341033103711","60.945069192894","61.8692139359513","62.422134303078","63.5241601280165","64.6961655135265","67.4143464143715","67.359500448623","68.7642981008932","70.8987380977149","71.5590983673164","72.7308016288743","75.1342863072009","75.8429027390339","75.9869913259963","76.4446152235049","77.1550718219089","77.8650375265328","80.0097507539653","82.4401160744001","83.9036141356558","84.1963311464477","86.3862174353177","88.9305904548191","91.2084534047575","92.7085319460865","94.2221863528743","94.274192663407","95.0623682171237","96.951313571673","98.3879953726235","100","102.492842024653","108.819500454481","113.08708696951","113.898184161032","115.586565069961",
"Fiji","FJI","GDP deflator (base year varies by country)","NY.GDP.DEFL.ZS","4.66113995521612","4.68952530679258","4.75529706167776","4.70920541979509","4.85710944268668","5.2432950389942","5.37347959047608","5.18013010678797","5.35061517163117","5.69809652537818","6.08734989834468","6.29183984857807","7.21833666609819","8.37308655204195","10.8553477327493","13.4952216045041","14.5628889369713","14.5582244803582","15.203428193488","16.4411925405972","19.2874432070351","19.472427147796","21.8363550510088","23.3248859517729","24.0263810328013","26.0002094244811","26.7935532371718","28.7602028260822","30.8677549819319","31.7469601597225","33.8674886378484","35.8972116919926","38.1611312011735","40.9229837071528","41.2618421147278","41.7282718009363","42.925222887984","44.3374868529199","47.6397226142522","50.8467433881336","48.4468409060426","50.0191327836458","51.652981735752","55.6316971429389","56.8522607310989","60.6301996787057","62.9018672170721","64.8043061479263","66.2028604217459","67.1235401781168","69.9627214304562","76.5331593701518","79.2703783424769","82.1409931193969","92.4130579118741","94.7519379770928","97.2470657886416","98.8987661366355","100.308783927817","100","95.8820023214715","94.1425338624512","101.743651641057","104.544644750795","110.929472209248","113.147650877292",
"France","FRA","GDP deflator (base year varies by country)","NY.GDP.DEFL.ZS","9.50401643462072","9.81595604322194","10.2857257091348","10.8582527664232","11.2999787871386","11.644121820956","11.9916292962388","12.3614886403717","12.8877678355244","13.8364072029755","14.5898813226527","15.4547157272672","16.4900216242784","17.7990650730422","19.8723728020189","22.6052087723534","25.0168554942697","27.220761595398","29.7434355280034","32.7804563663448","36.56531657065","40.7632986419788","45.6682295415681","50.0581050964935","53.5988524129916","56.5490092650857","59.5118465257714","60.9819572572697","62.9205921522938","64.9239800974381","66.6548506812303","68.2913043689399","69.671028014391","70.7563104744645","71.4305140631213","72.2524265499106","73.2042492704811","73.8446122693088","74.5155006044516","74.6795596482393","75.7381971745127","77.1790391039495","78.772228969585","80.1912157130637","81.5012509359315","83.1003897217882","84.7602198965717","86.781776741465","88.7784511557395","88.872521814014","89.8407403246603","90.6057147898678","91.5861111187861","92.2710614868023","92.7977401424006","93.8504749093193","94.335924216755","94.8890564538999","95.9466835322152","97.1081402840986","100","101.221816140734","104.276877010323","109.480568133252","111.766084092775","113.080586652461",
"Faroe Islands","FRO","GDP deflator (base year varies by country)","NY.GDP.DEFL.ZS","","","","","","","","","","","","","","","","","","","","","","","","","","","","","","","","","","","","","","","","","","","","","","","","","92.0353533156422","93.5028334422145","100","99.0479977028251","96.6707234060109","98.1364563441028","100.758392528201","105.673940636594","113.986662172573","114.41513208008","113.928434013082","117.915811921863","117.784270998415","121.818943619556","129.002001946477","132.799859217582","135.449861122556","",
"Micronesia, Fed. Sts.","FSM","GDP deflator (base year varies by country)","NY.GDP.DEFL.ZS","","","","","","","","","","","26.0430644490439","27.8859080009629","31.7939667187685","32.9324549723288","37.8007547685924","37.7923683312037","38.2248699787324","37.7119352191546","40.49136545709","44.538611273318","51.1104579134728","55.4970646535939","59.6611784755507","61.4960159505043","64.457341960777","66.5743523364995","67.8715113899425","69.750500979945","72.6794961915091","76.1154227038662","79.8828697254249","83.958008871664","86.5023752940279","89.1080259652883","91.4382216281873","92.7993086782734","94.5277649609157","95.133332774813","97.9960026866001","97.2057240677132","98.2209870401415","99.3097111802338","99.4012609699112","99.0339510473271","100","102.066115702479","103.734439834025","106.751054852321","112.987012987013","118.376068376068","122.689075630252","124.696356275304","133.333333333333","134.188034188034","138.59649122807","131.09243697479","135.684647302905","146.747967479675","159.514170040486","154.296875","148.724425087942","151.486580582269","165.790890049262","174.889809403036","185.67695569653","191.620295199007",
"Gabon","GAB","GDP deflator (base year varies by country)","NY.GDP.DEFL.ZS","5.50015696991988","5.68047664597181","5.75891951839408","4.58739362540849","6.12603265851551","5.93863075157559","6.18415905286948","6.56910654132143","6.99352830982659","7.34034611444425","7.30950201851865","7.78492413418918","7.21841764842126","9.7273702794744","16.0900887067403","16.7935868364982","19.2563554619104","21.1426464285229","21.7471303533104","25.8753915953805","35.3926457621606","39.0883694394873","45.6957224875357","47.0322502239004","52.68092558682","52.0086897035191","41.18577807832","41.5948695064601","42.682631248212","45.981155572587","53.0430064583134","47.0140839582503","47.1146315498614","46.8745915579392","68.6953903024075","69.6153009134435","79.0569991402757","79.8053027604374","65.6108112103813","78.202402368861","100.168943871362","100","100.855807814236","100.636829285193","108.451559387584","130.244328592559","143.097017734502","149.151970054441","179.696740910696","147.217390392974","171.602950348521","193.364311347594","187.67572144425","176.118791397535","174.619333032414","159.030764035844","152.240541659403","158.056590337168","169.399770472992","172.021206846481","156.522322211403","188.356472564509","216.154766252165","194.629968314242","202.800365060236","194.767539667577",
"United Kingdom","GBR","GDP deflator (base year varies by country)","NY.GDP.DEFL.ZS","4.39808524234461","4.54601217860044","4.69937250704256","4.77472807460274","4.93157611824187","5.20807945121548","5.46752183317987","5.61948950471982","5.84040847114437","6.19212006778439","6.76480144762353","7.41244784668195","7.99858325855058","8.60784321321226","9.82305601968665","12.2554198992803","14.1221436741209","16.0731683842048","18.0535137880927","20.793893568753","24.9286715097722","27.963730206912","30.0094101397049","31.7286371658942","33.194181312771","35.2090174862308","36.4310132291127","38.7182197262285","41.3668660108008","44.7789667071","48.2885173455902","51.4867600324121","52.7273112515477","53.6446143842174","53.8183062230959","59.6355263956752","62.1053404582177","62.1277674471458","62.953148885302","63.8310300898373","64.4537768617233","65.557354667458","66.9265866499357","68.5226114764201","70.3936485890577","72.4097193466476","74.6366990328632","76.1245155236341","78.6402065744694","80.2188698743616","81.2844743738279","83.2970439721691","84.5862894985228","86.4108900194114","87.7900213276968","88.3774875721393","89.911184784863","91.2980898191242","93.090057795961","95.3813117700179","100","100.711756533859","106.430816682767","113.183760675263","117.640854805902","121.985626728213",
"Georgia","GEO","GDP deflator (base year varies by country)","NY.GDP.DEFL.ZS","2.0170669912673E-05","2.03112142036078E-05","2.13779168963594E-05","2.06085851403729E-05","2.10481786842369E-05","2.09206130349472E-05","2.0539500936976E-05","2.08020050125313E-05","2.09321958588821E-05","2.16021373139392E-05","2.15645460394353E-05","2.22410991283794E-05","2.19365033759517E-05","2.20209787851192E-05","2.22125786553424E-05","2.23659142081866E-05","2.2484015780166E-05","2.27926391610883E-05","2.29079795299469E-05","2.35530351508197E-05","2.37883231700884E-05","2.46507246086312E-05","2.55148561546927E-05","2.47960510202159E-05","2.51134779656171E-05","2.39752737428265E-05","2.54385964912281E-05","2.60322633805138E-05","2.54514545423006E-05","2.68299065420561E-05","3.28288146003334E-05","5.31012816592065E-05","0.000752812957263232","0.11702041107622","7.18677817602549","18.8821015449111","27.0071209159453","28.7720295622513","30.7689008699914","33.762358546754","35.3418328557226","37.2412253780481","39.4455613162628","40.7969702743902","44.2376621037464","47.7479661434793","51.7813825992265","56.6837891927952","62.121083827265","60.7943214466791","70.4641618681004","76.92693135261","77.1509167842031","76.6486913060634","80.166793025019","84.4776995305164","86.3994138085896","92.91975724882","96.1578400830737","100","106.847933387699","117.778036386206","127.359809816809","131.114503782987","137.484929976198","143.859563056959",
"Ghana","GHA","GDP deflator (base year varies by country)","NY.GDP.DEFL.ZS","0.000428800693329726","0.000443683721616233","0.000452291850536164","0.00048280187165837","0.000530767350384182","0.000621032805503723","0.000671662597993859","0.000645613127261435","0.000727067018753216","0.000807312074030766","0.000830636567076741","0.000873680258428333","0.00100886095503849","0.00121953626444042","0.00151916088217095","0.00196675920867743","0.00251840861018832","0.00421205810471331","0.00729977867507249","0.0100700065901888","0.0152184117550328","0.0267286392201017","0.034183411475882","0.0762499324935903","0.103175632217482","0.124479764923054","0.176395041150227","0.245544537740975","0.32756342164908","0.420245235145503","0.551221330855228","0.661693577979511","0.735472960261668","0.96903867016872","1.26099962340083","1.80380107987828","2.52239471487487","3.01320650575056","3.52691196964755","4.01966266202157","5.11422138101728","6.89488812088818","8.4682040083135","10.8989517698868","12.4629678199109","14.3278912292839","26.4612469612055","30.7226298342309","36.6859755700703","42.4334091074604","49.4755069307102","56.3599357407842","64.929621067664","100","123.9399587594","140.365680197901","162.471338214869","179.818903787835","198.823033157826","215.685354366544","235.885527920074","264.442069663318","338.972086343917","474.919547192546","597.806808092042","684.092202875946",
"Gibraltar","GIB","GDP deflator (base year varies by country)","NY.GDP.DEFL.ZS","","","","","","","","","","","","","","","","","","","","","","","","","","","","","","","","","","","","","","","","","","","","","","","","","","","","","","","","","","","","","","","","","","",
"Guinea","GIN","GDP deflator (base year varies by country)","NY.GDP.DEFL.ZS","","","","","","","","","","","0.732705368310178","0.773900598866667","0.817064007472002","0.898476810675695","0.93574665199522","0.9808700727008","1.04167628730232","1.08973845871921","1.11328045197727","1.19827658398665","1.27301047952563","1.38296843736008","1.79323519498511","2.31899701677901","2.90446138215845","3.45631040191415","5.86401719741903","7.46254770568541","9.07846085585032","11.1043714536174","13.0231159147107","16.3855113103053","20.6818273795936","20.8211726966601","21.1184993842072","22.3753327265571","22.7212482634446","23.0470997437223","23.8133329431753","24.8200833397167","26.3837793566877","26.8461356499587","26.9623183092521","31.2522109603229","36.4155710345177","46.3901037880368","63.8253889099261","72.5176857453246","84.6318572603952","86.1307129153283","100","108.999290642518","121.551606565639","126.81400889789","130.131333647409","133.999207626926","141.595557895618","156.259912061973","167.290431169657","183.020595942045","190.798934971693","213.668663635872","219.663315176554","233.04631444648","248.927241661511","264.337577952368",
"Gambia, The","GMB","GDP deflator (base year varies by country)","NY.GDP.DEFL.ZS","","","","","","","0.845794931791035","0.918107988023961","0.838360989155173","0.898123308373534","0.979575338289973","1.03015432341373","1.06267401533261","1.05156367141677","1.271731924752","1.43767495959737","1.60578503865762","1.96861861989645","2.09579841872975","2.31788899035431","2.31377277527529","2.34994923440645","2.69039621226098","2.76258201993643","3.01125877848605","4.19827020200618","5.89927448551907","6.99052298176383","7.66903358715927","8.72249593982751","9.76610187916806","22.8561817296246","23.3018843214609","24.5001423582006","25.4256098907415","26.433290501894","28.6453788059382","26.9355019277469","28.393203132218","27.7016882702573","28.3158298826428","28.8270545367166","31.8225731087191","35.925756968005","69.7642684609711","72.634234622266","73.5808068715274","76.8292706563346","78.7314449793226","82.2848355000658","86.9292638640972","90.9037771688135","94.3991730412781","100","105.211723106828","115.438683908243","124.466707882667","129.347941941404","138.339905653105","146.989202087314","150.206441416124","161.294865459668","175.516356014834","199.595767738313","211.166122108841","227.823668082925",
"Guinea-Bissau","GNB","GDP deflator (base year varies by country)","NY.GDP.DEFL.ZS","","","","","","","","","","","0.0613657403547591","0.0624747872416105","0.0655825302219495","0.0724253481023222","0.0788888951740316","0.0845712974294836","0.0858514449769155","0.08848351076225","0.0940897198133463","0.0981167730017201","0.109436343855216","0.111424846182751","0.12985707342234","0.160122948863864","0.255238896138571","0.337715529754735","0.718978853593749","1.39671317745807","2.50772642621893","4.99672821914738","6.50804051959297","10.9266334418667","18.0268898051774","26.870680995392","33.11797482712","47.9316576181594","66.7370268380351","89.5198430628148","98.7764988512761","86.5061955540725","66.6683185061801","69.1764056280191","71.5106826550725","71.1028476663041","67.2058455505331","69.2989128945902","66.3582924372679","70.3333305321425","79.3097855044426","76.2760214109908","80.2538277673617","87.0376212335327","87.0139285829698","86.2027192672299","87.3212490056568","100","102.717745393392","113.532174150096","110.658037627658","113.823940866952","116.086469376108","119.147718018183","123.663961174065","128.587281821992","130.286144504042","135.915548725372",
"Equatorial Guinea","GNQ","GDP deflator (base year varies by country)","NY.GDP.DEFL.ZS","","","","","","","","","","","","","","","","","","","","","8.38042667631883","9.59079730463062","13.4672063956072","16.8003095301716","21.1074337441409","32.2468368571866","31.3041296953876","31.779379805836","33.0432408159483","31.4585328035815","34.7152858568039","35.9484118793937","30.4038365022137","29.5850260933692","36.8411521758725","39.6708599521787","39.9966356108473","34.7382084652863","23.7727751157456","33.0816294071566","54.4970295801088","47.9729027326629","47.2135443224009","47.5136439506185","55.5542655500287","88.514083907425","100","103.037653859356","123.48036450002","97.7591193863809","122.107527870652","142.92088612601","149.859383642668","148.251881361829","146.363385672317","116.808592573502","109.466679468023","123.415343197791","135.156874446607","130.880930150275","117.572242895367","138.663093380258","169.308203769474","162.959490387246","171.475019764638","169.103418605116",
"Greece","GRC","GDP deflator (base year varies by country)","NY.GDP.DEFL.ZS","1.01173737505702","1.02282985141882","1.07080201232104","1.08269415958882","1.11956690646706","1.16522509017741","1.22257046766026","1.2490982623832","1.26754955476938","1.30787378323871","1.35756408123082","1.3979519220198","1.4685013761945","1.77557006581595","2.18005361344312","2.46607667989537","2.87136298433917","3.26630211286276","3.71666166210201","4.46559501935542","5.32475108812016","6.47553843420272","8.23771034604259","9.93568363099838","12.1134324248275","14.4181280536842","17.140558808595","19.7549537712719","23.0500543346658","26.3920755231819","31.8527534754673","38.1556947134045","43.8022844222559","50.1224059007567","55.7270375022835","61.183737853174","66.1988812069638","70.5801508671215","74.3058716463619","76.9135915004426","78.1586691144233","80.8713118956389","83.2599725939731","86.2228522352232","88.7826454999877","90.4698867776271","93.5137786948896","96.6624846846638","100.589773995993","102.972176710734","104.188196411618","105.205758561532","104.853771733192","102.798300595601","100.821001437819","100.64481297452","100.151692497107","100.355614895143","100.119979458447","100.36528920845","100","101.39275644674","107.765709367877","114.52230794631","118.197745742627","121.479915444986",
"Grenada","GRD","GDP deflator (base year varies by country)","NY.GDP.DEFL.ZS","","","","","","","","","","","","","","","","","","29.8354637667271","34.989028846293","38.3555290583033","41.8264218330145","42.9593718421721","44.7480301354427","45.3715870892181","48.3717416067678","52.6033427590235","54.8837260241869","57.6604860369741","61.5591705290715","67.0972740617593","67.1079640663358","71.5840046375328","74.4556546312133","75.8579709085613","78.2784189149072","80.6683769566123","82.8247108461597","84.3028894418953","85.7679666531122","86.7298452494807","89.2129465405263","91.1258299704781","91.4649517086573","91.394457751984","93.2508144644411","95.5725190839695","100","102.31944372711","110.349196412176","110.338272064142","110.867666482042","111.116572588317","115.479175912608","118.854745684791","119.776123034993","123.08001810592","126.334555647621","128.262640159012","127.36010804778","131.598057605103","131.20328239902","134.781680367247","136.991900249542","143.095708314496","141.295364679548","142.225191093998",
"Greenland","GRL","GDP deflator (base year varies by country)","NY.GDP.DEFL.ZS","","","","","","","","","","","12.7616329151951","14.2225519956977","15.03323653175","16.1852624086748","18.702654927773","21.7747257086918","24.6476809985127","26.3686085167802","28.8148884123698","30.9767160977084","34.5573923684876","39.7157071733339","44.8854489648211","49.247026563069","53.6156464300009","57.5958913448662","59.9743638665872","62.7456161548262","66.7301123940457","70.3000793057811","73.8801705758781","76.2630093263843","77.4417900101772","78.2487462044087","78.6152432376269","80.2314722395789","81.0178218556938","81.4202403542513","82.2168777516978","83.0887518281183","84.8420019426096","87.7285447470603","90.450834890115","96.3599680945902","95.8411235461927","92.7462439489327","94.8222602414219","94.7772051198712","92.8690137765143","98.0126898784489","100","102.884045659297","106.428742413788","107.564733575861","108.629918685899","117.477152678796","121.633238778575","125.606388088377","127.925986820297","128.878860163755","129.986688017286","131.024424196406","138.370304203265","140.949177142014","","",
"Guatemala","GTM","GDP deflator (base year varies by country)","NY.GDP.DEFL.ZS","1.87199845489495","1.8517740377655","1.89965169640634","1.91495040565965","1.88276822827647","1.84893395530603","1.83039174992332","1.83748629740578","1.87187353890405","1.90362501648669","1.99882875832226","1.97345984984248","1.94655252582394","2.22881772455501","2.57828011892233","2.91644968944382","3.2517044661683","3.78670299739411","3.9948186604846","4.33786132223745","4.77185937329107","5.17976306834571","5.43760932263782","5.79436953791803","6.0333119764625","7.16635198362868","10.1377073234417","10.9485753768756","12.2246644582287","13.558240497236","19.053566081692","25.3364894155764","27.58165324462","31.5821932161052","35.2843457675946","38.3427287255428","41.7552333111942","45.2031046917554","49.4985004166556","51.9939960159316","55.545245564405","52.4290765901573","55.8208053399712","58.3166845423039","61.8295992843805","65.3343703177791","68.5888928476252","73.4692330075408","80.3808450946916","83.2746964040619","87.5529947127443","93.5894614869796","96.750680312369","100","102.860372161143","105.155817685594","108.002590727902","109.890416564608","111.287740223401","115.256056036154","118.566564168374","122.278350222663","130.063802319591","138.533981132761","143.631867659845","148.496463918767",
"Guam","GUM","GDP deflator (base year varies by country)","NY.GDP.DEFL.ZS","","","","","","","","","","","","","","","","","","","","","","","","","","","","","","","","","","","","","","","","","","","74.609804352605","77.7729352800174","79.1692244730919","83.1786771964462","86.844262295082","89.4608341810783","92.8813559322034","95.850704784594","96.078431372549","96.6828322017459","100","100.840493089279","102.935779816514","105.532302092812","107.193460490463","108.264314007922","109.858387799564","112.537630600319","117.078962992282","120.884235020361","127.490774907749","","","",
"Guyana","GUY","GDP deflator (base year varies by country)","NY.GDP.DEFL.ZS","0.0910908556991923","0.0950018449125697","0.0985644717135535","0.101299619456854","0.10080794874556","0.0990063173656834","0.100908574314666","0.105817177226449","0.113166578972317","0.114768829474206","0.118253349418919","0.120785885533806","0.132726383705608","0.141047577622455","0.193901143639056","0.222323460390046","0.209480826290202","0.212999193370748","0.244497057720286","0.260543253088407","0.291232104187521","0.303873731306502","0.316947608551977","0.345218335615201","0.411782479622627","0.471532524660926","0.529499728121398","0.840373366310435","1.0390883694724","2.72808505146101","4.26794200735021","10.0099306367577","11.141127239844","13.029647329495","15.3126308189085","17.0650698627037","17.7358260436417","17.9917990103435","18.5261721400879","20.6030499555002","21.9599758343929","22.0306807120593","22.6076095096169","23.6743646502613","25.2783591621683","27.2077119571977","74.7824925985229","80.9228908323034","88.6548696000069","89.6771612749095","93.2393644831891","95.4857989808688","100","99.4633194718943","97.3692148779217","100.294487466977","101.195308409029","103.329525431445","100.345897861245","103.317329011879","76.1489018137446","93.219732098576","104.462450271319","89.74742041947","90.9669882687206","83.7529834409116",
"High income","HIC","GDP deflator (base year varies by country)","NY.GDP.DEFL.ZS","","","","","","","","","","","","","","","","","","","","","","","","","","","","","","","","","","","","","","","","","","","","","","","","","","","","","","","","","","","","","","","","","","",
"Hong Kong SAR, China","HKG","GDP deflator (base year varies by country)","NY.GDP.DEFL.ZS","","6.54372136299001","6.67168431804742","6.91757556457819","7.26042372829599","7.43319553358336","7.47431717439201","7.97084653223106","8.23598567308123","8.69617738644905","9.46618050718997","10.1878262330512","11.1200864393147","12.7060306528724","14.1814590331751","14.8137415982076","16.2413207838297","16.8679524095595","18.23802426719","21.4770613526865","24.8586739409633","27.4976791932147","30.1607867455956","31.5489828810385","34.5909234342178","36.4454519842492","37.8197019969133","41.076476935387","44.6920110235103","50.3050321157988","54.1105550870185","59.0564943324566","64.9026496440579","70.4926634658849","74.9486946226823","78.0511996384135","82.6434786099208","87.4039601212505","88.4701747931078","84.846705388124","81.9668223064803","80.5127151929629","77.7737612223757","73.1012943558731","70.4763357307989","70.3705789311595","69.9942080861449","72.1902325428843","73.1153231186631","72.8408020348513","73.0379249264412","75.8848783365841","78.5748394990488","79.9989599373867","82.2791492354791","85.2770290932106","86.6740838156394","89.1708014777696","92.4340712270356","94.3243066719758","94.926401514399","95.575333600378","97.189152157666","100","104.158848371207","105.225933698743",
"Honduras","HND","GDP deflator (base year varies by country)","NY.GDP.DEFL.ZS","24.5","25.5","26.4","27.1","28.5","30.6","32.9","34.4","37.7999999999999","38.8","39.6","40.1","41.5","43.5","43.8","44.5","45.8","50.4","56.2","58.5","59.2999999999999","60.8000000000001","60.2","59.6999999999998","61.1999999999998","62.8","64.7000000000002","67.9000000000001","71.6000000000002","74.3999999999999","74.2999999999999","75.4999999347434","79.800000013378","84.5999999851294","82.9000000461037","86.3000000810848","88.9999999404768","93.6999999667344","95.6999999768366","94.2999999796508","100","108.084349380149","113.631173254932","120.176034264413","127.929772588656","137.24199074285","144.582602960646","154.161933683899","166.171940154092","178.890295815975","187.255283498866","201.874687798079","209.101372488429","211.974489161159","226.493378089383","242.195643894361","251.103764719226","262.435683328713","267.5458753463","276.53204804679","285.939619329505","299.109220694224","326.963452896506","346.736642254797","363.034468180112","392.137617167692",
"Heavily indebted poor countries (HIPC)","HPC","GDP deflator (base year varies by country)","NY.GDP.DEFL.ZS","","","","","","","","","","","","","","","","","","","","","","","","","","","","","","","","","","","","","","","","","","","","","","","","","","","","","","","","","","","","","","","","","","",
"Croatia","HRV","GDP deflator (base year varies by country)","NY.GDP.DEFL.ZS","","","","","","","","","","","","","","","","","","","","","","","","","","","","","","","0.0840001101053206","0.167408373733687","1.16323158190731","18.2253903417752","38.5938587740844","47.6661308422553","49.4940833476248","52.9036426782974","57.230121116377","59.2426374910375","61.8180411174453","64.4334926075101","66.9086352028752","69.785203933075","72.3150357995227","74.5661761675116","77.4587109175788","80.7789976846665","85.2468321980517","87.787864497367","88.5963514697682","90.0769598851583","91.3468205734796","92.0214829790276","92.140876886744","92.2548921224285","92.2680012414649","93.4021973894262","95.2951911670773","97.187361713426","97.96138996139","100","108.009712615217","121.910890784247","127.381782054894","133.328075257407",
"Haiti","HTI","GDP deflator (base year varies by country)","NY.GDP.DEFL.ZS","0.488388207875216","0.499233476876139","0.481224094091881","0.513105451658104","0.575478673262499","0.611738940528853","0.642621789233911","0.656837398126187","0.634591161350527","0.650912700136453","0.54664738184359","0.562360266775123","0.57104109387147","0.684036338296273","0.783251116644822","0.933465898569134","1.11045345041016","1.15358231527152","1.11734161447775","1.15225955177147","1.37422158395423","1.51230142754192","1.56267555656705","1.70555243285519","1.90215016900339","2.09186604180073","2.42519649531355","2.15900822162244","2.75117282608632","2.96633406474615","3.32216808578139","3.80754544134137","4.60363336144199","5.44778515049667","8.53710925940552","9.89992022854975","10.8875946841398","12.2732579342324","14.0108343166068","14.9959924761589","28.6994299433131","32.5016250931548","35.8236063992471","42.2666688022239","50.425372052082","55.5042821389181","63.0075262550182","65.59855723657","73.9131344636382","82.4881425429905","88.5871701838607","92.4147831654364","99.9999979999737","108.077146680343","110.475363476906","116.226670353091","134.477993739192","153.008896403196","163.009188930186","195.28564065202","231.775126089776","274.10326073686","356.500175301297","465.497647283114","564.575270199361","758.757264613842",
"Hungary","HUN","GDP deflator (base year varies by country)","NY.GDP.DEFL.ZS","2.55276206125109","2.57780082850228","2.56268234769959","2.55114115838379","2.56132162283226","1.78812284230074","1.83962301890065","1.85044238430523","1.93109062908066","2.00741206947044","2.04128044965935","2.08567636129153","2.12980935519393","2.18622106120239","2.1603832595803","2.18165353312633","2.30744960510282","2.35995660327805","2.44641218062749","2.58126954885651","2.72805727452893","2.86860109864542","3.03240826530694","3.18284314584078","3.38436881604658","3.5843770369497","3.71851379480323","4.02527534991254","4.73074818988905","5.61712698339495","7.05882158512917","9.57991086026191","11.6404710978626","14.11738351363","16.8690112785579","21.3785684636553","26.0744697430783","31.3575399423569","35.6726806646584","38.5705316809559","42.2719532109579","46.9335318496209","50.710024539645","53.4538524945474","56.2028523518734","57.6768866387418","59.794953306412","63.0477068664895","66.073985204598","68.8581274626942","70.6010701221195","71.9618772743046","74.0323101015731","76.1309851147943","78.9403106632317","81.1594474322558","82.2328217670034","85.5528015079503","89.6981632218737","93.9614599919338","100","106.166948922961","120.996232575169","139.136355801665","149.682877681878","159.069968888704",
"IBRD only","IBD","GDP deflator (base year varies by country)","NY.GDP.DEFL.ZS","","","","","","","","","","","","","","","","","","","","","","","","","","","","","","","","","","","","","","","","","","","","","","","","","","","","","","","","","","","","","","","","","","",
"IDA & IBRD total","IBT","GDP deflator (base year varies by country)","NY.GDP.DEFL.ZS","","","","","","","","","","","","","","","","","","","","","","","","","","","","","","","","","","","","","","","","","","","","","","","","","","","","","","","","","","","","","","","","","","",
"IDA total","IDA","GDP deflator (base year varies by country)","NY.GDP.DEFL.ZS","","","","","","","","","","","","","","","","","","","","","","","","","","","","","","","","","","","","","","","","","","","","","","","","","","","","","","","","","","","","","","","","","","",
"IDA blend","IDB","GDP deflator (base year varies by country)","NY.GDP.DEFL.ZS","","","","","","","","","","","","","","","","","","","","","","","","","","","","","","","","","","","","","","","","","","","","","","","","","","","","","","","","","","","","","","","","","","",
"Indonesia","IDN","GDP deflator (base year varies by country)","NY.GDP.DEFL.ZS","0.0708547760546809","0.0807291086362127","0.225126633771059","0.553453761938258","1.18843767925248","3.90780818854734","0.0506517849189261","0.134086337364184","0.298976069538817","0.362817033377211","0.414529605925089","0.425824447909632","0.494466663476374","0.676818450647344","0.997024620928776","1.12133423262415","1.28344321942876","1.45044950565574","1.62544476712808","2.13237529236495","2.75386672837658","3.03340388176479","3.27457477567236","3.88406156643148","4.28885184771318","4.55439026378307","4.65703581281884","5.40233924201443","5.81448960934635","6.365995671971","6.94491611613677","7.55377961262717","8.10436375062568","9.65655836005878","10.4075076511618","11.4359822542547","12.4282263701671","13.9906254740409","24.5215327870706","27.9940751037648","33.7181515317644","38.5384025251203","40.810646659729","43.050101975901","46.7311986827993","53.4286145799458","60.9553302758351","67.8180340037077","80.12683847766","86.7571359930573","100","107.465943033675","111.500084236182","117.03716759416","123.407704913933","128.319631030817","131.449249420225","137.091942591614","142.326556547384","144.601630186014","144.020835663022","152.667808069412","167.276571636995","169.836140327037","171.347357172372","175.40635672199",
"IDA only","IDX","GDP deflator (base year varies by country)","NY.GDP.DEFL.ZS","","","","","","","","","","","","","","","","","","","","","","","","","","","","","","","","","","","","","","","","","","","","","","","","","","","","","","","","","","","","","","","","","","",
"Isle of Man","IMN","GDP deflator (base year varies by country)","NY.GDP.DEFL.ZS","","","","","","","","","","","","","","","","","","","","","","","","","24.4283626161985","25.7284684273616","26.2871715597261","27.6989966326104","28.9280526602356","31.0915449168172","33.9051306451481","36.2413475577092","37.5976638632552","38.4084074279095","39.3845139329349","40.5345543686819","41.5761776028458","42.6755467863359","43.6942610668595","44.6965936061259","46.1736713975886","47.9937424541103","49.1854680314359","50.7430848189899","53.5080080309295","55.0579739185866","57.018732421793","63.6460744753254","87.6615864680252","93.7679900223862","98.6502903273081","103.4395246979","99.6291385288378","101.15910664597","100.630999069831","100","102.236786839003","106.326254667098","107.70848152231","109.647238905212","109.421581716758","116.550307218009","127.156368398742","131.225405398253","","",
"India","IND","GDP deflator (base year varies by country)","NY.GDP.DEFL.ZS","1.4807409657796","1.51250919184727","1.57914454981879","1.71106034615808","1.85738469964291","2.01155449102702","2.2785019847826","2.4748223801352","2.53459883367324","2.61933970726728","2.66026017117103","2.80191479682417","3.10563122882567","3.65935644592502","4.26928025708201","4.19889342115158","4.45006531955297","4.70092570737406","4.81658175141862","5.57413581029161","6.21562524163142","6.88862716034943","7.44632098471959","8.08319436421132","8.72364467527372","9.35120495613869","9.98609570765228","10.9175880607911","11.8163801753813","12.8133055864533","14.1802679594129","16.1303127348422","17.5764198477346","19.3097682064243","21.2368917187623","23.1615279764214","24.9160179568326","26.5296468670007","28.6547160249704","29.5339560481166","30.6104599330265","31.594774786071","32.768736707346","34.0361652784497","35.9848763872227","38.0079113271814","41.2009324749758","44.062097550747","48.113153416174","51.5004952392024","56.9214532589359","61.8927332933406","66.8035425735272","70.9363464075585","73.2997730356476","74.9707059453487","77.3982386243201","80.4703743512893","83.5960370388638","85.6069540558026","89.7288072623215","97.2255663027036","100","103.511128102947","106.064599179458","107.097208955348",
"Not classified","INX","GDP deflator (base year varies by country)","NY.GDP.DEFL.ZS","","","","","","","","","","","","","","","","","","","","","","","","","","","","","","","","","","","","","","","","","","","","","","","","","","","","","","","","","","","","","","","","","","",
"Ireland","IRL","GDP deflator (base year varies by country)","NY.GDP.DEFL.ZS","4.01625138876988","4.11761844291483","4.31856827826801","4.43393603007363","4.86229756357352","5.07885909422611","5.30447160015058","5.47643677238329","5.70845313397324","6.22857259075816","6.83453774359152","7.55484279580872","8.56606744411839","9.87432724879131","10.4754382501678","12.5844942196856","15.2301231419431","17.2509472288749","19.0668589830886","21.6744542198535","24.8616384511677","29.1981415710248","33.6310484130732","37.2325569600972","39.6077227576719","41.6619100341482","44.3906384440252","45.366082770269","46.8388072715674","49.4251368040333","49.0647365036806","49.9485856148069","51.3532506528705","54.0111682399327","54.9264036831895","56.5928690455421","57.8901207433665","60.164773806537","64.1072390153202","66.9126961645347","71.5129107039557","76.4184720112965","80.3822245788239","83.5265602386311","83.9570033409643","86.5371790594748","89.496662181466","90.5692689168943","90.1123238866331","85.9449906513371","83.3933467207057","84.951061102553","87.0217254617412","88.1853453021704","88.4140192201743","96.2986156850128","96.4107698852688","97.8511311932151","98.7530425992657","102.107697913788","100","101.048750976761","109.136770999928","112.839324949869","117.9587419922","119.162864714648",
"Iran, Islamic Rep.","IRN","GDP deflator (base year varies by country)","NY.GDP.DEFL.ZS","0.00417545573842295","0.00398763401585873","0.00391791478159048","0.00384347038535656","0.00386755715499518","0.00380673321734006","0.00374050408224911","0.00374119067809586","0.00373231691927747","0.00365059364936589","0.00370749840090626","0.00407932382375975","0.00445051967982726","0.0059468244460633","0.0094156044863275","0.0106691720711382","0.0122704267208176","0.0149561555292727","0.0165803562533589","0.0218413813674474","0.029536386908426","0.0372967290885944","0.04004659605814","0.0462269831888174","0.0544316477114764","0.0566385724167026","0.0635686095240272","0.0772571045745803","0.0927705624248355","0.108689998249562","0.133468271222017","0.167658989356241","0.216852706312267","0.325055299714456","0.435351395173895","0.600512806797641","0.773662542066557","0.893797530760419","0.977649299468206","1.28764084495891","1.60864018574361","1.84680610467149","2.3690772214661","2.68028855399231","3.34254074685078","4.01660391812435","4.60232892127939","5.65805997618305","6.75696730214093","7.06768758663568","8.19022197092661","10.9265368958614","12.9975400401448","17.777467519571","19.5123294613125","19.550769077912","22.3005887677639","25.152292996751","33.4302655548589","43.7715355869782","64.158911951181","100","151.077655518984","207.420166701628","266.266534297477","342.891605337984",
"Iraq","IRQ","GDP deflator (base year varies by country)","NY.GDP.DEFL.ZS","0.00711610859132407","0.0072113998113637","0.00735673652609043","0.00726841478366547","0.00748837692424865","0.00739159662819869","0.00762856123588792","0.00844004583809038","0.00801718398657905","0.00806326432667481","0.0084142557271722","0.00931037690754845","0.0089954907810796","0.00978296637250667","0.0184245103665007","0.0191401905441223","0.0215491488610725","0.0236287336640889","0.0241785621476447","0.0318351896596948","0.0360379923911332","0.0261194036754439","0.0282962523406085","0.0323119700867904","0.0378144885873089","0.0384531935988309","0.0358647098116609","0.0394132213541858","0.0435245130066944","0.0471812638232526","0.0819280900629359","0.17297184201039","0.353728743105855","0.758633799508656","3.76614659358707","14.8901259282594","13.0222880651433","24.9375250957537","20.9598816300967","35.8730669830527","44.7503484617564","36.1802961548471","39.1354553075276","44.558109719007","52.2708248233646","71.0116871289066","87.3827645065205","100","130.17540867057","104.763606124508","122.140473872968","152.296269738679","156.36222891926","156.34450859884","148.829595538653","106.026002368229","94.2526938452678","108.061052604278","127.732478082883","124.316349546164","110.367810989078","153.300705318395","194.602384927734","164.371441950158","171.553950041996","159.487041319724",
"Iceland","ISL","GDP deflator (base year varies by country)","NY.GDP.DEFL.ZS","0.0243732738084566","0.0276078136858993","0.0306851860864512","0.0332099362691713","0.0385959676091055","0.0433787948887792","0.0479009553826444","0.0492210850009731","0.0559846610957958","0.0676609042773328","0.0787843628423749","0.088674318660032","0.104932411208348","0.137940330573597","0.189932586055925","0.269452194327619","0.357662287582977","0.474639163696015","0.694154023453298","0.97804484868224","1.49128162325461","2.22477465776341","3.41828574504696","6.06079382251102","7.68998134918952","10.1572767474966","12.6545677156022","15.1787096251036","18.6903486092339","22.9645347323768","26.4486110630678","28.661127919055","29.6497331911686","30.1928710774535","30.9789053288945","31.9075195969298","32.7241908285259","33.635856861667","35.2103490863128","36.4264297275922","37.8728914668364","41.1589400936838","43.5722011119945","43.7854309130798","44.9510386593481","46.2733181526559","50.2892515854645","52.4538802110953","58.8450121446015","65.3345540198542","69.615309717654","72.0188887922866","74.5448180722681","76.4032130621949","79.6216548400668","84.9974144231353","87.2913446191349","88.6650884324646","91.4178061598792","95.8394927178108","100","106.148607651114","115.524630414235","121.864044264019","129.242985895653","138.124777871507",
"Israel","ISR","GDP deflator (base year varies by country)","NY.GDP.DEFL.ZS","0.00081619557587376","0.00088646466449872","0.000965449051585635","0.0010397066493416","0.00109629873207815","0.00108196062737888","0.00117642469482722","0.00115656448698294","0.00114038074514145","0.00115858421738232","0.00126978795414815","0.00145297698815687","0.0016942534181586","0.00207088288029766","0.00280606990957474","0.00383216976411513","0.00503463014875512","0.00712693891764087","0.011128727428883","0.0196820741014361","0.0443571192842636","0.0996355056459238","0.226415865746657","0.565860620208913","2.74312509828147","9.99969721500494","15.0155389906072","18.0455051893031","21.5039673182215","25.5258256299909","29.5926169477109","35.5495426992254","39.8361519468814","44.2540797825831","49.802624983279","54.3193442867044","59.360481580733","64.2521296540217","68.6102265797544","72.8790537458894","74.3174884612052","75.5987718988468","79.1772260869487","78.6638804194017","78.8514106884636","79.6709754076737","80.6921219048519","81.3281809810179","82.4383107498317","86.0927485295824","87.1167593749545","88.3760908609504","91.4097495425383","93.1312859690689","93.8516244767406","96.0654330848531","96.2729401225217","96.2451563468027","96.9402358724344","98.7860578753071","100","102.28740044336","107.254671413052","112.143793080151","118.370584056677","120.848536444758",
"Italy","ITA","GDP deflator (base year varies by country)","NY.GDP.DEFL.ZS","2.90701683936191","2.98789466484833","3.16100521405897","3.42835860890727","3.65085249724357","3.80408024657348","3.88900239309057","3.99693228253871","4.06625712221507","4.23099407684584","4.52145329581503","4.84604117654429","5.11901730849158","5.77111010304894","6.93955098595823","8.11810112857354","9.53505690474946","11.2968643975951","12.8722092349699","14.8610977720734","17.9545533353888","21.3277158756213","25.0687998574294","28.8533712506042","31.9585263459283","34.8906068960381","37.5033613360622","39.7570444289933","42.4010479215029","45.0288053754432","49.0427015818461","52.7607899691279","55.0654423060919","57.2052588275275","59.2317399951789","62.1490480290634","64.8666944109335","66.5170007484511","68.0924804035036","69.0984114666952","70.3117994735981","72.4661387648346","74.8611501763971","77.2322007081547","79.2632225596416","80.9152302349763","82.708223885627","84.7484247970932","86.7862811556124","88.3245986714958","88.8526381897957","90.3887081237109","91.9274672532375","92.9623720044883","93.801404551964","94.5356598825873","95.715627369582","96.395037677377","97.4270251334841","98.44709281329","100","101.283321872926","104.783024424308","111.342446038979","113.534122269155","115.797493935763",
"Jamaica","JAM","GDP deflator (base year varies by country)","NY.GDP.DEFL.ZS","","","","","","","0.0904097523465178","0.0942447361430987","0.0968221526478863","0.100797341650909","0.106064935955061","0.113407212361849","0.107843666702034","0.136366743486896","0.178757926034033","0.215837149871525","0.239862263828312","0.269812657098733","0.341515651607737","0.395259777031401","0.467544927683329","0.506464970574629","0.548576461337885","0.641618303153726","0.872082437250544","1.12087749616752","1.42195776991047","1.57585049438388","1.76582835870724","1.98424757584828","2.48263314046687","3.57107630288803","5.71499816904743","8.73288294323129","11.4494423689966","14.3331965199544","17.0381728224281","18.6753195983638","20.6502481750075","22.0784318975007","24.4158932001231","26.3221321742312","28.7131947648241","32.050832349106","36.1721205265659","40.3206083816713","43.8882536049407","48.85675957403","55.4752917332385","61.941771877124","68.0184053649519","71.9608803337522","76.6900800307339","83.1441757942582","88.9060221866086","100","103.624333421727","109.777600162979","115.166109829794","118.203026652862","121.312948887246","129.33268902473","145.702194248172","162.215310651302","170.103117594173","178.272347335455",
"Jordan","JOR","GDP deflator (base year varies by country)","NY.GDP.DEFL.ZS","","","","","","","","","","","","","","","","","11.3812065126626","12.7917743083234","12.8491662203019","13.1401139221996","14.0123061025796","14.8703335954033","15.8268115126886","17.5250514413863","17.9616994076655","19.0501729872088","20.5292865765295","20.4768746389552","20.7369207333119","23.9796190872242","27.3730397826701","28.8608348299549","30.8056744670579","31.720288540472","33.8968498119203","34.5356669726981","35.242462400275","35.6814282386964","37.8238848703495","37.6827228687499","37.5267655427965","37.8171887096836","38.1668122993179","38.9863541777042","40.1930128342518","40.9994753084803","45.365694565884","47.6561714539858","66.6966254999313","67.9612242645129","72.8217366254805","76.475456852492","79.7445832162808","84.3556244346384","87.3805820946221","89.1392381625783","89.9613094115384","91.4709819168506","93.5538036692091","94.1808802697064","93.891191660641","95.7277818500049","98.339381640737","100","101.842244427209","104.097479340863",
"Japan","JPN","GDP deflator (base year varies by country)","NY.GDP.DEFL.ZS","23.2489819971884","25.0590820955212","26.111457676629","27.5503214591884","29.0183970456276","30.509030697756","32.0255946827909","33.7855260323535","35.4473898229603","37.018913935169","43.4588844961985","45.6715292539569","48.2311543138809","54.3591135421536","65.6712724799319","70.3847892198765","76.0211232433618","81.1518699131339","84.8879058517036","87.2237078096885","91.9669189944101","94.6415790823146","96.2763238333079","97.2633589251357","98.5678259409037","99.7406106533933","101.316599839369","101.071649616644","101.570479443283","103.738994990087","106.346754291905","109.547692074669","111.443105831025","112.098088355631","112.407932420242","111.685804616199","111.573558131624","111.662017637886","111.459863482704","109.955306794217","108.631928666631","107.535575371169","106.039903891341","104.168261683526","102.863635158623","101.516633975017","100.562507609805","99.5863541206732","98.6866259224364","98.2275064634293","96.3616291531291","94.8520921157718","94.1019971609959","93.9344882922901","95.562895987198","97.5432632233626","98.1140602852573","98.1353315160988","98.0183258646232","98.7853942704497","100","99.9557539623753","100.591027245651","105.186995520129","108.554052559848","112.269129181553",
"Kazakhstan","KAZ","GDP deflator (base year varies by country)","NY.GDP.DEFL.ZS","","","","","","","","","","","","","","","","","","","","","","","","","","","","","","","0.00138850772086452","0.00272642510920003","0.0428653014934522","0.575878889509973","9.48315210115325","24.7404697245697","34.3644211913505","39.9093714038407","42.1693771363819","47.7695297190063","56.0940403254069","61.7911937451347","65.3770751902319","73.051379275201","84.8357552944261","100","121.551708909558","140.425161015999","169.825328511078","177.791979148786","212.536595121202","256.197899155929","268.4584284735","293.959513236385","310.924620851142","316.594486390017","359.773015253436","400.107548107105","436.93987255277","470.292743709789","490.096104707737","558.366859935947","668.750440660249","732.430508649397","798.300301325728","874.977916226259",
"Kenya","KEN","GDP deflator (base year varies by country)","NY.GDP.DEFL.ZS","0.891276950270932","0.968480934056855","0.968658244867077","0.950473462264066","0.976048137369657","0.956019885329979","0.972404047691506","0.995749612929604","1.01246666418538","1.01064557408121","1.1654326249011","1.05798955082352","1.07074092601488","1.17999763277938","1.36937866490822","1.53144611739115","1.82098395233288","2.12872697378221","2.1943129570809","2.31804245437108","2.53943219951323","2.81503873829274","3.141373617149","3.51325060358557","3.8712761346337","4.19281591793635","4.55808245139073","4.80430788135658","5.11445594737657","5.61408762823004","6.2112692864993","6.98966318675276","8.31051620075823","10.4461928447269","12.2237603486621","13.5953971570234","19.3039377312512","21.5113847713814","23.0024254695399","23.9671331735388","25.4242985577041","25.8242533586918","26.0652467258036","27.6805917119225","29.6533436247326","31.1062535927873","38.4255965125675","41.5493998462851","47.8446221135969","61.0960592465264","62.0975456346528","68.3476716551131","74.85640143407","80.3490364751316","86.4837110425477","94.473642463645","100","107.581934028202","112.116543116457","116.909787955755","122.695481308957","128.009112870216","136.914776561639","144.329814758812","148.898786348343","154.10001586802",
"Kyrgyz Republic","KGZ","GDP deflator (base year varies by country)","NY.GDP.DEFL.ZS","","","","","","","","","","","","","","","","","","","","","","","","","","","","0.00865306404154136","0.0084906195103778","0.00908377679524968","0.00980827147362363","0.023027033283006","0.214177412357424","1.82999168690213","5.13998786808568","7.30038075547737","9.88054760273067","11.7884367254624","12.8585328099724","17.6900545659648","22.4949808476032","24.1445319791647","24.6335301211164","25.6126051544835","26.9210749772269","28.840176723257","31.5487358924164","36.2421000624472","44.293640812359","46.0810238104913","50.7047492907868","62.1041110370103","67.4800396396702","69.6226578525059","75.4815614654782","78.0685315885704","82.7921182674162","88.0304963529517","91.0652993999675","100","105.340185535087","122.187028540063","146.205680047254","175.240956926745","186.449820296058","209.561834428304",
"Cambodia","KHM","GDP deflator (base year varies by country)","NY.GDP.DEFL.ZS","","","","","","","","","","","","","","","","0.055151566966454","0.0544905744046905","0.0629919065536516","0.0620074058361013","0.0705032180100411","0.0747397718443026","0.0756507833132941","0.0729826021615556","0.0878062982199773","0.14517638639479","0.131617706294057","0.33863970501159","0.608168626599663","1.07415785663532","1.27844546656754","3.14024383855109","6.51412328108356","11.4271887442123","23.699989455683","37.9117576673857","40.9462830532652","42.1879799027785","44.7214000881032","49.3535252431911","49.9761457673166","48.360997888482","51.4549806520302","52.4805184899949","54.1979902671041","58.2643556071954","62.9352368677738","67.2131246418006","72.99362101089","81.598424408484","82.211341704089","87.3618813323056","91.6869647261396","94.1060666890341","96.8060123226323","100","103.069359341416","104.697932320827","106.871992310173","110.950848404298","114.049214543649","113.109128078089","116.101694776364","120.152366997936","121.375046526267","124.184227043814","128.488575575351",
"Kiribati","KIR","GDP deflator (base year varies by country)","NY.GDP.DEFL.ZS","","","","","","","","","","","8.90667677926125","9.54024274813204","10.038977811287","11.6708422294157","13.1868451913135","14.434451212676","15.7583948802686","17.1603169004025","19.1948474103678","20.9558660349797","20.0067455776316","19.8687910999085","21.1281769634122","24.9641198090861","24.9591751002866","27.4599190971635","29.2636345422314","31.3598986301729","29.8253183917039","31.2604979049995","32.8290300894161","39.3662544587299","50.2158759212735","52.0483484314617","53.9586968723194","52.9851028281609","59.6304301622883","61.1884641408265","64.6410445180044","67.6192168810652","68.2949531874452","68.5156756927849","74.0049307643438","80.9915973184001","77.8279164503726","80.9673102553454","76.5655064315984","82.1660666360219","89.9741327223885","91.7722333362948","90.9846616978262","92.8031629681842","92.3001030007807","89.5502591650578","94.0316351395845","96.9835326067319","98.6483697858525","99.6575342465753","103.64238410596","100","104.220779220779","113.77245508982","111.396011396011","121.270718232044","137.203166226913","137.215189873418",
"St. Kitts and Nevis","KNA","GDP deflator (base year varies by country)","NY.GDP.DEFL.ZS","","","","","","","","","","","","","","","","","","27.2785068797966","29.1648457302683","32.2637639365569","34.6161769387793","40.2781107648046","42.6008804108584","42.5181720956369","44.3288154783709","45.9742610402957","48.8231794218981","51.8044282838777","55.4363980073476","58.5901395432719","63.0447632865818","65.2130106231519","68.6675489454668","70.0346170488966","74.4272706047163","75.0104130664043","75.4948422533324","79.2055305607374","81.4234292420507","83.6870178330243","78.8738645031551","81.5029054062957","84.3359633957702","85.7438603612746","89.035695466344","87.5899643106985","100","106.324377131692","107.765620028125","111.073682868255","111.77183562809","118.097734251979","117.337844746259","117.706173233371","119.119773131673","118.93366957194","120.362449745851","126.080291229109","125.892431762861","125.855598098203","118.557689441734","114.742479286485","118.712284458621","123.945364648788","131.370866008609","134.898535551606",
"Korea, Rep.","KOR","GDP deflator (base year varies by country)","NY.GDP.DEFL.ZS","0.808211011391651","0.912926851321619","1.06582908451807","1.38612491619398","1.80768295647946","1.8958677423813","2.17180237144556","2.45392633773454","2.79240366690181","3.18728798428852","3.65794683569577","4.06965980910691","4.71367644056899","5.32005897884566","6.95583204244225","8.59134511631489","10.4118752439243","11.9171412273763","14.5088634632824","17.1974043623163","21.4228289216723","24.9634369467433","26.5797857120437","27.8730397242985","29.1331352369909","30.3077303730949","31.8381328365022","33.3985241259718","35.7479779718688","37.8872852133002","41.6979365318226","45.477136706731","49.0004209996183","52.0662019875306","56.2806549547295","60.2381620042482","62.6374319077764","65.0556371698148","67.982021946207","67.0630450444262","67.6890692285431","70.0856822344375","72.1950241675327","74.7685914082885","77.2066700593696","78.0852311236939","77.9577961881717","79.9153400170038","82.2640127046398","85.1446530301067","87.4596600887961","88.574996543707","89.7194589335156","90.6857718875055","91.6391387820936","94.597674478002","96.548710224339","98.4978551044644","99.0559262947421","98.4376085392717","100","103.18051786298","105.045867184315","107.187224223523","111.545882684705","115.033019904718",
"Kuwait","KWT","GDP deflator (base year varies by country)","NY.GDP.DEFL.ZS","","","","","","","","","","","5.35898017058194","6.74049736304468","6.87335966846035","8.06071248686214","22.0214648179628","22.9564677755036","23.7119898047789","26.0198450795405","25.5115401807373","35.9262266147945","50.4531346134409","56.1589317486092","56.5895127795227","51.3400771841045","51.5185790379603","54.0260102936735","40.1406584879367","44.4688193210557","45.7892498381055","45.0008197801674","45.3236621963922","45.3086842771984","46.1396485472592","42.7315799593901","40.2230328017538","42.1740534031661","48.7153492052172","46.4182476253661","38.4546808607053","45.4108855137532","54.729975828615","50.5055272871452","53.1056982093437","55.7188438511738","62.054782873621","75.5647369685323","87.7883630037416","91.5697257736769","108.659331256308","90.0062864681559","100","117.227537130128","126.004658671606","126.285677469314","117.751338871798","87.1850567810197","81.2234794929784","94.406761158803","105.07394169534","104.957891431493","87.683104278723","113.486426906468","133.498080613725","122.756179997976","120.964534337643","114.956036448648",
"Latin America & Caribbean (excluding high income)","LAC","GDP deflator (base year varies by country)","NY.GDP.DEFL.ZS","","","","","","","","","","","","","","","","","","","","","","","","","","","","","","","","","","","","","","","","","","","","","","","","","","","","","","","","","","","","","","","","","","",
"Lao PDR","LAO","GDP deflator (base year varies by country)","NY.GDP.DEFL.ZS","","","","","","","","","","","","","","","","","","","","","","","","","0.413283724215016","0.681152279732858","1.02932639221902","1.17783468805429","1.48229492760785","2.30150776688715","3.17394907934362","3.5856661488824","3.80058529373288","4.22558875979034","4.5509842580421","5.44686209392062","6.19445547758288","7.39325709344034","13.6408889953924","31.0976756945999","38.8092078441139","42.2508370383427","44.9204412793833","50.9622809883972","56.4103672217018","61.2844048623456","67.906246843711","72.9573076990001","79.4238426536944","77.095077185272","84.185180781994","92.9982896185993","100","106.473972083433","112.571267107947","115.214998820847","118.697149153009","120.895535208122","123.216595524512","124.692020514079","130.969645430961","135.833135590319","157.25938094331","195.664826956025","223.153547843713","240.000430827531",
"Lebanon","LBN","GDP deflator (base year varies by country)","NY.GDP.DEFL.ZS","","","","","","","","","","","","","","","","","","","","","","","","","","","","","7.77260814407649","13.446336590847","15.530767302578","22.9320569418753","45.2756360039794","56.478194685758","60.9251279361509","67.4313257404251","68.603356178359","76.5248260157172","79.599530977086","80.2465561351339","78.5710215667211","77.3726944169649","81.1803501078928","82.464016414526","81.4458648434637","80.5807411199835","81.2904459944069","83.8372136612719","90.1529089854653","99.4247218746476","100","102.96508062084","110.673099969758","113.526751724773","113.64627112602","117.437265765136","118.460491027314","121.716420650649","128.438194280971","133.69751120119","248.065092840466","620.164510241019","1315.6757774119","3985.28328267632","5785.07638491064","",
"Liberia","LBR","GDP deflator (base year varies by country)","NY.GDP.DEFL.ZS","6.39338878822392","6.02570327227901","6.20246802169582","6.329029226312","6.58104613790365","6.57636206233666","6.51083092456089","6.51267909118675","6.59242253081202","6.81361736694421","6.72380924532379","6.77530514552586","7.01176191659846","7.54134614145011","9.05930778559138","11.1308055288887","10.9195123663029","12.1239588432848","12.3270397593382","13.5488455397826","14.833211642356","15.011718561256","15.7026497966071","15.2548332623835","16.0583287118735","16.2486866141519","16.3255254412156","19.0758960043997","20.7847055865451","21.464384040281","21.4284668903356","22.616600272647","22.3761353260608","23.9594947115838","25.2399754626199","26.8832697714184","28.352591691908","25.5148300314809","23.8138330423821","24.0323850804038","36.9647538534381","37.2309095942698","36.7123842119322","42.407022602943","49.5561164180905","49.7989465922303","54.348021416326","60.8793748570576","71.4275457143535","69.4826856850105","74.007400740074","82.0915587215161","88.4923665731303","92.6650543310891","93.422981572921","93.4815703249238","100","97.3820658470061","97.177687381259","96.6330777388255","95.2989596413853","100.401529008288","109.102534890314","114.352696014587","119.680024460366","125.090039767221",
"Libya","LBY","GDP deflator (base year varies by country)","NY.GDP.DEFL.ZS","2.27170843899851","2.28465466428716","2.40676040475571","2.56660155871379","2.65954972278471","2.7926004294047","3.01682896027073","3.20191690106978","3.37749326186196","3.39796880846909","3.40075515681945","4.0946350135088","4.14823987002514","5.08243231030372","7.19059861099094","6.72846065630103","7.10813045430954","7.66917330208511","7.32721083967951","9.2766237966045","12.3566639235549","13.581205615456","12.26111965839","12.3635270526492","11.5593947031129","11.4146048240658","10.5199302657299","12.7192215999956","10.4583460557517","10.568980537749","11.0659883171231","10.4985981466562","11.4641658448598","11.6515066523049","12.208137074036","13.3785167264811","14.9387113793239","16.4939072778327","15.4007999196267","20.0177071411605","22.6814358661052","24.3110686033856","30.935179073681","35.37826436045","43.3756421879722","55.7674142602569","66.742169823764","68.3702690828515","84.580430172675","63.5645042257867","75.8188159949693","94.2752033664177","99.9146805140392","100","98.9933959833476","92.023560753594","96.3415954708641","98.0821642215649","101.610742554939","105.85367453351","100.821259781514","192.019874828197","274.15078609332","253.25502625773","274.805507369784","263.983391888868",
"St. Lucia","LCA","GDP deflator (base year varies by country)","NY.GDP.DEFL.ZS","","","","","","","","","","","","","","","","","","","","","30.3963746862412","32.6323318379115","30.1388281002933","30.8593444456417","36.7184616908737","38.3527521132655","40.0723031812489","42.5916874290047","42.7781932990872","44.464049112176","48.1911222389746","50.8331139359365","51.720245193747","52.2396972030064","53.586809602645","56.3010587058792","56.5611520587888","58.1865508953964","59.6006224931542","60.9908262348082","61.6713826415386","61.1088528445829","61.3604443809236","64.5662314153514","65.0234473873951","69.5080732742955","73.1055425037206","75.7306894907834","77.6487763439825","77.8960384147039","82.1201999228541","83.2800696983344","84.9568045613123","89.8974504999138","93.4636034584779","96.4886996267476","96.433998581704","99.769065074097","100","102.467633867775","96.7640893996844","107.047506038903","111.208365883105","112.625373771892","114.715571792028","117.649760514402",
"Latin America & Caribbean","LCN","GDP deflator (base year varies by country)","NY.GDP.DEFL.ZS","","","","","","","","","","","","","","","","","","","","","","","","","","","","","","","","","","","","","","","","","","","","","","","","","","","","","","","","","","","","","","","","","","",
"Least developed countries: UN classification","LDC","GDP deflator (base year varies by country)","NY.GDP.DEFL.ZS","","","","","","","","","","","","","","","","","","","","","","","","","","","","","","","","","","","","","","","","","","","","","","","","","","","","","","","","","","","","","","","","","","",
"Low income","LIC","GDP deflator (base year varies by country)","NY.GDP.DEFL.ZS","","","","","","","","","","","","","","","","","","","","","","","","","","","","","","","","","","","","","","","","","","","","","","","","","","","","","","","","","","","","","","","","","","",
"Liechtenstein","LIE","GDP deflator (base year varies by country)","NY.GDP.DEFL.ZS","","","","","","","","","","","34.2821731037958","37.1082943846985","40.1674004572505","43.4786849234732","47.0629403558952","50.9426678360359","52.0789058981392","53.240493504568","54.4279781549515","55.6419624146343","56.8830161057251","60.8720564974865","65.2407609034868","67.3399832836082","69.3274804111858","71.3069194731726","73.9440096591762","75.8070590677798","77.7062625915171","80.1492107223382","84.4792272686593","89.438267615526","93.0368647428287","96.1088345879642","96.9280286347238","98.6688111610833","99.4733767305036","99.9853724524312","100","100.819192785902","102.384432860558","103.39379587067","104.066704808316","104.724985295248","105.573434317459","106.830357705973","108.23505049088","115.358797732172","112.917006318363","101.737474473782","","","","","","","","","","","","","","","","",
"Sri Lanka","LKA","GDP deflator (base year varies by country)","NY.GDP.DEFL.ZS","","0.774892109055392","0.756708433133098","0.781762822050066","0.794260946013976","0.803534313567069","0.7890422156626","0.803551720115369","0.900768408764585","0.912464753249231","1.02660013678552","1.04198325421561","1.13541643409303","1.28016607107804","1.59225446275313","1.67744476839715","1.84477949834915","2.1157975969804","2.34679796249323","2.70814139284671","3.24916066474329","3.92775766034758","4.40305798564172","5.14747552607626","6.19243961308435","6.22859761225264","6.59716148028371","7.10853989787493","7.82771329860573","8.68274673182124","10.4247901112276","11.5323222274821","12.6167879180823","13.8638809852412","15.2184632362585","16.6343037757307","18.4337122338253","20.0788231344284","21.9289180494472","22.8417533752143","24.5040460356816","27.8524749581705","30.1117480328011","32.7461238124301","35.6282714311543","39.340283677903","43.7766990528957","49.9178882500771","58.067989863923","61.4823195169283","78.0425061490424","81.1485427512275","89.6394776594153","95.2445313433517","97.0738252460365","100","105.443221718642","111.2139661183","115.990946492697","120.480408104872","124.220487863197","134.184327036105","197.873421685834","231.145983719093","240.594250694971","249.462249325008",
"Lower middle income","LMC","GDP deflator (base year varies by country)","NY.GDP.DEFL.ZS","","","","","","","","","","","","","","","","","","","","","","","","","","","","","","","","","","","","","","","","","","","","","","","","","","","","","","","","","","","","","","","","","","",
"Low & middle income","LMY","GDP deflator (base year varies by country)","NY.GDP.DEFL.ZS","","","","","","","","","","","","","","","","","","","","","","","","","","","","","","","","","","","","","","","","","","","","","","","","","","","","","","","","","","","","","","","","","","",
"Lesotho","LSO","GDP deflator (base year varies by country)","NY.GDP.DEFL.ZS","1.38647690477808","1.40517932335626","1.42860983107803","1.45133418603248","1.48036792381254","1.53117912016342","1.58839931846029","1.49683579309506","1.55771781916081","1.64686915693261","1.67950714815533","1.78003398528097","2.02820849394681","2.1694735712996","2.38252334600748","2.97248787721749","3.10752643437267","3.33993503050293","3.89257551932448","3.98710225982882","5.64013495709555","6.34950125831691","6.04138257006764","6.73957559120792","7.285680030347","8.64866898364399","10.0543607090353","11.2343187145421","13.4902935940677","15.4921565612709","17.3502709324305","20.4433422558723","23.2929377315287","25.924567747288","27.9380346091757","31.5187180932967","33.4104854411037","36.4237573820675","40.0378077112551","43.2933829850503","46.0209606017592","51.3009706865712","58.5892649345646","60.0181474428751","65.7801252046712","69.676178877949","76.1637198671414","71.0741140882264","82.9575783242141","84.9029591431928","89.4343235824151","97.8647669238917","100.000223130414","110.280141711726","125.758127397218","138.589278414495","138.183972361313","140.97378272687","157.500236162913","163.131585395991","173.813774702618","179.243338858212","189.155594021868","189.765546689167","201.142726021111","207.173071730717",
"Late-demographic dividend","LTE","GDP deflator (base year varies by country)","NY.GDP.DEFL.ZS","","","","","","","","","","","","","","","","","","","","","","","","","","","","","","","","","","","","","","","","","","","","","","","","","","","","","","","","","","","","","","","","","","",
"Lithuania","LTU","GDP deflator (base year varies by country)","NY.GDP.DEFL.ZS","","","","","","","","","","","","","","","","","","","","","","","","","","","","","","","0.137497039321759","0.451453360040024","4.70552796004427","19.1135931696764","30.8943052758224","42.6482720469208","50.7512054222918","56.5228798575425","58.3955997510132","57.6465308354656","58.414194352898","58.2294667233707","58.4129789777754","57.9384663741822","59.7468107300895","63.5545649089062","67.6761219798138","73.7074910676766","80.8689690744837","78.3704960027744","80.0332996720228","84.5329951045238","86.6506995793246","87.3732169854565","87.9054864611062","87.903506141976","88.7715290251284","92.4074257931527","95.7276353915743","98.0019901242151","100","106.040108837616","122.416700555158","134.625833187492","138.893534525093","143.941838892683",
"Luxembourg","LUX","GDP deflator (base year varies by country)","NY.GDP.DEFL.ZS","10.3500767368125","9.97140790214523","10.3597612437685","10.6856741064726","11.3091113267403","11.6254759580497","12.0827062842309","12.1347788164519","12.7435379458373","13.4180553104712","15.4344898796644","15.30882111293","16.1950181326833","18.1711781473896","21.2567724794041","21.074963048136","23.6494168474879","23.9266347238562","25.1540682961684","26.7524619513576","28.8716192058037","30.9451852246097","34.2907868439439","36.6289663788976","38.2433842548143","39.4260572772323","39.3930274456137","39.4178591118502","40.5122671142557","42.1412597824624","43.2004363647464","43.9879106620735","45.6282502789695","48.3535205114827","50.0663840618234","51.2339669454829","53.1724327604954","54.5653631608214","53.4564616307538","56.0029576057163","58.5839065085708","59.0468067917738","59.911519272006","61.2212500842375","63.1304507045603","66.1719444606032","70.4431410095197","71.7763485014794","76.5223496495215","77.1886194237027","80.7766755367366","83.5630464990858","86.2923585211599","88.2564838675104","90.724756306729","92.7393855134672","91.7121883520147","93.6775555963034","95.4008336321278","96.2750571275692","100","105.902131260212","112.489302284424","120.263159447943","125.765311833187","129.813254836526",
"Latvia","LVA","GDP deflator (base year varies by country)","NY.GDP.DEFL.ZS","","","","","","","","","","","","","","","","","","","","","","","","","","","","","","","0.44799942533739","1.17637813050402","12.1460409738819","18.6676881628111","25.4350591769279","32.893308928984","37.1576633340452","39.3088610664712","41.1442894444596","41.6896919290986","43.2634428948618","44.398328190051","45.8452716088704","47.5165596213673","50.8070771894683","56.1140483718471","61.8524870365407","73.9449485837913","83.0951914802976","78.3324876004024","77.9534669936907","81.6235997059251","83.9731899519099","85.5691253595764","86.9980862753768","87.3346709249203","87.8656050993108","90.2460951767815","93.6215506880742","97.6626143415894","100","103.29734326527","113.309402832947","125.402319099512","128.898903711541","133.570333273988",
"Macao SAR, China","MAC","GDP deflator (base year varies by country)","NY.GDP.DEFL.ZS","","","","","","","","","","","","","","","","","","","","","","","13.3092582890502","14.3824084624411","16.4343394747158","16.9593101086517","17.9113840946559","20.0165943323972","21.7892705336317","24.5053718588999","27.1870203902653","30.3547327921359","34.8288736776602","38.15033298401","40.7265092374166","44.0595496888317","45.0586343862304","45.8066606603759","44.911801242236","44.379230208139","43.6059288727763","42.9626049470295","42.3902306337776","42.4106226918342","43.2285469817177","45.6344744879795","49.167961132961","53.473710800765","58.8595202278447","59.3930352029935","62.2482703917508","66.9077618456689","71.5548413850301","77.09507767172","83.8232962111703","87.6213847074192","88.3997422984617","90.3080034361801","93.5153985621558","95.7615788361431","95.5124779501828","94.7059277852867","95.8062717703623","100","100.195824921935","100.655643761272",
"St. Martin (French part)","MAF","GDP deflator (base year varies by country)","NY.GDP.DEFL.ZS","","","","","","","","","","","","","","","","","","","","","","","","","","","","","","","","","","","","","","","","","","","","","","","","","","","","","","","99.9656357388316","","","","","104.715636654355","","107.485717362889","","","","",
"Morocco","MAR","GDP deflator (base year varies by country)","NY.GDP.DEFL.ZS","","","","","","","13.3526548012026","12.8525924533823","12.5598129846544","12.9376315404286","13.3862695856906","13.930447877496","14.429745768344","15.3012148234422","18.9579352289403","19.1344935052059","20.0867395403516","22.2502755336071","24.1231286803612","25.8948781758481","34.4461778314702","37.7083951508309","40.0834028006736","42.8772953549392","45.536182230036","49.613330023699","53.3297402876674","54.9375297896001","56.954064863624","58.6171116289388","63.1273229978519","66.5338729470342","69.5863660799303","71.6983000873185","72.1681678920978","77.6084951818582","77.9464713055882","78.5025349175094","87.653709034991","87.5483877072063","86.0008835578071","86.5293786915819","87.3596794261719","88.1113293197704","88.9162661210402","89.7042610784796","91.000816672457","93.8869477258973","98.4220500737108","97.9766324441022","98.6110321654467","98.020505021415","98.5431233612304","99.7850253740952","100","103.172935309671","104.173592965433","104.110160608051","105.087944119287","105.946308180961","106.097194753971","108.659657975174","111.488450602488","119.350259588063","124.082879458163","126.68895138862",
"Monaco","MCO","GDP deflator (base year varies by country)","NY.GDP.DEFL.ZS","","","","","","","","","","","14.644596750857","15.5206591821636","16.5833593739564","17.8714797424164","19.9025095335222","22.620567357616","25.0630139070229","27.2688595161714","29.76912706141","32.7751764103831","36.4668020297163","40.6390110828954","45.5108489690503","49.8422124308023","53.4696175389782","56.4247871314149","59.4034658480554","61.0536869320649","62.9311389721122","65.011070047788","66.7286185417914","68.4248193521912","69.8846288270092","70.969837132733","71.9242451679324","72.8649603051151","74.0340382314061","74.7842562095834","75.4579964162241","75.4936681716597","76.5495041967986","77.8116871157473","79.6629989660606","81.1616860998285","80.9658818486433","82.6130530432657","84.3866943866944","86.5442067016552","88.5894610298537","88.6948775538844","89.6434355302005","90.4932723272993","91.5444118606397","92.2569521342111","92.798353909465","93.8501429426235","94.3347210120373","94.8888925933952","95.9466919012696","97.106890459364","100","101.221730136473","104.276053104412","109.482054741027","112.09500648862","",
"Moldova","MDA","GDP deflator (base year varies by country)","NY.GDP.DEFL.ZS","","","","","","","","","","","","","","","","","","","","","","","","","","","","","","","0.00613399023612624","0.0147109529207191","0.153733948091919","1.47654880602465","5.55833697307119","7.7114988906271","9.85930381457092","11.0920066368873","12.1415023754984","16.9715942995539","21.609719213745","24.2221724041347","26.6025826748542","30.5573152893989","32.9979546027467","36.0813310229373","40.9227749809975","47.4330626071976","51.8178929402901","52.9420260111899","70.5743318254155","76.3549332075587","82.0236929720917","85.2421806509617","89.626362638155","100.000000136295","103.550873972022","110.025357668709","113.55830725706","119.635620817469","126.305317924946","134.365780460824","159.781025838027","174.625899505358","185.846008360366","198.035874405409",
"Madagascar","MDG","GDP deflator (base year varies by country)","NY.GDP.DEFL.ZS","0.482388577985987","0.491020708107906","0.507670868726465","0.526337209644799","0.535036053619902","0.558283628854761","0.590760497773852","0.594740597202302","0.600514644152075","0.62372061280809","0.666785794530318","0.690711191923339","0.71160061191168","0.796287316981328","0.977876141152172","1.02374876221584","1.12537726880221","1.22209115086467","1.3051306268114","1.45295654469205","2.14690178263732","2.80078049821725","3.6944147427658","4.41368132994097","4.84271193719398","5.35439531767797","6.13037165549971","7.07817815208551","8.94239736740263","9.74871441345248","10.9047857720947","11.8360744215166","13.5602691317911","14.9149286984545","20.7305771709968","30.8960476882499","37.0013589427097","38.6634501529925","41.0644386313676","44.016619824979","49.1094981028458","52.997469978327","61.7412710955507","60.6891968732856","69.1588609049904","81.8590728502709","90.6717236162302","100","107.48630027641","114.934197017474","126.678795096436","139.83589181664","147.479566185039","155.520598192639","165.989888424558","176.785400504255","192.625515108149","202.182706620469","218.959814091731","233.240571633661","243.295911194407","258.549586678319","283.794845904628","307.770189011629","330.646998974743","358.345999708183",
"Maldives","MDV","GDP deflator (base year varies by country)","NY.GDP.DEFL.ZS","","","","","","","","","","","3.02784717438423","3.19776003103671","3.36737917046923","3.7102443317278","4.38134654052541","4.37811372193632","5.76534922033598","5.06124088973612","5.27471467553806","6.29166700524667","5.89573470506636","5.56307488628779","5.83085459560226","5.94945125935096","8.87364527946059","8.99104417061937","9.23958782317072","10.8990893250368","11.3930709824698","12.0612916675254","12.3636835894359","14.8679783979868","16.7477393194044","18.6157496746091","20.1720915574982","20.3269442309221","21.2734337648088","22.1457325813049","21.8937179416422","22.4965191038662","22.9537411557036","34.6355491172507","34.8078730910161","35.8908737133383","39.5097716487124","42.180468707024","46.1963167193409","51.1461261766858","57.063019294748","64.2739467491359","66.4231051814586","74.625465807665","79.7824868393198","85.1557647312622","88.6689822388144","95.2575089623197","95.6427596073851","97.6747945102739","100.972727825072","100","96.6346753834925","99.368143572154","102.759592154622","104.957171552761","108.178885897316","111.739959628933",
"Middle East, North Africa, Afghanistan & Pakistan","MEA","GDP deflator (base year varies by country)","NY.GDP.DEFL.ZS","","","","","","","","","","","","","","","","","","","","","","","","","","","","","","","","","","","","","","","","","","","","","","","","","","","","","","","","","","","","","","","","","","",
"Mexico","MEX","GDP deflator (base year varies by country)","NY.GDP.DEFL.ZS","0.00568012431579304","0.00587427405134937","0.0060247008765655","0.00621819572389417","0.00657886373197756","0.00668113651415727","0.00701231959647115","0.0072346101487552","0.00730858647260254","0.00781798118028257","0.00802771267400074","0.00853816686648242","0.00909649601287963","0.010314277413484","0.0127002635657174","0.0146792944813731","0.0175217263747427","0.0228557316267482","0.0265131923172337","0.0317292116532156","0.0448667352569476","0.056117314821951","0.0903943983722071","0.170718753347584","0.271894592957225","0.432718929346681","0.73930469271405","1.78930468674271","3.58891552373685","4.57207741381545","5.85710148632517","7.24601104455081","8.31942682966718","11.8857673778225","12.8794920884853","17.8779237186309","22.6507526092554","26.6675671209169","30.8586567549413","35.5859194822988","39.3928885321613","41.9427938110141","44.2506222688697","46.1444016628856","49.8901472246571","52.8261737805553","56.052349760772","59.4871212441576","63.2409856230449","66.5570155850144","69.4675301830527","73.4060846754198","76.7403468140087","78.0479123947407","81.457333128084","84.0846815010146","89.1950018810292","95.0529682854956","99.9999999958638","104.319010231962","109.138329565566","114.03642804829","121.638836971953","127.327123975879","132.097596838059","138.214981097512",
"Marshall Islands","MHL","GDP deflator (base year varies by country)","NY.GDP.DEFL.ZS","","","","","","","","","","","18.3066659583621","19.4006663055859","20.9968818521454","18.2465130404929","20.7431143228562","22.7383160321268","24.641410887608","26.7818936146777","27.8642595930641","31.3795757315258","35.3548867478696","38.5759030137629","41.4221837870669","42.8763324011059","44.6373164643354","46.282548551136","47.4182672198609","48.7745086233297","50.7856041836624","53.2014890161193","55.8561778156182","58.6737723465882","60.4421570488526","62.2758052851879","63.9103524705821","65.7043724038357","67.5414434487091","71.5610424489658","73.4795798810244","75.325518497106","74.4850868971601","74.2480635201776","77.2350823797957","77.9659878183068","79.3432835820896","80.9384164222874","83.8407494145199","84.9802371541502","89.554062309102","89.0984089569829","89.9497487437186","96.68911335578","102.728823194997","102.081051478642","103.161397670549","100","107.169410515135","109.589743589744","106.951871657754","102.508802816901","109.461294703486","115.764339183614","115.455637958294","124.528301886792","130.13698630137","137.5",
"Middle income","MIC","GDP deflator (base year varies by country)","NY.GDP.DEFL.ZS","","","","","","","","","","","","","","","","","","","","","","","","","","","","","","","","","","","","","","","","","","","","","","","","","","","","","","","","","","","","","","","","","","",
"North Macedonia","MKD","GDP deflator (base year varies by country)","NY.GDP.DEFL.ZS","","","","","","","","","","","","","","","","","","","","","","","","","","","","","","","0.173443613863752","0.336344147854669","4.61351172551766","25.0112044734272","62.9996490146372","73.7673073014341","75.8806085617202","78.8621768366538","79.9597088123391","82.1490591451594","88.8675239640593","93.0611477368258","93.9396141145014","95.4911667809838","95.3326112863414","100","103.25262417821","107.994555222497","113.924745798083","114.260912219978","116.593300823066","120.933104416719","122.146061357914","127.622227364385","129.468879973499","132.062686503689","136.63899252017","140.474485981096","145.989732442654","147.257169582687","149.280896470504","155.678367078639","169.492778606232","182.852877288584","189.567955671829","198.341491123706",
"Mali","MLI","GDP deflator (base year varies by country)","NY.GDP.DEFL.ZS","","","","","","","","3.72306799204257","4.50813076964803","4.66994363592943","4.95152931395449","5.28305599265402","5.62499197622962","5.84758600204993","6.129325462334","7.53840456684638","8.36358378428711","9.03801870021662","9.81186752451882","10.9325049621796","19.238000530468","19.9946156233934","19.8512696112741","20.9868127961924","22.960701970981","23.9599313104729","24.8980369645913","24.8796691475804","24.7654835670639","26.6675637850146","27.6341655345876","27.9835995023858","28.4610425381243","28.7980801319488","39.0930539450969","44.3190689042544","47.3830946598654","47.3700651822094","51.1974531258393","53.5923218968486","53.6224665652311","55.9227996253444","57.9266469181906","53.1969595429574","55.1562174619598","61.6048368655205","65.0722260261646","69.1953532760886","73.5252408992709","77.9629241902567","81.2425379754206","91.3861545747183","95.8225848863528","95.5182915437387","97.2587153856828","100","101.600058896994","103.300727154853","104.829366085551","105.878965015276","106.380104533166","110.455301153497","117.415728114229","119.808998463381","123.172196389456","125.780925029277",
"Malta","MLT","GDP deflator (base year varies by country)","NY.GDP.DEFL.ZS","","","","","","","","","","","25.6626027386759","25.8250965206573","25.5091820661877","27.7251081044027","28.6577020454407","30.1946844067062","31.7124823815694","33.2729033064535","34.6553864625236","36.8062668209082","41.3675085019442","44.5860411030999","46.1205550751814","45.9796640976707","45.8984421442736","46.1905919632504","47.8154411416275","49.2745149347338","50.190804754502","51.2684205951921","52.883914079277","54.6559864288914","56.5986891408194","58.2143026225549","60.287746839642","65.5189288933869","66.4230315976621","66.9437588365168","67.8666793399394","68.2378291707264","61.4836865661017","64.1710885543351","65.8605475695828","67.2014853989564","68.8903697097634","70.2433809375872","71.8394817149413","73.4490808382087","75.9263840694372","77.6319390173653","79.7789471046893","80.9617764456191","82.7110676456157","84.5763268202195","86.4968788761762","90.1302821520192","92.0458834166422","94.0117330639751","95.7023504180292","98.1007085504316","100","102.468074128219","107.680517303317","113.241079981167","117.88740503717","120.455213785802",
"Myanmar","MMR","GDP deflator (base year varies by country)","NY.GDP.DEFL.ZS","0.17794438355061","0.180523575557465","0.181608247186246","0.183322233054286","0.176509354856856","0.179494310488466","0.185875712420666","0.215600194971577","0.219249969053424","0.225306207599305","0.222087461692987","0.216958501403327","0.218597592364248","0.240467914175348","0.376382531910178","0.438473107999682","0.482884802296401","0.492164879264586","0.496089187425331","0.523952780239372","0.530424559742419","0.553896821236182","0.572587894598942","0.583795379714181","0.59849469846443","0.607874611619967","0.64771781194018","0.785282851081346","0.98313974337623","1.55025877321566","1.83767047702833","2.27409598535106","2.7686087408959","3.7722135851434","4.60512402172098","5.50776718006922","6.77661866349055","9.0667243853205","12.314900134775","15.1030538739732","15.4748569256425","19.3195023040182","27.3388206057674","32.942332744919","34.1286283393121","40.6688782369008","49.3315521604343","60.9954590265392","69.3022219547503","72.6831996326856","77.802431393908","85.7807413709392","88.4657617425415","92.3388554635237","95.9495126525236","99.918653013631","103.531389863771","109.612211778514","115.466703746503","121.728385733394","128.23368457803","153.261321282683","162.707914613934","180.260301724271","201.964071807021","227.252123759246",
"Middle East, North Africa, Afghanistan & Pakistan (excluding high income)","MNA","GDP deflator (base year varies by country)","NY.GDP.DEFL.ZS","","","","","","","","","","","","","","","","","","","","","","","","","","","","","","","","","","","","","","","","","","","","","","","","","","","","","","","","","","","","","","","","","","",
"Montenegro","MNE","GDP deflator (base year varies by country)","NY.GDP.DEFL.ZS","","","","","","","","","","","","","","","","","","","","","","","","","","","","","","","","","","","","","","32.2032991342211","31.6153306873843","35.4595476036642","47.1244986025143","56.645885297145","58.387834892349","63.2461549911247","66.9686503072676","69.8714637993017","76.8146262742225","88.9340952197375","95.9806266927363","98.2089278433227","100","100.342477045376","100.717978691868","102.347801974372","103.509926918323","105.876383852188","111.462880667991","116.65403062069","120.508219006613","122.899688442224","122.333679532855","128.539081805927","144.050923782528","160.877913120676","168.643773267431","175.437414335391",
"Mongolia","MNG","GDP deflator (base year varies by country)","NY.GDP.DEFL.ZS","","","","","","","","","","","","","","","","","","","","","","0.141577989714607","0.14438324601671","0.145688831866444","0.141190552570617","0.139146027371109","0.12638305288353","0.127406488718985","0.128592627476199","0.137784092639984","0.169809146379376","0.328274958712676","0.898457975031307","3.76361552824758","6.18435001487655","9.91180776577511","10.9830335964007","13.3632913803552","13.1051397197519","14.5312091760046","16.2749094320906","17.975400612183","19.1203774312076","21.0776491182074","24.5958192325258","29.5391949025526","36.0339102088301","40.2241378349506","48.8517141116537","49.7440901730316","69.2329233251743","79.7004328078695","89.8896380889828","92.5034924360396","99.3939264323291","100","102.993126760577","114.116844224137","123.20124782975","135.487138998204","140.5092702744","160.770799054486","189.250883758708","230.448961664863","251.030739132303","261.9639218522",
"Northern Mariana Islands","MNP","GDP deflator (base year varies by country)","NY.GDP.DEFL.ZS","","","","","","","","","","","","","","","","","","","","","","","","","","","","","","","","","","","","","","","","","","","88.1262868908717","84.7469220246238","85.3916725476358","85.7720291026677","85.9375","87.2558139534884","98.2217573221757","100.888324873096","100","98.5135135135135","100","100.783289817232","104.260651629073","110.30303030303","115.384615384615","118.811881188119","123.084200567644","125.961538461538","130.421686746988","131.133428981349","134.809348093481","","","",
"Mozambique","MOZ","GDP deflator (base year varies by country)","NY.GDP.DEFL.ZS","","","","","","","","","","","","","","","","","","","","","","","","","","","","","","","","3.46068661553827","4.76917810852111","6.81784041172521","10.2431952757641","15.5143291228367","23.0881083299448","25.5227605868902","27.0945702995845","29.5162258268839","32.9446986430439","37.8146074173254","41.5324932711809","43.0443372108831","45.5384400065422","48.8768848939871","52.5237576761794","56.4295705254327","59.3372757350248","60.2103485267673","64.8135669435581","66.3356243087561","68.44193598689","70.2222724490217","70.9847956682351","75.9962869881332","85.2381128343688","92.0384200472295","95.5313872593929","100.000006750509","103.171668032771","107.866562062975","117.737003543635","123.737307627137","131.735876215191","130.387070537663",
"Mauritania","MRT","GDP deflator (base year varies by country)","NY.GDP.DEFL.ZS","","2.16483718095612","2.21750038105683","2.31629533626716","2.42131634382468","2.37130548006962","2.46955053794356","2.52836445523194","2.52807153244809","2.48916768110995","2.49235776390265","2.64867709911908","2.83732166869703","3.30584055341617","3.72516557124308","4.28410302526401","4.54246189762321","4.83256823825553","4.95286048789412","5.55883891431467","5.92280105764451","6.35309865729795","6.99386951021032","7.5013306078823","8.31992131330905","9.17229107750009","9.83822249293079","10.8675099109179","11.4525291421344","12.3659971644847","12.6927658632428","17.9492342650756","18.9798690021731","21.2409189263004","23.5970893777598","24.2676998088473","24.718366403064","27.7036191877431","32.8153837813242","34.3821606137966","36.5659733744614","38.6965333059493","41.2949246667166","43.1472000959807","47.8664425686037","54.8478872742157","62.5765375461305","68.1430870479958","75.4455163470855","75.174721142151","91.9711359294237","108.11001525942","108.602820893902","113.476881039606","100","95.2060914217296","105.878817800825","107.555872975136","112.454459329782","118.446083332481","126.07504547968","135.486387643868","134.656720963358","139.781683420084","145.172471118477","150.072300764334",
"Mauritius","MUS","GDP deflator (base year varies by country)","NY.GDP.DEFL.ZS","2.15347633302512","2.0737956867266","2.12136403637318","2.39100817479961","2.21461242588706","2.25491166581292","2.31303544039055","2.35434217799586","2.52075942436133","2.57642246704237","2.61686297050649","2.78006107812063","3.16467488874014","3.65506186272988","5.8326457119001","6.13953509237428","5.82847497903097","6.32852371020809","7.00895396112103","8.26611264713493","10.4623832471912","11.599006045368","12.6272855023128","13.6926121375712","14.7145840953416","15.9211100375827","17.1983907851387","19.4195624968201","21.5336649362141","23.9126090789173","26.4434313153443","28.708120551328","30.2455550354532","33.0342611317936","35.1997991651848","37.1017152289716","39.6995932016294","41.7325177592134","44.6385948176235","47.572204140432","49.194382689641","52.2601827757691","55.5103920602552","58.6318483135696","62.6454620334388","65.1187673318136","72.454693513309","78.4571310823594","82.706309117659","82.2163771502949","83.0647651102704","85.6121572777514","87.7272921211996","91.096069239463","93.084107969475","94.4500838998974","96.688518134156","98.2932988107336","99.9999181402433","99.5031491497549","101.586081032157","104.667615717737","113.957996351545","121.305323509287","125.807635821735","130.735429669085",
"Malawi","MWI","GDP deflator (base year varies by country)","NY.GDP.DEFL.ZS","","","","","","","","","","","","","","","","","","","","","0.0810336893496805","0.0943278649180049","0.103443010278066","0.11505942936885","0.129754882785865","0.141343070791424","0.160437507913402","0.187268862796707","0.245494133962872","0.300753601918339","0.332816599106866","0.368402395460899","0.417313063093064","0.534889600215045","0.674880271534298","1.19602015128805","1.82208393340143","2.20171238172015","2.6321136832476","3.67681986418237","4.79949833820723","6.02924835890724","12.8238283479441","14.1505940261777","16.2514798141625","17.9970897466856","21.5906153672181","22.4757711944067","25.1649224919284","27.1529068144285","30.4458001198769","34.7052399394676","40.8271625249901","51.869395707623","62.7460352052186","75.1789545556475","90.4347814326546","100","106.152346985613","114.356391017723","121.467411186438","131.370610872351","153.922780827181","198.611624775095","247.557926400485","322.735910430739",
"Malaysia","MYS","GDP deflator (base year varies by country)","NY.GDP.DEFL.ZS","14.9079770758788","13.7513293609029","13.5985595346265","15.8882341955436","16.0672510637581","16.4934195700209","16.2662159662605","15.8883378320067","15.367090002446","16.1209943747163","16.0388680167138","15.9637012258564","16.0185913187511","18.8817735083514","21.2815025901116","20.6265476843198","23.2515154204152","24.8477600789831","27.2928743114744","30.5842521252052","32.6869435390089","33.0334313932194","33.8787753126545","35.8811421171523","37.6008477626007","36.9970074013761","33.7718599265854","36.3610520931809","37.6773317238391","39.358382568402","40.8570769542744","42.3216800586457","43.3434280336965","45.0715180742653","46.8461345105199","48.5482511216972","50.3347798579632","52.0876128542795","56.5143932245885","56.5400806103369","61.5468273563659","60.5732341508643","62.46849989708","64.5292937778774","68.4070414103382","74.4696746073613","77.4342614709674","81.2140781626865","89.6513278532043","84.2792395909489","90.4036820862809","95.2966982892486","96.249600759584","96.4175317512833","98.7966023208747","100","101.658259966424","105.499885905954","106.158916974927","106.235167643949","105.366155761511","111.346673949326","118.357394028181","116.168985062721","117.086903075373","116.560301624944",
"North America","NAC","GDP deflator (base year varies by country)","NY.GDP.DEFL.ZS","","","","","","","","","","","","","","","","","","","","","","","","","","","","","","","","","","","","","","","","","","","","","","","","","","","","","","","","","","","","","","","","","","",
"Namibia","NAM","GDP deflator (base year varies by country)","NY.GDP.DEFL.ZS","","","","","","","","","","","","","","","","","","","","","4.21055815399838","4.36490568606036","5.10603645546173","5.78641080443879","6.52329608833067","8.08470260253421","8.89987773887628","9.73646161536721","11.6986119021818","13.4619030726455","14.3218980162704","15.1793356037555","16.7379633222986","18.4723421532593","22.2516158375609","23.7383592949237","27.340935510303","29.2857429591262","31.7075435319661","33.8589815745468","37.6786561691695","41.9000840189474","46.0916015311345","46.6774755065256","47.6298140090011","50.2961698557812","55.0273222338904","60.1373983570135","66.7293066021005","71.3639267248931","74.0228741994998","76.8467553301315","85.4999370321301","88.953955702303","96.2792177050214","99.999999657578","107.968671642551","118.67812411933","123.933771721117","125.081789884835","130.874991276751","132.883045962298","141.40981153329","152.294863936292","158.846314013079","168.47486176947",
"New Caledonia","NCL","GDP deflator (base year varies by country)","NY.GDP.DEFL.ZS","","","","","","18.7556963274306","20.0701223705261","20.8774241645288","21.8712440568285","24.277366476143","27.0252363434793","29.0556110847915","31.3115138324262","33.3671076418717","37.5807964281848","40.2536268518901","42.8869713504602","45.4032432345246","38.3607899837849","51.809144379255","58.3365123767113","66.3544866415728","72.8860715617201","78.5486385253455","85.4920806882081","90.3228828251216","98.8339183544061","100.516946174424","103.089416297105","104.860937753028","100","103.630409056472","106.575290937358","109.469111555134","112.634622973263","114.134387904675","115.757696315991","118.14051784702","133.299379609894","141.450659207666","149.883552081707","","","","","","","","","","","","","","","","","100","102.779218731004","105.280944130954","105.733783778035","110.838233525729","115.100756026014","110.530258085712","111.778430805915","",
"Niger","NER","GDP deflator (base year varies by country)","NY.GDP.DEFL.ZS","7.16451895715826","7.40767202583837","7.34524071970758","7.40117442694827","7.3479598552618","7.94144119025177","8.33516872274678","7.90015000774519","7.62997955423542","8.27418730291351","8.8646865781","8.91785988555604","9.21760497376042","12.5209645485479","13.4784751352432","12.6168228425707","14.1833722456112","16.4169406298837","18.2575015497106","19.0948854982677","23.1229175243912","25.7820510402024","28.3602608871336","30.5723568719646","34.1546707667386","32.1394836164435","30.7895357372033","31.3082049955696","29.6488708290609","30.063950975213","41.8971083328616","40.7907132606823","38.6688059981061","37.1727820099795","45.43048043165","47.3610311257626","50.6614484908025","54.2035355231731","57.498114593685","57.7164617502878","59.5509181348517","62.5359203719188","64.1445330556273","64.0236325539368","64.2713668963208","69.7889894733083","70.8331706457356","75.8174607924564","83.4970991325624","86.9956776827661","90.0188149028951","93.5940068208591","98.5622943345657","98.1984278891204","97.8000596046225","100","102.643332852065","104.685684501759","105.570976626177","101.862752508181","105.267481859431","109.762083256415","114.406528230209","118.293246288384","127.067982552807","125.034337273225",
"Nigeria","NGA","GDP deflator (base year varies by country)","NY.GDP.DEFL.ZS","0.0113560323058653","0.012066598456427","0.0127381409689405","0.0123439270391642","0.0126436140088889","0.0127529110921129","0.014435386263623","0.0140013567261393","0.014172249861336","0.0145557944504961","0.0220197847904562","0.0223166190310692","0.0229622093853005","0.0241899611926429","0.0348205705387812","0.0430036797891114","0.0491760776643073","0.0544446815470841","0.0620205201618316","0.0691459108243269","0.0777335994026864","0.247972392836133","0.284678635021975","0.340387254451097","0.359631606438987","0.384546053943973","0.40537096316004","0.485105305842129","0.582985615210033","0.751874643862256","0.80201672679566","0.953308414671014","1.39900255235687","1.98153404662488","2.83946822758639","4.98047421299004","6.29985611202667","6.61833563164985","7.0160542069257","7.95835039314578","9.76280586272442","10.746552773938","13.015047972579","14.2910854155064","17.4877642017","20.9605709412208","25.9626814769342","27.8059620204825","30.0085799374559","30.2144684666848","35.1523484446464","38.5897061073167","42.4284698769236","44.5349355173296","46.6114316269949","47.946226937829","52.5220566449555","58.361941098175","64.331483539651","99.9999999980984","111.252484241746","125.311363339559","135.394729518377","150.063824437417","171.193088699816","194.921676902278",
"Nicaragua","NIC","GDP deflator (base year varies by country)","NY.GDP.DEFL.ZS","1.18258623930306E-09","1.18202604244709E-09","1.17569667913325E-09","1.17089762403963E-09","1.22382971802385E-09","1.23411563422293E-09","1.27929743203742E-09","1.29549765732365E-09","1.35366497526825E-09","1.36952736030776E-09","1.40292650613832E-09","1.44545842561125E-09","1.5069010271501E-09","1.75801415387782E-09","2.14110804739009E-09","2.24242599883233E-09","2.47640078286767E-09","2.76991546840951E-09","2.87437636150112E-09","3.78436025399742E-09","5.18376475433848E-09","5.79135997227313E-09","6.76116465948974E-09","7.50502714524172E-09","1.04291357212375E-08","2.78655003870266E-08","1.06295792362069E-07","6.62308835300705E-07","9.08133688673419E-05","0.00436918515206312","0.223532228900438","10.3353074046726","12.7811901397686","15.3874825335361","35.9612848872605","40.7774660534269","44.6948809174592","49.0651433301943","55.948240954374","61.1101558132379","66.3449913112145","71.1493700535348","73.4605710670009","77.3768108203141","84.3801104517434","92.7059753931103","100","109.673913516752","127.440157647304","135.132831840838","143.427402340706","158.078264296175","167.94765825216","175.251967171349","189.960411807261","204.375529715406","213.755834027548","222.570801978504","228.487309353828","240.81508331835","255.951129862556","264.965692898681","287.184037940264","318.147395734243","341.466127599883","367.425507290308",
"Netherlands","NLD","GDP deflator (base year varies by country)","NY.GDP.DEFL.ZS","13.9579087520784","14.6926612142446","14.8041364512764","15.4998524408318","16.8449278600183","17.4129052053995","18.4547695583249","19.2312758516683","20.0383475699977","21.3228000369984","22.5264500564818","24.5065317329794","26.5066619274936","28.7546921167775","32.4627973337377","35.0907866315255","38.2465840791027","40.2907311058335","42.4401967965875","44.4650437764573","47.2331582805615","50.2514005147946","52.5748522012938","53.3051547669426","54.5349627845427","55.007171844743","55.1236222128565","54.5461280410836","54.9932087890851","55.7345549869387","56.6038754329072","58.3682464915189","59.8249663195285","60.7806755253564","62.0344187555216","63.3151960750656","64.0532664366683","65.7775140872397","67.1375268705735","68.0101756961401","70.2342353865116","73.3069711219569","76.1495575062341","77.8903847914891","78.8231035786113","80.3834366749127","82.4546764072229","84.1444304495794","86.1742778012516","86.5514204949917","87.1661436906351","87.3776934494373","88.5390108720727","89.5527258807015","89.8609024067872","90.6592253527817","91.1719474622063","92.4842440337602","94.8272507009577","97.698442691884","100","102.747338205767","109.072027651979","115.945822181922","122.51464296986","126.582112335267",
"Norway","NOR","GDP deflator (base year varies by country)","NY.GDP.DEFL.ZS","6.42917015712462","6.59939048697604","6.91394530243422","7.14851462027522","7.48607696269827","7.84350980238243","8.15545259983186","8.39725976904979","8.76874420138596","9.13664016235818","10.3129432206888","10.973895386538","11.5821434582129","12.591091592438","14.0218716591702","15.2686749666734","16.4717689261124","17.8194352244136","18.9358977953361","20.0176027841798","22.6447518192652","25.5644288138475","28.252392019421","30.2194183950699","32.0989827147576","33.7633664271589","33.5722661195472","35.9955178579885","37.7538885579147","39.8755563332878","41.394217325582","42.3090906099582","42.0222560339319","42.9870051344642","42.9164917061402","44.2370703322632","46.1265922568324","47.4198886116771","47.0681253204053","50.2129072657563","57.9452597675027","58.9507207173513","58.0605762944986","59.7512298840845","63.2023468620102","68.7667183892663","74.7578109616847","77.0314487287073","85.0942814959755","80.8253538029802","85.5587081443626","91.1847190098853","94.2411915292699","96.6698842691854","96.9927989289089","94.4788407274485","92.9428066464015","96.6760113021208","102.806547495637","102.315346925374","100","119.532069390306","152.129881629496","135.499548007812","135.550753810437","137.463919840489",
"Nepal","NPL","GDP deflator (base year varies by country)","NY.GDP.DEFL.ZS","1.52962391218005","1.57074020278637","1.66336818198062","1.72274917961398","1.74333120311593","1.9679628099402","2.26746339988803","2.13895116958678","2.37564378859682","2.53157703392991","2.71001095867911","2.79597727974551","3.14554946537963","3.03868553739533","3.67151214555648","4.68201314389456","4.70748527776747","4.53967182744857","4.96509386758798","5.46052897815812","5.87605047275139","6.34245354146197","6.93530865734943","7.78756731487566","8.28425446237035","9.23046815215044","10.558969749587","11.8996212179587","13.3055983770369","14.803592260389","16.3899282055643","18.4459854017374","21.856481098185","24.2114971064767","25.3775194661991","26.9765218326587","29.0869047288153","31.2041675683419","32.4859881768274","35.3730333528209","36.9550688238263","41.0264635589963","42.6407966006865","43.9499990968228","45.7811437919465","48.5826707137944","52.1583743611293","56.1241262705317","59.2782205197015","68.7083955827331","79.1156098484464","100","107.74115002968","115.372079668498","124.642648757663","130.138199770642","139.443516740685","150.963520931677","157.539278241834","164.929691439763","170.236143178984","181.748723540104","196.726984722852","208.036875329143","215.359057080843","221.961098098983",
"Naoero","NRU","GDP deflator (base year varies by country)","NY.GDP.DEFL.ZS","","","","","","","","","","","4.55608654053354","4.79039972646698","5.10281693179625","5.5193734416758","6.32645158006259","7.39387781918148","8.2790602203507","9.39855578194615","10.1535646277197","11.038746962627","12.2363468748088","13.3037729257068","14.7356857346436","16.3758768816912","17.0267465285948","18.1462420786582","19.6822940583857","21.5047286597381","23.0407806052898","24.7851110095268","27.9080352058227","31.9314040585662","37.878264793046","42.0869365603396","40.5853271182537","41.3029117021285","42.9774591341257","45.6086271862687","47.4027001599806","50.5920444355248","53.4083436291897","56.286583687983","59.5991263809798","62.9447429782097","66.4880587875076","61.849357011635","55.6041784302654","53.0615942028985","64.0398550724638","96.8670076726343","87.1803069053709","92.8929765886288","110.914388166741","100","101.33779264214","92.5440172475747","116.752933057281","134.902358142962","158.574879227053","151.27524820267","158.291203235592","157.960588051298","196.660932123866","190.926275992438","200.745341614906","208.817269686835",
"New Zealand","NZL","GDP deflator (base year varies by country)","NY.GDP.DEFL.ZS","4.13090861599801","4.13968522844631","4.3266739695355","4.4545515045283","4.6000071305286","4.68552821236886","4.57318421243293","4.97106736979987","5.25988071378477","5.30857180078888","6.01490863906113","6.84979443022481","7.48296122030443","8.11341254496535","8.41086561043221","9.64103100887607","11.7130688674934","13.6590898636613","15.4322463847178","17.6275065963465","20.2547658679495","23.5658061919911","26.4138154333651","28.4543547424845","30.6736552046689","34.855730513919","40.7601000110346","45.439469218403","49.0232445121918","51.7862317776918","53.0499283748964","53.5141722141529","54.5813867876547","55.3931312582736","56.4535368480429","57.2534133129654","58.0627923994064","58.9717916622219","59.5935977265689","59.9389487591678","61.6688700881202","64.0473114930336","64.2374093684479","65.5680434001623","67.3754100577203","68.7232899668624","70.5890995318041","74.3322548620008","76.3770684949797","78.3920728179207","80.8585373035842","82.8037408712193","82.695212338892","86.1700299475254","86.5572051577225","87.7894427987821","89.926963107675","93.210373713716","94.9555158020955","98.0886941468928","100","104.557378070178","111.081313050337","115.646916276231","120.737063960155","125.111799474084",
"OECD members","OED","GDP deflator (base year varies by country)","NY.GDP.DEFL.ZS","","","","","","","","","","","","","","","","","","","","","","","","","","","","","","","","","","","","","","","","","","","","","","","","","","","","","","","","","","","","","","","","","","",
"Oman","OMN","GDP deflator (base year varies by country)","NY.GDP.DEFL.ZS","3.01970163570879","3.08016011216353","3.16024963054782","3.21879255493936","3.32159761818091","3.38159401668535","3.44186812666313","3.31993592869342","3.7022790275663","3.74348450312509","3.51028408981564","4.07516123134355","4.17626494504811","5.85969602909175","17.6368869905307","18.0556279513535","18.2903548696038","19.3877937372511","20.1249727078342","26.279646895806","39.709869251253","41.171136888098","38.4043497517819","34.5642894405514","32.9334430783875","32.7648227109172","26.0038982774615","28.9105751684645","29.2918967034585","29.2918966229507","41.6544136956115","38.1128437429036","38.598180008334","36.5187616773306","36.353846677748","36.9932048882409","39.7354302447524","38.8476828409825","34.5737824356891","38.3139343208856","45.0361234036507","42.9460288717871","44.9614957592103","49.2950518862545","55.4552107579562","67.5076025415976","77.3392731447144","83.5718335718336","110.857829673166","83.0966429456651","95.0417780685107","110.1386814909","114.110760643337","111.577031788438","113.537774464927","91.7992956785236","83.4122593238545","89.4996387127234","100","97.3337664465647","86.8377207597468","97.3807320956753","113.444974148929","108.117812220034","107.346418684325","107.247167672324",
"Other small states","OSS","GDP deflator (base year varies by country)","NY.GDP.DEFL.ZS","","","","","","","","","","","","","","","","","","","","","","","","","","","","","","","","","","","","","","","","","","","","","","","","","","","","","","","","","","","","","","","","","","",
"Pakistan","PAK","GDP deflator (base year varies by country)","NY.GDP.DEFL.ZS","0.921742002071371","0.955352967342838","0.956881037006054","0.94588392807445","0.988339421926547","1.01962908824074","1.06653873862155","1.15121809376144","1.15662062867006","1.18363432935677","1.2275276687815","1.29958956402637","1.38763123556471","1.59995926189625","2.01712786852625","2.44270350137537","2.72367449199545","3.00984187090877","3.28019627265313","3.49450461829139","3.80929691042991","4.19317269555772","4.5861420695895","4.82801903768941","5.29409448446354","5.53417864043023","5.7163638476055","5.97464092924482","6.54925564422153","7.1115123860467","7.57034710602024","8.59176984941611","9.46825132577933","10.3051077494722","11.6477000613759","13.1626563606806","14.2648458692527","16.1739836043481","17.391243577905","18.4107680473647","30.9320133236896","32.7918910804438","34.0777852701855","35.2884524620585","37.8473391838857","39.9501682959853","42.3462348413628","46.721161815176","51.8233310003367","58.2362745442787","64.4027064874612","74.9718064842142","82.4077467407085","88.4919988319867","94.8720643802864","99.0862628228838","100","104.029745993256","108.026346868906","117.787969289243","129.501391787481","142.79774268153","162.699480128513","205.02687577877","250.231365043024","260.949839069098",
"Panama","PAN","GDP deflator (base year varies by country)","NY.GDP.DEFL.ZS","17.855221592404","17.9507342651013","18.0533440156","18.4354353719381","18.9561046514532","19.0736433585319","19.3173343413922","19.817396930561","19.9291903878341","20.1699733391549","20.8602781283396","21.4659228305943","22.5387941481616","24.4641088347698","27.3047294159857","29.8666869804008","31.2209954489811","32.674893310746","35.2631880714253","38.5233466652749","42.4298084407992","43.9751723332339","46.117504186259","49.5749135740665","50.3826194183222","50.7904995819609","50.9623997160778","52.1290832841398","52.0290323682469","51.3648514913365","51.6551683929503","51.9097230387627","54.5369053311967","56.4755310638508","58.5536867861704","58.8269609368045","54.299439917492","55.1342872307844","55.7260574458988","56.0473575198504","55.1940325911885","55.9832714875575","57.0553901061756","57.6922319252443","59.1999520447643","60.1919913707721","61.5009887041235","63.2585339583332","67.9880410029613","72.2940014388036","74.1380071936529","78.2064811313428","83.1477970341491","88.2679854176716","92.4113900440214","95.1973988036294","97.5535490197598","99.3043364750013","99.999957217027","100.538418823923","100.040932560729","101.456738578355","103.684584098751","106.02758493311","106.530885525169","106.736878620083",
"Peru","PER","GDP deflator (base year varies by country)","NY.GDP.DEFL.ZS","1.00381851849999E-07","1.03497036321502E-07","1.0661525228153E-07","1.11960727025616E-07","1.27139908231707E-07","1.42750097038236E-07","1.56049990104291E-07","1.71834614370873E-07","2.03273120909108E-07","2.19816362531404E-07","2.46152758637216E-07","2.62498144706373E-07","2.8121292309213E-07","3.16576944613507E-07","3.64802488739398E-07","4.45757880253032E-07","5.78205574097288E-07","7.84864001294026E-07","1.28512232436487E-06","2.26631123291655E-06","3.1259224742834E-06","5.16810578634377E-06","8.61333736395724E-06","1.78637906517175E-05","3.72419900928944E-05","9.89649921241007E-05","0.00016662093832693","0.000309331177673849","0.0021228740811343","0.0567301144509396","3.60873848209806","17.2512343239438","29.1995457644286","42.7436624653748","54.1511942167828","61.5042754275428","67.4626509260779","72.3760442558917","76.2634269900089","78.5014118875851","81.2683668831315","81.6383397441632","81.7273394324202","83.2014756120899","88.4257283624937","91.5239204149344","98.5312188134339","100","101.103276292029","103.189742920897","109.082629076034","116.441111023591","117.841414288994","119.087274201146","121.984001985842","125.266007054835","129.125305783114","133.79403556878","136.841081428887","139.40304241637","144.587680217236","159.116815566474","166.297237027982","177.370340320753","187.016792516623","197.198650174672",
"Philippines","PHL","GDP deflator (base year varies by country)","NY.GDP.DEFL.ZS","0.987690691612974","1.01846426173105","1.08698331704301","1.18382997030926","1.23806658132352","1.28622528768836","1.35526310207379","1.38399990640383","1.47247077711661","1.55951008227647","1.79814917338138","2.05921825731531","2.19464958245569","2.57010670893127","3.41542210862977","3.73919059745178","4.05264132497979","4.39171790802773","4.80261376054385","5.52017072620107","6.30594453511103","7.04782295523291","7.6570021014456","8.74798843595677","13.38087506065","15.6637881272112","16.1167749158223","17.3250698147891","19.0159895459828","20.7464334608558","23.4345153087009","27.2766321314723","29.4265391282944","31.4303752066607","34.5923434028585","37.2359953962615","40.0990582278418","42.6091853927133","47.0429567683642","50.0229585980939","52.9327608566122","55.9069797906012","58.2724554358197","60.1325887422518","63.6748543453429","67.4386071387724","70.8857899869574","73.1288217772292","78.3788979848131","80.5251148731508","84.0447745285959","87.3383260066646","89.080006027237","90.9160013917205","93.6917171915396","93.017434027504","94.2083471590834","96.3942257040884","100","100.697076297419","102.359071660117","104.695395425257","110.441757363863","115.523660911421","118.878494516471","120.583635737071",
"Palau","PLW","GDP deflator (base year varies by country)","NY.GDP.DEFL.ZS","","","","","","","","","","","7.76217728723939","8.51926006582824","9.32522102638717","10.2235704342576","11.2232013839344","12.3340634346039","13.567240991398","14.6526198502061","16.1911455566677","17.8912154711006","19.7697933044309","21.8456214220331","24.139411570406","26.0705644211886","28.1562092642764","30.4087065329813","32.8414027367354","35.4687151636686","38.3062123819435","41.3707093533629","44.6803661541049","46.4504385461048","48.7956850122278","51.2233047990282","52.5306473355299","54.0082450095048","55.5808100749808","56.8468050799544","57.7539523977509","59.0550600835693","62.8813059461965","62.453916442902","60.8434682050654","59.0735738235595","61.4484238058357","66.6522559720802","68.3342211550204","69.7303527024095","74.9730922131972","73.9028942890254","76.3097950033481","77.2977964952304","83.4066578534951","89.0442743806841","92.686369185616","98.5140059100629","103.776421785911","102.726297034109","102.532683080836","100","97.7246587114829","101.069030530572","106.503354814267","117.413340594851","122.040223936855","123.214285714286",
"Papua New Guinea","PNG","GDP deflator (base year varies by country)","NY.GDP.DEFL.ZS","2.9562653334331","2.95733776841427","2.96581066348103","3.0110606386593","3.06827079087211","3.13674236550754","3.3676271296287","3.6558105918361","3.84771461859205","4.03769705327387","4.26588196832402","4.4114991089742","4.7261522134348","5.65897679421419","6.16375904638321","6.30363400121751","7.54658854987078","8.10789061153132","7.94326207042353","9.222114717021","9.87608392790645","9.74733906466407","10.105924324885","11.9916857977973","12.8836625120673","13.0923956681809","13.2700423378335","14.3278770275363","15.463251958096","15.0703843605217","15.6940317663354","16.7918065149471","17.2747357280412","16.8435924478815","18.0652731117449","20.9288593114555","21.3080647351218","23.1035593158251","26.4637072548865","29.3929470145035","33.2441338067952","35.542604630224","39.9109440982707","42.1217459699639","41.282524138782","46.3117177967279","74.336923133629","76.4148273792936","85.3289542287408","81.1654900590411","89.2148024848095","97.0952960692026","96.5372704815541","100","105.437392654128","104.139333494952","106.761401471145","114.981532984968","126.246970169457","127.588043029714","129.673465373724","144.730523788463","166.457464771895","159.230470268169","164.440503242255","175.736152463897",
"Poland","POL","GDP deflator (base year varies by country)","NY.GDP.DEFL.ZS","","","","","","","","","","","","","","","","","","","","","","","","","","","","","","","8.53599718391625","13.2526473437737","18.3715442632114","24.0010991667612","32.9376767851495","41.9769666633219","49.5249322066037","56.3125205866935","62.5337086598638","66.3967732801429","70.4188987124249","72.673428624098","73.9925019429888","74.5656904537957","78.2441027620446","80.2965196027392","81.7029408567758","84.8036830706629","88.1401112062654","91.5666888165411","93.0127258364339","95.8642305024953","97.9573622966911","98.2228030329837","98.6965044902629","100","100.082862448389","101.854532131266","103.104285459836","106.224681919848","110.727115284487","116.640204587683","129.108549568694","141.846002321602","147.277211508162","151.560553987821",
"Pre-demographic dividend","PRE","GDP deflator (base year varies by country)","NY.GDP.DEFL.ZS","","","","","","","","","","","","","","","","","","","","","","","","","","","","","","","","","","","","","","","","","","","","","","","","","","","","","","","","","","","","","","","","","","",
"Puerto Rico (US)","PRI","GDP deflator (base year varies by country)","NY.GDP.DEFL.ZS","10.9005458297724","11.225934992544","11.6374572279155","11.9341356227122","12.2786656864881","12.6040551248978","12.9007334984877","13.5323720209678","14.3554158134482","14.8530700788747","15.4655678615806","16.3077521929118","17.0542338335559","17.7432938459919","18.9204378920954","20.3176986778917","20.920626178909","21.8202318599471","22.9878059799999","24.3276448648302","26.4235353873296","28.8735265845555","30.8162925649306","32.5198021579775","34.0510464817085","34.9697928617268","36.1358844765763","37.2951126016268","38.6808542917319","39.5682757543441","44.2576065320745","45.6399032421975","46.8157607336878","47.6988889140832","49.2148858017577","50.5801965587376","52.5586676308288","53.258880601958","56.6462213296136","57.48049429572","59.3745179208854","62.6430322905378","64.2402906729489","67.0780880959368","66.2113197809924","70.574726874312","74.4513005530745","77.2674090398008","82.3375865510884","86.4401026057405","88.5960039877689","90.6955754423668","91.7650831616052","92.8497603981345","93.9644727271727","95.8226619615302","97.9514414356902","100","102.046115685438","104.508337690896","106.99802253029","109.993581866344","114.279906402739","118.069054661208","121.726377850318","124.555653546946",
"Korea, Dem. People's Rep.","PRK","GDP deflator (base year varies by country)","NY.GDP.DEFL.ZS","","","","","","","","","","","","","","","","","","","","","","","","","","","","","","","","","","","","","","","","","","","","","","","","","","","","","","","","","","","","","","","","","","",
"Portugal","PRT","GDP deflator (base year varies by country)","NY.GDP.DEFL.ZS","1.33503083682372","1.35387833323213","1.36303998773051","1.37077937219918","1.39830996713009","1.45245474344651","1.52890095311621","1.58908857973366","1.61567099071645","1.73518538074963","1.76928272972798","1.85804221124643","2.00305508252518","2.19266982229413","2.60632247396177","3.02933850273371","3.52233702635674","4.45223577501094","5.4472335104244","6.50603498311042","7.86599365879714","9.25111035904992","11.1651955230131","13.9124208781562","17.3454111751982","21.1153602445211","25.4336896705978","28.0016746350386","31.1281708591888","34.4009258741751","38.9228077927829","42.8486344197343","47.7531025156699","51.2755771159332","55.0072224881619","56.8932097527777","58.2535184578146","60.5167886562619","62.8315758856675","64.9493312554176","67.1707735178362","69.6668280313293","72.5857154891238","75.0733394328639","76.8748104113297","79.436973958529","81.966677351326","84.3980924111479","85.864699058659","86.80760908743","87.4865625138886","87.2587165453281","86.9302728368678","88.9074034021545","89.5514991025804","91.3088998024482","93.0018462723383","94.4268213966762","96.1759568812994","97.9401780971481","100","102.019777102825","107.454881096292","115.500715065765","121.120059475592","125.870778714396",
"Paraguay","PRY","GDP deflator (base year varies by country)","NY.GDP.DEFL.ZS","0.244510649996347","0.260855751163118","0.282823132536061","0.287478141248265","0.293422440382257","0.300225226604751","0.30916223322058","0.299529124529766","0.301083511880178","0.309031488947659","0.312938732082178","0.331404559561845","0.359650666596397","0.43388648851296","0.536229571596915","0.568809233226859","0.594636055743887","0.656766239833602","0.717302767430675","0.855894745739645","0.997416467931779","1.15526932769471","1.21851590267108","1.41235523011225","1.8197079384893","2.29522182708809","2.91256184992464","3.72717826311766","4.74229469282405","6.23397967564402","8.5160857383264","10.6553125961673","12.1558918124891","13.6413460414617","15.356523012529","17.057477102625","19.0056880202813","19.6539699937672","22.8494257076468","25.2897736002886","28.9983938263546","33.0394953572254","38.9698813199152","44.8716066630934","50.1821636556738","56.6821710526132","61.7018492656248","69.4981899114748","77.9941733959456","80.8393734801474","84.6030133088697","88.9141379741561","93.1804836092811","97.2223511721534","100","101.603888060907","105.804959337813","108.089509850963","110.208332520547","113.582778811232","116.086054057161","125.877246032527","135.976867537907","138.998273307983","142.845350178497","147.24982287464",
"West Bank and Gaza","PSE","GDP deflator (base year varies by country)","NY.GDP.DEFL.ZS","","","","","","","","","","","","","","","","","","","","","","","","","","","","","","","","","","","56.2172529015165","60.5939789947764","62.1792650679311","59.7951588790992","56.582882419218","54.8687117825394","60.5978871656552","62.0190222442531","62.941197295288","61.6034279326834","58.6128301117987","58.6457820848732","61.8086212874148","64.7570372349902","75.771144278607","77.1749816265951","87.3592362665127","92.0939537640782","94.7349634124576","100.17120749459","103.849722739791","100","101.278022483729","104.544659004726","104.228941739988","108.241202855518","110.645133714221","120.552267719366","122.580748321075","120.358457663244","134.099966510382","137.745629026952",
"Pacific island small states","PSS","GDP deflator (base year varies by country)","NY.GDP.DEFL.ZS","","","","","","","","","","","","","","","","","","","","","","","","","","","","","","","","","","","","","","","","","","","","","","","","","","","","","","","","","","","","","","","","","","",
"Post-demographic dividend","PST","GDP deflator (base year varies by country)","NY.GDP.DEFL.ZS","","","","","","","","","","","","","","","","","","","","","","","","","","","","","","","","","","","","","","","","","","","","","","","","","","","","","","","","","","","","","","","","","","",
"French Polynesia","PYF","GDP deflator (base year varies by country)","NY.GDP.DEFL.ZS","","","","","","7.51774074511096","8.38124046741252","9.01544103228697","9.21461234885684","9.32326722554708","10.2577150057533","10.6712391226085","11.2063444888852","12.1454329107531","14.3136436243416","16.6586114815453","18.2090173798264","19.8659673526257","21.0499133761899","23.0710375033724","24.781923681754","29.0362906217847","34.5595543430951","40.6586324270129","47.0130067178843","53.4395821847288","55.4091393416919","57.4850527727571","60.1020603610402","63.2015948731318","65.4760386515306","67.2229650207607","69.7064191988622","72.1094572451644","74.5590873339799","76.6446709054042","78.6828473139629","81.1860897551039","83.6698784096763","85.9027613731522","88.35718293839","90.7688382675195","94.5946670692278","96.2191110721802","97.8466190500361","100","101.186944157655","102.830260924697","103.117848919313","104.754174569527","104.453421998864","104.495050905533","104.857405192946","107.049372669237","108.50656911661","110.483141451334","111.731024119669","111.394430233294","110.081326798778","110.99798376638","112.875393739232","113.133319864413","115.949558940585","119.756190718696","121.971204453972","",
"Qatar","QAT","GDP deflator (base year varies by country)","NY.GDP.DEFL.ZS","","","","","","","","","","","3.85981080333454","4.49429887651003","4.91905821183422","6.29443340006068","17.7527128978828","17.4704137822972","21.2502711044213","25.2233612925963","25.4139174300593","32.6774696876771","44.5190413050146","48.5932422734733","45.7950269634294","39.7433060530311","40.2316277679581","36.8132939708687","28.6993504059247","30.9198473210181","32.36814915645","32.7416785503636","35.918521982591","34.1589662448706","34.0818473335022","32.3280792775047","32.846201354495","35.3974322708367","37.7540373240837","36.2140590203373","29.5571268663312","34.2506431681759","45.4350587963544","43.1851577872832","44.4844471794319","52.1253235872217","58.9574813953155","76.9647097539791","83.4000996207644","92.5490006578679","113.742944153165","86.1960063008611","94.4717347439639","112.081669630666","119.294599535962","121.50554920859","121.10102776793","90.6685726141803","82.5295277108578","88.9565721681484","100","95.5440857946955","81.1165272530815","99.3401842164193","125.046361600779","111.674552118334","109.980359452747","106.515954919513",
"Romania","ROU","GDP deflator (base year varies by country)","NY.GDP.DEFL.ZS","","","","","","","","","","","","","","","","","","","","","","","","","","","","","","","0.0346449468482639","0.102203971583823","0.30646770046035","1.00309555594965","2.39762979877799","3.45099184387692","4.96950707283173","11.6951584068597","17.3245667418802","25.9041188970036","37.0897218583866","51.1676136710353","62.7899631065695","77.327883674716","89.2801421545018","100","110.606579357102","128.10036754771","148.615503290797","154.696222101658","163.872975039767","170.399297318896","176.89191852002","179.358829539343","182.433346460945","188.388946804441","193.324583813028","202.316703030211","214.824031459615","229.791009023413","239.228634635488","252.634446749461","283.080119406598","318.04702359257","348.530361577927","377.122939520569",
"Russian Federation","RUS","GDP deflator (base year varies by country)","NY.GDP.DEFL.ZS","","","","","","","","","","","","","","","","","","","","","","","","","","","","","","0.000763564632061965","0.000884993637892495","0.00202335893372664","0.0321798732827318","0.317885897155314","1.29474308226338","3.15926203284306","4.6136718338153","5.30842177497189","6.29254835420437","10.8475105051288","14.936797228175","17.3983245555057","20.1232338461087","22.8714914233351","27.5041462217393","32.8067894267087","37.7673093908249","42.9947730380534","50.7396443623909","51.7395261889436","59.0819390408053","73.5334321771395","80.0836935610577","84.3442572722885","90.6617021253856","97.2344360986963","100.000018904464","105.348888126371","115.882665066422","119.664070340974","120.73894809374","142.724424789432","168.742535373019","179.978910081114","199.151786619462","208.814737146339",
"Rwanda","RWA","GDP deflator (base year varies by country)","NY.GDP.DEFL.ZS","0.441194430720091","0.472628270522632","0.434953492789419","0.493895035535804","0.573041732316483","0.612947584682624","0.838875618288266","1.14897828374841","1.15872726953133","1.14384770878507","1.25750510803933","1.25607323552189","1.27926452847848","1.32936377380222","1.54082449424836","2.89627469062061","2.84150360022861","3.22543240160378","3.34363607761807","3.54643715872875","3.65512748360089","3.93696346487101","4.12921248979232","4.23034568419747","4.94344191102934","5.16906702630181","4.80610896431195","4.83808287680133","4.94574842775704","5.20772901291052","5.90876583515454","6.793836113116","7.28865043468537","8.29962288229414","9.72643619170165","14.7128476797653","16.3196989438595","18.8690811132617","19.2895221007254","21.4319971121854","22.1339801500467","22.0470845169199","20.8946373383276","25.1490576992193","27.9393226650473","30.4624688462614","30.7838266929543","34.7950692199592","39.8839284050431","42.687261444663","44.0786408081153","47.2432590410315","49.4309497546523","50.7244457012516","53.3911972459029","53.747806589115","56.6177598441979","60.887874808315","61.4348814530073","63.9999754012853","68.8325142116363","71.4031508778337","82.7767594940694","92.4697079224632","100","107.350708338947",
"South Asia","SAS","GDP deflator (base year varies by country)","NY.GDP.DEFL.ZS","","","","","","","","","","","","","","","","","","","","","","","","","","","","","","","","","","","","","","","","","","","","","","","","","","","","","","","","","","","","","","","","","","",
"Saudi Arabia","SAU","GDP deflator (base year varies by country)","NY.GDP.DEFL.ZS","3.80747581812244","3.73946408956334","3.70603828234918","3.53242006463943","3.48928217754558","3.47391433439478","3.54178594003464","3.62670524357009","4.33132002860252","4.3753553609492","3.43724520379435","3.97395975868029","4.15694609336732","4.69385006010914","11.7642766344665","12.703283026181","15.1398901999465","16.5491444810978","17.2376630850547","21.4020543667676","29.4545975035367","32.5718719628805","32.7204689318919","31.2303755233485","30.7313790913949","29.5656191002205","25.047154952145","25.7698283649503","24.8964652817847","26.7848435884857","30.1989245542741","31.3667759573918","31.0963938906441","30.0477237249487","30.2580930521685","31.9867958087418","34.2726836459951","34.92523374464","30.0849954359364","33.3589119885232","37.331682507798","36.1478630590487","37.479336926178","39.2195908223873","43.2861948836365","51.8260611054943","57.5296922763399","62.1588460379008","73.1627561838252","61.0478524972599","71.5427885382903","82.491700665498","86.1636363636364","85.6833811432588","84.2299420485133","70.8989287606326","69.2953227497568","73.6510631487942","85.334028062079","84.1677416976425","75.5923350801172","90.8068002236546","102.233207598978","100","100.261941556782","97.686548590966",
"Sudan","SDN","GDP deflator (base year varies by country)","NY.GDP.DEFL.ZS","0.0100444712176356","0.0109025456294387","0.0110762291424813","0.0115980100338982","0.0120510257181678","0.0117624425234042","0.0125157505902772","0.0133617884726512","0.0136781478077561","0.0148554889384315","0.0159430054033956","0.0169891650994041","0.0194195416306223","0.0239154728616699","0.0276078032932692","0.0290666730989272","0.0310623972577887","0.0364684964037732","0.0455527707033539","0.0564739940057153","0.0689132750930354","0.0861258675336797","0.112471985179102","0.141780001504329","0.189470374450949","0.276947226812673","0.356271993123551","0.448515633431496","0.802226706919359","1.09695398445232","1.82352790995577","3.44232553801217","7.20250354575595","14.2240332601875","36.8782204137477","75.436254383629","100","137.921169977767","162.281180462539","187.959869657773","206.479812970592","250.117238154997","277.132989403558","304.291812032169","356.8551733091","421.283243955309","453.520909128241","522.93963801837","569.434288111142","580.037905599872","711.529130006618","898.86300945802","1169.67778845959","1595.77537188958","2139.40793674555","2439.40764353514","2944.01345174616","3963.30070339588","6181.77117043643","9394.98741404506","20260.5642236232","67977.321927175","147425.188415181","191195.239584063","657534.301031183","1090914.30395771",
"Senegal","SEN","GDP deflator (base year varies by country)","NY.GDP.DEFL.ZS","10.9408286452786","11.2109114763287","11.4955842870562","11.6664725410233","11.8992595318678","11.9531418563302","12.0028935475327","12.1628919825707","12.0969242726232","12.9275929264624","13.1916855970337","13.5876747124718","14.1452638945108","15.2322422296754","17.7853480647464","19.8536318887565","20.6059286577095","22.2881873324318","23.7976842217144","26.1076257933072","27.5320683329085","30.5737543118543","33.5461517304192","36.663278494362","39.4945891935132","43.0065320917275","45.3874093737731","44.5995046759059","44.0909223494709","45.0477952136327","44.9726228877316","44.5572204707699","44.1885243921272","44.2257619549073","59.2808159268278","63.4974646827467","66.1399226866361","67.4480573730609","69.3224597332747","68.9582064472799","69.8606348075027","74.7473409396659","76.1710126622088","75.4680456710467","75.3662127798861","78.9241603068593","81.2015106401352","86.5516446823608","93.6631975518463","92.0811899138836","93.5585550646654","97.1675486175666","100.348922575133","101.539191722068","100","101.069784619646","102.035657531067","102.492803308179","101.784898362751","103.907929657542","105.573297198498","107.101266154924","117.112044878309","120.686897184475","118.759527815377","122.900376355487",
"Singapore","SGP","GDP deflator (base year varies by country)","NY.GDP.DEFL.ZS","26.3879545482344","26.4755118199299","26.5995709237759","26.8457017250442","26.9972777843532","27.2896067903888","27.8629597961166","27.9637568343307","28.3656783351315","29.0116302306063","29.4604291312147","30.8903044053865","32.6590902832686","36.9733074884854","43.0057144772343","44.248161255181","45.0091647892098","45.9123540427252","47.7680757728897","50.2689258658652","55.8624040423671","59.1445936439827","61.8255917617306","63.7863530926107","64.2889384955023","63.3467945090805","62.5531758669904","62.8862264536473","66.3014021590768","69.0589905042973","72.3029836187647","75.5098705398946","76.5577233236359","79.2037012322612","81.9463191814352","84.5491623428586","85.8226611135938","86.7538303080878","85.6010032880116","82.538345107662","85.7271955144877","84.1717340772221","83.4167846362342","81.9160759153556","85.1595660577594","86.7780394934048","88.3783853573157","93.6075792942469","92.3143386980297","95.0412346985344","96.0941097778915","97.2191778888894","97.7007489753583","97.279600720971","97.0196014916219","100","100.7133558543","103.723682470636","107.633909457792","107.282020437449","104.924480018638","116.499012277094","133.99908598714","127.87593613413","135.378220217136","132.946492152574",
"Solomon Islands","SLB","GDP deflator (base year varies by country)","NY.GDP.DEFL.ZS","","","","","","","","","","","","","","","","","","","","","3.9923160313013","4.51707963576515","5.1041951616357","5.45894287600093","6.05518594736979","6.62492985640538","6.9626667802892","7.76297359024804","9.06808822786855","9.38126731493766","12.5809304576654","13.4925036028253","15.2677194586333","17.866073572847","22.8573343617875","25.0376541199077","28.0631771401926","30.4410326501916","33.8360246320738","36.4327970177942","38.4581194119029","42.2681658921375","47.0356365822725","59.2114572376516","61.4389560035782","68.0145345081514","73.6878773782134","80.5362470742731","85.7143736580284","89.8910443370742","91.4595810235753","95.5546165655515","100","102.351920052771","106.109157267775","109.671921480616","110.049775677227","112.885724453677","121.755808103001","123.266389086463","121.632264920555","120.909420510795","118.642766037827","121.665183774798","125.404581502521","131.656808380669",
"Sierra Leone","SLE","GDP deflator (base year varies by country)","NY.GDP.DEFL.ZS","0.00148827544333245","0.00148827057950838","0.00148827224436743","0.00148827469638093","0.00148827055298749","0.00156561746889695","0.00160841313250719","0.00151430948606766","0.0016152664913439","0.00184407034799531","0.00180456411352785","0.00167951647465343","0.00177945385979728","0.00219273552710198","0.0025032446813773","0.00272525270886888","0.00295101765344259","0.00353375108384736","0.00437655583677173","0.00488142355923027","0.00458811099267777","0.00498719921310153","0.00590991222549117","0.00705873746306858","0.0098658038437305","0.0166623271560016","0.0297428878097516","0.0790199067176884","0.129820415972536","0.209648651712011","0.35764287969093","0.818149812744298","1.48922557524858","1.88738971118872","2.36040814409107","3.15345779663484","4.08626594320331","4.17832005225908","5.17172080061928","6.06093880655155","6.2598067401507","16.7796002284605","16.1194628767828","18.2468589080259","20.5872839131816","24.0080190498427","30.2589090107442","32.7202259402223","36.0723755733393","38.3600825017927","45.6957263450829","52.706619548981","60.1432967134514","63.9061343526823","74.1598178045412","76.8394528735696","80.179021386624","86.1914921996095","100","109.91558334837","124.503670832944","133.795774090628","169.863707176443","219.566212545104","242.51266797108","248.999715665901",
"El Salvador","SLV","GDP deflator (base year varies by country)","NY.GDP.DEFL.ZS","","","","","","10.5392820043338","10.4154119932232","10.3744265531737","10.3946392421314","10.438860973873","10.943842077389","11.0320995150751","11.076262834474","12.0555557373982","13.2188141506917","14.525887765548","17.0874135206604","20.2181061773428","20.4122026416516","23.5888327348614","28.920212817608","29.5013320745","31.1395117259069","31.6343179357633","32.6004576210826","33.6286045482701","33.3097518325532","34.1005065908504","35.4323890063425","36.6212857023201","38.4910690635986","41.3472597024325","42.7613041559397","46.4359043514528","50.9885399375871","56.5610948396095","60.2837869450384","62.3236747759283","64.9600255405084","65.6057965116279","67.7528325859492","69.997911893771","71.0553234584526","73.1625908739366","75.1509111317965","78.3784648528737","81.774362538907","85.3686381565081","88.3585031996688","88.3285537849178","90.6232594043347","95.9875750487804","98.4260498209877","98.9963954865611","100","101.307617777231","101.973964790965","102.980005721718","104.747413546988","105.635687012894","106.326029240361","110.730132782148","118.021204289619","120.264330194575","121.817797546858","123.384120495815",
"San Marino","SMR","GDP deflator (base year varies by country)","NY.GDP.DEFL.ZS","","","","","","","","","","","","","","","","","","","","","","","","","","","","","","","","","","","","","","84.3811394891945","85.9232175502742","87.2590108968986","89.4995898277276","91.9191919191919","94.1130906274206","96.420581655481","98.3594864479315","100","102.012072434608","100","102.831969792322","103.859649122807","105.345211581292","105.506072874494","108.797909407666","110.974539069359","111.405835543767","110.578426160081","112.034409654135","113.987576591211","116.340621155584","117.404085271776","117.808631102646","119.978004017555","123.294994856054","132.363873190465","","",
"Somalia, Fed. Rep.","SOM","GDP deflator (base year varies by country)","NY.GDP.DEFL.ZS","0.00420475168522014","0.00461629605490575","0.00457825640688974","0.00472916361451528","0.00534884608387914","0.00603857567135748","0.00584495688082153","0.00582599504343816","0.00602392596384655","0.00641682958879479","0.00696945512827115","0.00692997069625707","0.00762309853766902","0.00843329015493539","0.0099283352623279","0.0114461028371066","0.0134227965138111","0.0148147508715035","0.0166383553200348","0.0192467519636282","0.036491845861183","0.043677869966832","0.0560968018496784","0.076555955187559","0.131376450997677","0.168185668301928","0.233879708036683","0.303356303973668","0.497299018500022","1.00804732773792","3.18371794713056","4.31486154244845","5.39359869171952","8.34192781212532","12.9979535770747","17.0923085547875","22.2084426698101","29.6729460093088","36.1878327498247","41.3944246063052","47.442066555626","51.3528995549875","55.3175830700491","58.7912359720588","62.7864635580691","72.8723567855082","67.867653843599","70.2546747534659","71.7018436927359","73.405573947607","62.1400922274689","60.3456118521106","63.8278825012624","57.1471326583351","62.2434636349455","66.581476944718","69.2985906191717","69.7009780641675","73.1673820398578","81.8804372181898","86.2685615493878","92.646351641907","100","104.511262980306","113.322191413937","127.922627976553",
"Serbia","SRB","GDP deflator (base year varies by country)","NY.GDP.DEFL.ZS","","","","","","","","","","","","","","","","","","","","","","","","","","","","","","","","","","","","2.1420818820325","3.97536528974528","4.68692746009236","5.83905267798136","7.52474934798892","13.485732010034","24.8343445408128","29.5781305377389","33.2838825093303","35.9894146565178","40.9867834146415","46.6590356327892","50.7798158612609","55.603078202871","60.2942688959345","63.2790213944173","70.2411787725272","74.4865868770754","80.2973489584543","82.6335255348307","84.4259464882566","85.7293373912844","88.2989415811892","90.0649198854737","92.1794921219884","94.6216581590886","100","110.458304150402","125.845473285075","133.836592520718","139.844732692366",
"Sub-Saharan Africa (excluding high income)","SSA","GDP deflator (base year varies by country)","NY.GDP.DEFL.ZS","","","","","","","","","","","","","","","","","","","","","","","","","","","","","","","","","","","","","","","","","","","","","","","","","","","","","","","","","","","","","","","","","","",
"South Sudan","SSD","GDP deflator (base year varies by country)","NY.GDP.DEFL.ZS","","","","","","","","","","","","","","","","","","","","","","","","","","","","","","","","","","","","","","","","","","","","","","","","","113.415495612731","99.9992028882911","112.925502281573","156.778249885648","229.690961237275","313.556089063221","229.835720958347","270.492125013458","","","","","","","","","","",
"Sub-Saharan Africa","SSF","GDP deflator (base year varies by country)","NY.GDP.DEFL.ZS","","","","","","","","","","","","","","","","","","","","","","","","","","","","","","","","","","","","","","","","","","","","","","","","","","","","","","","","","","","","","","","","","","",
"Small states","SST","GDP deflator (base year varies by country)","NY.GDP.DEFL.ZS","","","","","","","","","","","","","","","","","","","","","","","","","","","","","","","","","","","","","","","","","","","","","","","","","","","","","","","","","","","","","","","","","","",
"Sao Tome and Principe","STP","GDP deflator (base year varies by country)","NY.GDP.DEFL.ZS","","","","","","","","","","","0.106844968839058","0.100226846407909","0.103848082290287","0.125229893584418","0.126771883662248","0.125719385622612","0.126746171424126","0.120652644196667","0.126262990429836","0.125592478613602","0.156538440234831","0.197088045847106","0.196313777630096","0.197235116000173","0.22797930614472","0.222860513048978","0.286898976788152","0.415298084802328","0.553683612407931","0.771599694336225","1.09751602727267","1.37568359080797","1.91988646931187","3.36724345457743","5.86538833139918","8.80183142626498","17.5364129902958","24.3956024352719","28.298903506926","30.535873983238","33.5821374137644","35.9948369939822","40.1395748970534","45.6948108934686","52.4756200357986","62.4945666970151","70.8219670326675","77.6227044199643","100","113.953348800769","121.890568895425","136.128245720736","144.932698916525","155.371559886205","162.553917864464","169.874853943396","181.856928683961","189.27809850933","206.161064181056","229.383805309422","250.643732576239","263.587816803507","305.1836902349","377.652788010566","444.367638090296","497.416729162397",
"Suriname","SUR","GDP deflator (base year varies by country)","NY.GDP.DEFL.ZS","0.00560958128845976","0.00578505594813148","0.00600475823867009","0.00616610003520082","0.00617820131082318","0.00632686099633009","0.00655422565616956","0.00677899368071854","0.00688966218008069","0.00709288079569752","0.00731204121008547","0.0077057486447544","0.00803427973087854","0.0089027931666687","0.0107063564262303","0.0118288719002936","0.0118063569083814","0.0135959579954007","0.0146230722520656","0.0156514259403769","0.0174357990346698","0.0182048462810226","0.0195587384985349","0.0196518260969106","0.0195903003087535","0.019406241113986","0.0196491763868592","0.0230403931015321","0.0253207909516449","0.0283920745789946","0.0425621132542116","0.04781327211072","0.0644995888828725","0.166056585085626","0.893822361772904","3.36751011898327","3.76765620515065","3.82393367716531","4.48209477579747","7.79764311502773","12.5341515442305","17.4889302567833","24.0391086804745","29.1637606323282","32.90778317995","38.0215907997653","52.8637463713946","56.2603484650546","64.9925977264533","69.2064735519375","74.1869549245246","84.4577284656797","93.5244350427556","93.8833501834255","95.370168743931","100","124.06936382588","158.988817218312","167.988528302193","176.688500627301","256.58307633809","415.855823902228","621.385427697411","827.063783742855","933.013808551288","1054.19640120835",
"Slovak Republic","SVK","GDP deflator (base year varies by country)","NY.GDP.DEFL.ZS","","","","","","","","","","","","","","","","","","","","","","","","","","","","","","","22.9536734304457","30.89728292439","34.3622954798723","39.7152230198681","45.0563196177887","49.512871798021","51.8302425988336","54.2814635582942","56.9975304013799","61.1549022974185","67.0754189698915","70.6808766535971","73.540792148156","77.545882260628","82.12519815216","84.2986964727908","86.7395985171853","87.7611546430199","90.381143250589","89.3665494438129","89.7870445760179","91.2413886477063","92.4630035338618","92.9568131798679","92.8335501041545","92.6611648599253","92.2989437097209","93.3897996205045","95.3590621189007","97.6488313912404","100","102.244084108307","109.74253701194","120.743776601369","124.841454756541","130.068247391955",
"Slovenia","SVN","GDP deflator (base year varies by country)","NY.GDP.DEFL.ZS","","","","","","","","","","","","","","","","","","","","","","","","","","","","","","","3.53056863826037","6.88205929392844","21.2089803252618","29.0730832366569","35.6404703332566","41.0418043357569","45.7602340008814","49.5585798475604","53.2329938572492","56.714889141882","59.854660428318","65.0620207351987","70.0196228351541","73.9851545977449","76.4697035485878","77.6190408931432","79.3449798145244","82.6776687075391","86.4023099799195","88.7635462492342","88.3273005414751","89.5325445823582","90.0935721515477","91.1141496033147","91.6895823369998","92.4847128540228","93.3036487431222","94.5050554704644","96.566166977325","98.824450370107","100","102.683430771861","109.335524261356","120.25718624843","124.426599819641","128.724696805811",
"Sweden","SWE","GDP deflator (base year varies by country)","NY.GDP.DEFL.ZS","6.98286499891169","7.18797816990411","7.47695408976466","7.68346016660744","8.02141967046389","8.50215461911048","9.05887403721313","9.51274533078348","9.7402443850248","10.0731864679967","10.594283233889","11.3475673215979","12.1388519066911","12.9926709016255","14.2215367965983","16.2854233767245","18.2264775087401","20.1456470716139","22.0693684072083","23.8223842783827","26.6135363125327","28.9468360813665","31.2870735542186","34.4014082687027","37.0282936341524","39.3997732725966","41.8909118434455","43.8685605399363","46.7512541800887","50.4561353647249","55.2362591274439","59.7914768234301","60.3985643093614","61.7347443083377","63.2795497454857","65.624083865947","66.3146934533931","67.3084557755433","67.8920285953162","68.5736345876723","69.6516542584153","71.455460723494","72.6155235618669","73.9573352022909","74.2639658205368","74.8316935157712","76.1382519677501","78.3646633307836","80.9989657439396","82.9096772664862","83.7638413807076","84.6997491346139","85.5039551802105","86.3689819677225","87.9519037400239","89.9358918083127","91.4281165121289","93.4628883950176","95.9064340397959","98.2330161854019","100","102.709855502178","108.900379364177","115.253699572413","118.705971128036","120.165695988447",
"Eswatini","SWZ","GDP deflator (base year varies by country)","NY.GDP.DEFL.ZS","","","","","","","","","","","1.33398487040219","1.42902921366686","1.56660564332187","1.96187084609392","2.1637266678798","2.25490030836736","2.56089655757525","2.82841101790667","3.1270900474979","3.55198982990965","3.84359177704742","3.97851509088127","4.58244117167814","4.79950780979548","5.33057174730529","5.6497329220622","6.43598234928881","6.50762236008478","8.07808145136788","8.31167834184771","10.8371741077119","11.7884341541976","13.1073537180095","15.3866910322695","17.0746765942385","19.9175045875962","21.4476399743587","23.8808407043921","25.649283305458","27.026664922352","33.0782334569048","35.8310437518413","39.0925338894931","41.3864907619579","43.0027713158151","45.6540421158755","47.2740752718071","49.7280446070435","54.8510600319689","60.4254892836119","62.2020415641846","65.6085360179946","71.6424231892085","76.0899389819444","80.4555661390013","84.739587867584","90.4719335804042","94.945602150209","98.0728087939164","100","105.165047565898","105.284996426155","114.622359210377","121.561242056475","123.139405456884","122.585301600733",
"Sint Maarten (Dutch part)","SXM","GDP deflator (base year varies by country)","NY.GDP.DEFL.ZS","","","","","","","","","","","","","","","","","","","","","","","","","","","","","","","","","","","","","","","","","","","","","","","","","","66.570635711727","67.3220577738072","67.5206685335994","70.1358091892655","71.8321671035117","94.143602479329","97.9166758294011","97.6025154507527","100.09705768955","100","100.759240923004","102.082896592562","106.823318701786","110.38722083011","112.620492615924","116.55673896882","118.360324871626",
"Seychelles","SYC","GDP deflator (base year varies by country)","NY.GDP.DEFL.ZS","3.21760973235681","3.26448718127993","3.28404213211993","3.28396124783274","3.42778510709367","3.51179395825579","3.2493131513262","3.31557464209338","3.42824019618272","3.50885950650728","3.61080519420181","3.66765480652901","4.68400662326782","5.27175924001779","6.37536867542231","7.23650479555235","7.8974994806648","11.3570186896377","11.3053170584437","13.2283479138762","17.333887586345","18.6073479478538","18.9285339087883","19.5317871663552","20.1437659351281","20.6029251987447","21.7869089055562","22.5873214569355","23.474721424187","23.9737390505954","25.5009087780659","24.979885255428","26.1460100627872","26.9377930028588","27.6532698342434","27.0800368018563","25.4334982184586","25.6559537369898","28.3271961320221","28.9097830897211","29.2717177173461","31.0739075891797","32.1966580094527","34.1113400689583","42.5280130349456","42.7230656873438","43.3392794531796","48.1410097113108","63.5106606093675","81.4092118525371","79.683572284632","80.5317093919307","88.9370325118207","93.9532870510615","100","98.9968135812864","96.7252639116457","98.9813714914881","102.393637441864","102.523626408918","107.886051471381","110.852982551611","114.436916168865","116.032018296169","119.42979382584","122.537911800593",
"Syrian Arab Republic","SYR","GDP deflator (base year varies by country)","NY.GDP.DEFL.ZS","2.91713706762386","2.90064264611765","2.82094021391194","3.45568539077013","3.52878788956086","3.42461619762497","3.68457583344288","3.7191272601623","3.87992728955352","3.75672769328032","3.79034910230041","4.09935028393104","3.75688538405481","4.48406635381425","5.72766049739734","6.39906796116505","6.84298362388914","7.61322033611693","8.3028493059383","9.90296245289779","11.3767233172901","13.5453154505598","13.7810001382347","14.3501594766737","15.9669226025351","16.1293135860275","21.0407411306453","26.4446929225163","32.6442343965764","42.445300562437","52.5568604714934","56.6800499919045","59.8438966890446","62.7666126614846","71.6102294465889","75.4854548627453","83.1631406301724","85.4560500837289","84.8427212560832","91.1568835192621","99.9998894567129","102.922873583907","100.945764204731","105.443556501415","116.332327608065","130.23412142817","142.081376634202","157.381930229012","182.484578193158","177.410630863825","189.651434314208","211.601399502263","267.138413967334","352.009618472537","482.586129205022","667.003474756306","912.935558328726","1252.73958315618","1417.94914744364","1699.14768240662","2802.37597291058","6120.36749567096","12692.1213365498","","","",
"Turks and Caicos Islands","TCA","GDP deflator (base year varies by country)","NY.GDP.DEFL.ZS","","","","","","","","","","","","","","","","","","","","","","","","","","","","","","","","","","","","","","","","","","","","","","","","128.876981290519","132.756766073223","134.506801127049","130.090731725797","152.61739960132","154.921083715436","158.889265154081","161.948415822308","163.991057306242","170.459643958151","97.3007437513757","100","99.4225995702291","100.568553266279","104.451037322315","106.189505141693","106.685152258734","107.56999317741","",
"Chad","TCD","GDP deflator (base year varies by country)","NY.GDP.DEFL.ZS","5.56901852370985","5.8509683473227","5.940756135071","6.2759374564763","6.79252566335288","7.1773699007867","7.60678298065295","7.85623129596777","8.01582788026876","8.18154228253986","8.49731316795643","9.26137022063294","9.77571742674752","10.432019434572","10.8217277060955","11.7113495312657","12.7009029937891","13.7954692833792","15.1611898007865","16.402854550965","17.8356282207365","19.2722449622981","21.049296974433","21.0518496112747","26.1182620799996","24.782784453885","20.5863586639014","19.9413712052865","21.8082685003596","21.5350958066435","23.2605585406495","23.9754715669351","20.8810644227696","20.6065611732063","29.5796807713052","32.1924916192155","35.8812537688476","37.2385646206626","39.7519475889012","36.7415857539761","38.6851439422921","44.0227857696621","44.8626610343551","44.8981046414692","49.2686013028323","82.1665872629272","91.8228617001533","90.3449316840017","100.611703152473","99.0218463919794","104.601734436696","113.152239413427","120.535001229553","113.213953322309","112.625720964548","104.750852099488","97.9794348333202","100","103.868992243617","101.110312973712","99.9042596910325","108.429557575451","123.769847283558","119.135538438367","123.078803538487","120.670341444389",
"East Asia & Pacific (IDA & IBRD countries)","TEA","GDP deflator (base year varies by country)","NY.GDP.DEFL.ZS","","","","","","","","","","","","","","","","","","","","","","","","","","","","","","","","","","","","","","","","","","","","","","","","","","","","","","","","","","","","","","","","","","",
"Europe & Central Asia (IDA & IBRD countries)","TEC","GDP deflator (base year varies by country)","NY.GDP.DEFL.ZS","","","","","","","","","","","","","","","","","","","","","","","","","","","","","","","","","","","","","","","","","","","","","","","","","","","","","","","","","","","","","","","","","","",
"Togo","TGO","GDP deflator (base year varies by country)","NY.GDP.DEFL.ZS","9.30084583326196","8.65473188587526","8.71665447044959","8.99340096269248","9.12469011251824","8.91262570048743","9.42401064802751","9.58875077698182","9.59459468199963","10.0588349979831","9.89575609451816","11.1221605857581","11.0807469218406","11.4280589909998","16.2315099692914","15.5394251249987","17.7475796265296","21.4137691491643","18.7789790482998","20.1962283607139","22.3099104003305","25.1315389778485","26.912550300994","30.750313268853","31.328248586107","32.3938593348832","34.2062309565709","34.7736581725817","35.6728272373337","36.0268281591969","37.0989665496378","38.0899143838338","39.3260976460317","36.1026264919222","49.0426675641503","54.4786600015293","57.4139308722836","58.5828983390445","64.1814506255602","64.8971554349217","71.4189669998334","72.5859911113371","76.2355099053155","74.0299350408788","72.6175260733846","76.8846464713891","76.4934856583375","80.2904320878872","87.5761726405458","90.3061344828287","90.2218622971628","92.7657499788535","94.3894980030428","95.9783474051319","96.4389268236352","98.563188508984","100","99.1153405727678","99.56424181825","99.5840418281743","102.514045896148","107.186439604032","114.819682964252","118.233535418981","121.448050077185","122.479289102882",
"Thailand","THA","GDP deflator (base year varies by country)","NY.GDP.DEFL.ZS","15.4923366939927","16.0653412955338","16.1521743512618","15.9637209871437","16.3911948672885","17.0987327057113","18.5085794251418","18.1999132110867","18.1538700674655","18.7590057148496","17.8219561225165","17.6818179300037","18.8023033297947","22.2705090685059","26.7991485766321","27.7339091576151","28.9811266726367","30.7242541251464","33.7036411856421","36.6175155932082","41.2688492097478","44.7240516571597","46.9861291809964","48.7007261703096","49.4058477080632","50.4815131916701","51.3160510054615","53.739817660962","56.9203531747841","60.4020249427405","63.889143872489","67.560548718841","70.5943241698845","75.1763580369346","78.6891714908557","83.2061157554684","86.6160196363833","90.4454596967185","97.7387196881377","95.2200388408497","96.4874651291056","98.3376433852723","100","102.149549016092","105.795531422996","111.182170344553","116.857145440521","119.747417322797","125.894986704863","126.140195053238","131.287962823946","136.202200092778","138.802496825726","141.271440536499","143.307819422865","144.342664638679","148.147779225714","150.962505534876","153.119135002088","154.672411347264","152.676448737361","155.389749097713","162.600931934885","164.638953920447","166.062309646915","164.617497041672",
"Tajikistan","TJK","GDP deflator (base year varies by country)","NY.GDP.DEFL.ZS","","","","","","","","","","","","","","","","","","","","","","","","","","0.00137748760243853","0.00132198860526078","0.00139896794524439","0.00136295269914259","0.00146194094186583","0.00155389575520868","0.00310209665481553","0.0209085816057739","0.273319288929173","0.992180390576231","3.91445689125835","20.7627775910654","34.3107391620406","64.4617637626306","81.5448684420571","100","130.947706315931","155.591675225369","197.73596596453","232.204466136055","254.297152924137","307.858335302683","391.712798197884","502.032783390021","562.910290270803","633.058300290311","717.409239182052","802.555066570075","831.711967984394","871.356860974967","931.186409717782","936.227757557127","1028.02926268784","1053.65009126127","1092.19981804079","1110.28621129111","1221.80901587115","1322.75821003773","1372.27654177903","1485.23464127257","1556.02901016655",
"Turkmenistan","TKM","GDP deflator (base year varies by country)","NY.GDP.DEFL.ZS","","","","","","","","","","","","","","","","","","","","","","","","","","","","9.22809604619621E-06","8.97677767544841E-06","9.72299544449138E-06","7.69474396832853E-06","1.58635549290915E-05","0.000505912966887987","0.00624291614762691","0.0656946530006922","0.529313961248771","5.89661902207373","9.54073216798085","11.2215041898366","13.8030453812851","17.0418675976162","22.5489237770171","28.2206771366834","35.8838128591354","42.4676901245753","45.451805913923","51.0196336501829","55.7488192761412","89.0533788382958","97.7458936052737","100","112.839439290309","122.225448296938","123.675728927756","124.447228808449","118.086705662419","112.31030121593","110.628480269734","111.961703417697","116.165995837007","110.896907985059","113.715330294178","126.065546926468","123.083006118519","131.484776291161","139.403235926779",
"Latin America & the Caribbean (IDA & IBRD countries)","TLA","GDP deflator (base year varies by country)","NY.GDP.DEFL.ZS","","","","","","","","","","","","","","","","","","","","","","","","","","","","","","","","","","","","","","","","","","","","","","","","","","","","","","","","","","","","","","","","","","",
"Timor-Leste","TLS","GDP deflator (base year varies by country)","NY.GDP.DEFL.ZS","","","","","","","","","","","","","","","","","","","","","","","","","","","","","","","26.6307110715388","27.7124841727238","31.9124922932685","33.4304019534758","34.3908279807588","35.4438780326631","38.3361306818657","38.4247002557622","39.9143409019865","42.7822665844273","44.065262227991","49.2728283528508","51.9371517488548","55.4691075049012","49.6530990267127","50.5654633995229","51.7692240384344","56.1579678671896","60.2332189949991","61.2964111295475","68.0168369010625","75.8834303238175","80.5582040668547","93.9653192172911","93.2812036726704","99.9999937118091","100.141360776179","99.928260505788","98.5665431028443","103.656798784117","83.7270656622502","133.192747646555","148.334070935457","117.448266012602","115.902239410296","110.468665052819",
"Middle East, North Africa, Afghanistan & Pakistan (IDA & IBRD)","TMN","GDP deflator (base year varies by country)","NY.GDP.DEFL.ZS","","","","","","","","","","","","","","","","","","","","","","","","","","","","","","","","","","","","","","","","","","","","","","","","","","","","","","","","","","","","","","","","","","",
"Tonga","TON","GDP deflator (base year varies by country)","NY.GDP.DEFL.ZS","","","","","","","","","","","","","","","","","","","","","","10.1148881335457","10.9104409072321","11.8113225370315","12.5807573565038","13.8685433603514","16.111165633941","17.8853344030698","19.5073882453416","20.83488569698","23.3866898650615","25.5993739494575","27.5058891073598","27.5239791916592","35.4029970335057","34.191287278685","35.2084034119526","35.1668602963661","36.1611085961025","39.0055844206774","40.0352266211382","41.6449297351707","44.8179873905209","49.9270939026935","54.1254511900406","58.5920058855097","69.2813456415369","72.3343956597071","75.5405808934059","79.2487655147561","85.3680267048265","85.7737184391737","89.4487773010291","87.3992753201131","87.4355793319987","91.9839472073802","94.7191386779389","100","105.923125455471","112.795845143592","112.779275177844","115.07725284479","125.663622607122","134.996145588081","146.135512139566","150.460915142607",
"South Asia (IDA & IBRD)","TSA","GDP deflator (base year varies by country)","NY.GDP.DEFL.ZS","","","","","","","","","","","","","","","","","","","","","","","","","","","","","","","","","","","","","","","","","","","","","","","","","","","","","","","","","","","","","","","","","","",
"Sub-Saharan Africa (IDA & IBRD countries)","TSS","GDP deflator (base year varies by country)","NY.GDP.DEFL.ZS","","","","","","","","","","","","","","","","","","","","","","","","","","","","","","","","","","","","","","","","","","","","","","","","","","","","","","","","","","","","","","","","","","",
"Trinidad and Tobago","TTO","GDP deflator (base year varies by country)","NY.GDP.DEFL.ZS","3.65052930486708","3.49574241891828","3.60227551696252","3.73559681113901","3.64299981726138","3.74329979508086","3.53468450515984","3.69761662213349","4.02753185602503","4.02534604900169","4.10076962737664","4.3728705564504","4.85869306666076","5.88789577717245","9.27412287973632","11.5529099623053","12.4766399367797","14.1413099474341","14.5888570391929","18.1934693899984","22.3301259801945","23.9423196427728","26.854171820773","28.5526103161154","30.2688241033348","30.6434304829337","30.2604889990324","31.7289311492502","33.048211026178","35.4223979146047","40.9089328905268","41.5521815521583","38.6789075013655","42.0872096794778","47.6712575171188","49.6588094761851","50.5772706109119","48.7850308174479","47.8793445849663","49.9396798330798","55.9539919151886","57.5173171488715","54.530710372775","60.2447443564822","65.5970228177818","74.3354814844712","75.6209000403128","85.263963999593","105.550410542348","76.384940593441","86.1112918286554","99.6563424993","100","101.98374825559","100.991118133751","91.8883184205872","91.4660140294879","98.5993103434706","99.6297935456812","97.2465766821345","94.8127521560011","110.864156152945","128.52105604345","111.832374120308","111.692036884277","113.914552249466",
"Tunisia","TUN","GDP deflator (base year varies by country)","NY.GDP.DEFL.ZS","","3.02144275714061","3.21752097448662","4.20531366301162","4.68334715947679","5.4613477380159","5.5447917540689","5.77387194424916","5.85061293077539","5.93139606800574","6.32282597020428","6.66952587697","6.86205665222461","7.44950382737638","9.26678988088968","9.72962529322161","10.0115463355521","10.9779918481792","11.6877113355328","12.901812229768","14.5530845282593","16.2137003313852","18.8091344376837","21.1980292600181","22.6779066612761","23.4936584135377","24.3212619647066","25.5788442491546","27.5494880226428","29.981910369874","31.3240519300835","33.5282634706735","35.43653962855","37.09898938158","38.7781110346367","40.8531647683043","42.6329718036991","48.6550225448786","50.2468572288298","51.9358646134115","53.641219971057","55.740510764657","57.0140715335252","58.544760392321","60.5069521200372","63.0336232555835","65.4502229363799","66.8420065874266","71.0800065418112","73.2287871046648","80.1599097810574","83.8241106878555","87.7318321170049","91.6800016047234","95.9565624025982","99.9998886442775","104.93504805871","109.865688182477","118.592929484831","127.102022253575","135.697301544765","142.617416193243","147.132776081355","157.699185878735","165.586084021977","174.251900901329",
"Turkiye","TUR","GDP deflator (base year varies by country)","NY.GDP.DEFL.ZS","5.52818632346466E-05","5.76995604843673E-05","6.10397521461267E-05","6.49564865528702E-05","6.64845466639941E-05","6.9222284332464E-05","7.33393424594106E-05","7.7695619114428E-05","8.13940519789147E-05","8.69909650958657E-05","9.45109029417996E-05","0.000110485218127522","0.000122611717751242","0.000149500735607997","0.000192844508173157","0.000233938207378285","0.000270462178437979","0.000335613875470932","0.000495168560388495","0.000875066171638246","0.00168890593032257","0.0024329884066677","0.00311974401520622","0.00393893405507449","0.00583895108172905","0.00893677603309865","0.0121546307512359","0.0162400730774745","0.0274486680064687","0.0481462896220706","0.076188806223142","0.121265232971715","0.200329483706666","0.337313639479365","0.690646766567614","1.78070409371192","3.14768818381735","5.76356407885482","10.1593232994269","15.651445361806","23.3790582611154","35.6743724771031","49.0851262830098","60.5162629970376","67.9990881989993","72.7948427268321","79.587013998625","84.5601944812786","94.7147549450347","100","106.905064723667","115.817265701763","124.264298226205","131.952560547135","142.030678509985","153.224032628886","165.677480117358","184.123036004355","214.933229774473","245.368437391499","281.52079580504","364.022997339074","711.757895853495","1197.74445703307","1907.76827656108","2602.67938524398",
"Tuvalu","TUV","GDP deflator (base year varies by country)","NY.GDP.DEFL.ZS","","","","","","","","","","","11.6294730030523","12.4153754752937","13.2625226320173","14.1728982890443","15.1401339292891","16.1576059044508","17.2320208748557","18.4200428492","19.7551696310957","21.0764314792493","22.3737393583235","23.7476398219557","25.6743064635978","28.003277336456","29.0660506472849","30.1299248307435","31.9191257205047","32.9860472541757","35.1148700104798","38.5886664458556","39.3795103430888","40.4203391938317","43.3888359572312","44.4937043514639","42.418111601098","44.6028202603957","50.2639277162438","49.6078063426534","50.9673810617982","54.0873251657565","61.0850252146038","64.6118322162244","66.8253663475218","68.8877837798379","72.3325993801312","72.2670583148339","76.8701578346206","76.0986523079394","78.8507339614665","79.1881853358908","80.3685026623681","81.3137806347931","81.8037564837327","84.2044453763892","88.417472584361","92.2539951916278","100","102.979183186219","110.489848256705","116.666666666667","118.75","128.125","136.842105263158","128.813559322034","140.983606557377","143.548387096774",
"Tanzania","TZA","GDP deflator (base year varies by country)","NY.GDP.DEFL.ZS","0.118417747034721","0.124787636661707","0.125529117010684","0.131654827116113","0.135328380040092","0.132034094404749","0.135637466884826","0.134032210464595","0.135224878542769","0.137556228454002","0.142398889625421","0.146628902341012","0.155830654174215","0.172107999386665","0.205733367539756","0.235159984350063","0.292388802667675","0.345488999190951","0.377135481243095","0.41499072600023","0.468891048432794","0.552046022078812","0.657041384505663","0.798775076436429","0.962072866575187","1.28942214425902","1.61771081927182","2.18953227340865","2.9859590916846","3.60108887891521","4.40950400798481","5.64913042388065","7.08262444815852","8.81517507248698","11.5628611117925","14.6688712390424","17.5019665458247","21.1051370289486","24.1067335981716","26.8886506554052","29.0938169263036","30.4949661930227","32.7006764534172","35.4536426262824","37.8948468435464","40.3300464475875","42.5522704363415","46.4242672761766","54.0289125871963","58.9140244909296","64.4688606933796","72.3330449456468","79.9163647028428","87.6412272238503","92.9442628187053","100.000000148067","107.472033826728","110.343460737809","113.66212321107","116.254084418822","123.721100525439","127.029777967289","130.539121456213","134.126613118314","138.921267196433","146.03704934796",
"Uganda","UGA","GDP deflator (base year varies by country)","NY.GDP.DEFL.ZS","","","","","","","","","","","","","","","","","","","","","","","0.028183752045279","0.0411326339187876","0.0515296514859604","0.113538345440252","0.269404779689772","0.756995133935274","2.19509750653398","4.72926582105292","6.82811823328037","8.60474930662038","12.4827402272113","16.2446476030413","17.3571618964486","18.9846453571061","19.8527147125961","20.4672095412994","22.2653985722853","22.2402096042911","24.7127217349062","25.8333141243771","25.0145126793813","26.9673308648981","31.1708770426651","30.6281343162712","31.3649309069891","33.6612350697103","35.8035291589492","66.3630139458511","70.1043029434793","76.688257561025","79.6311354001411","82.4874292352235","86.6994908755232","91.1973389654348","95.5574840065791","100","104.443385271664","107.576699171176","110.504382301799","113.316850658901","118.894630962861","126.917658692282","133.209321729672","140.13922988396",
"Ukraine","UKR","GDP deflator (base year varies by country)","NY.GDP.DEFL.ZS","","","","","","","","","","","","","","","","","","","","","","","","","","","","3.29231786761564E-05","3.34888411323889E-05","3.47771880656821E-05","4.0428163157607E-05","7.92807864058584E-05","0.00148114951425108","0.0508565338057685","0.535517243018554","2.76225085703599","4.58935996031037","5.41883149229032","6.06974249399412","7.73284748908133","9.85948973862018","10.8652479924926","11.4360800112521","12.3697604378308","14.2636618373972","17.7006421542283","20.3296292284946","24.973393079606","32.2207003231833","36.2901518888632","41.2521871734151","47.1025346796887","50.862523295066","53.0540843607439","61.4906056012719","85.3991859536416","100","122.098317497802","140.899663976268","152.518569076384","168.220294965657","209.946929965551","283.250499213033","339.545017290512","380.188286618412","435.216351649182",
"Upper middle income","UMC","GDP deflator (base year varies by country)","NY.GDP.DEFL.ZS","","","","","","","","","","","","","","","","","","","","","","","","","","","","","","","","","","","","","","","","","","","","","","","","","","","","","","","","","","","","","","","","","","",
"Uruguay","URY","GDP deflator (base year varies by country)","NY.GDP.DEFL.ZS","2.92267504132913E-06","3.4612329586932E-06","3.87625624117441E-06","4.64758141576346E-06","6.52295097992969E-06","1.05792341081497E-05","1.82299016706419E-05","3.25455683179654E-05","7.03795225304642E-05","8.94384571260706E-05","9.31836662560297E-05","0.000122713541582313","0.000207590898467105","0.000605281327979974","0.000777708050948648","0.00129082333434612","0.00190127295360167","0.00295850794175344","0.00434313879901239","0.00778326063526911","0.0120455843834033","0.0153394011910954","0.0181253841751428","0.0278643428780992","0.0435657905350509","0.0758119520542316","0.129610641624913","0.223946439648339","0.391091981732142","0.688632673582279","1.42434493531715","2.8602009652295","4.56555639710253","6.75026319781067","9.3799755418511","13.2302985628656","16.7272963864438","21.3248215815008","23.9656673253685","24.8962532446134","25.7774084500945","27.0215855720301","30.4307035600335","35.4644395176593","39.0481409897593","39.3128359880623","42.2276465574415","46.5834148611089","50.7304514650803","55.1019322849602","58.2685615290298","64.0228268511361","70.0492395058362","76.3531433586166","84.1569359472426","92.4509557147285","99.9999983273445","105.680171036934","113.633198014225","123.015130777407","136.206530130018","151.290052391111","160.350843105226","166.850551291683","173.832622868059","181.364937377365",
"United States","USA","GDP deflator (base year varies by country)","NY.GDP.DEFL.ZS","14.587391098725","14.7843433280462","14.968354395909","15.1312678706105","15.358833011468","15.65369585177","16.1074618256974","16.6150529476492","17.3406635856772","18.2004983872582","19.158341198608","20.1296322220975","21.0004656028365","22.1512750415091","24.1446002809605","26.3810640610694","27.8329437853739","29.5622971921258","31.6416886761463","34.2669116171551","37.3622778593115","40.8975578959371","43.4243743036314","45.1252674426899","46.7533326282429","48.2319185771199","49.2032575889271","50.4222134178032","52.2008569267132","54.2475269708228","56.2781904379181","58.1814126530349","59.5072823104371","60.9177982017331","62.2185140668891","63.5230424851909","64.6859998311504","65.8014762361652","66.5409964024268","67.4826167927401","69.0112297721562","70.5651486799977","71.6617273169935","73.0765553385887","75.0416479286116","77.3945446986751","79.7812660998886","81.9427468178344","83.5215456690289","84.0366904577565","85.0579771623642","86.8128163508019","88.4294141679155","89.9343770048922","91.5006903474734","92.3498559134411","93.2274773497258","94.8969980783401","97.0709841824513","98.6731074507531","100","104.562972826319","112.000017338401","116.144257693854","119.027387038617","122.361624831936",
"Uzbekistan","UZB","GDP deflator (base year varies by country)","NY.GDP.DEFL.ZS","","","","","","","","","","","","","","","","","","","","","","","","","","","","6.7079525385662E-05","6.62027425014984E-05","6.71166934028022E-05","6.97877293041349E-05","0.000133104237874575","0.00108100508332577","0.0127437835852316","0.170587684364753","0.803372384533888","1.45856477881458","2.4224874732642","3.36720806231675","4.85266413152183","7.14761590683219","10.3811599095306","15.1028361081615","19.145137861074","22.1927134155856","26.9488042147179","33.2725589473024","40.55828442873","51.4244916690254","60.3011637934267","100","121.377077008577","139.171601583605","156.923270463417","177.477627869396","195.230686124013","211.91956146702","257.782089314789","326.419541594495","383.035837319382","428.587510773579","483.779335998888","551.717951092703","628.483844755428","716.909849103634","801.880033168474",
"St. Vincent and the Grenadines","VCT","GDP deflator (base year varies by country)","NY.GDP.DEFL.ZS","5.05321557109216","5.17966157968866","5.18244577656935","5.21798789461891","5.41880817126715","5.49865790392617","5.85957367368194","6.54676652514568","6.76350537634788","7.13226728640715","7.13644834700768","7.4378678134807","7.9111533770368","9.92330125981884","12.4485457958686","14.374229208667","15.4831440779415","21.2511535661227","23.8658858841018","26.9746500162776","30.4957982807353","36.1415208391772","38.5482278929783","40.5478958248275","42.0158400621667","42.6819853895223","44.6383409329865","48.5148368387486","48.6198692462752","51.2943693218014","55.1270796960297","57.787874389903","59.2530318740856","58.5448496353206","59.9325364006489","60.7185558089864","62.8833294398064","63.7378143803989","65.7844368748646","66.9799347178334","72.1787262171685","76.5955083772816","76.7539730640064","75.0857325650897","77.899364818679","80.1612386176119","83.12902657373","89.2194016059678","91.2340848658036","90.190451565644","95.2236175373338","94.9199451495999","95.9571751196247","98.1087089339429","97.7734248389961","97.0559201506316","96.4764011022765","98.4750669777893","100","102.273625527843","101.44673712756","102.13773992108","110.25971291629","113.472686580619","117.684768770669","123.464480874317",
"Venezuela, RB","VEN","GDP deflator (base year varies by country)","NY.GDP.DEFL.ZS","1.97513779061229E-12","2.01491174393733E-12","2.02831199787675E-12","2.12810149557733E-12","2.12030194277229E-12","2.16625331383028E-12","2.22354912892957E-12","2.27767535819699E-12","2.30193485630959E-12","2.34289690725526E-12","2.4450065204727E-12","2.646295535399E-12","2.81218589648433E-12","3.12716181068137E-12","4.69411907493515E-12","4.80034690273434E-12","5.0976585158634E-12","5.52833048808408E-12","5.86482201597109E-12","7.15189117964366E-12","9.15636885207108E-12","1.04045344494626E-11","1.03607937448915E-11","1.14377728035002E-11","1.5726395085539E-11","1.72853389273703E-11","1.71336257760348E-11","2.32515034217413E-11","2.73942181029226E-11","5.50987456720174E-11","7.7920706120065E-11","9.47631185073907E-11","1.21584869041426E-10","1.60089591004273E-10","2.60675241409973E-10","3.95616833624495E-10","8.53125011467759E-10","1.1430160213603E-09","1.35645631162255E-09","1.71116271161445E-09","2.21839176801527E-09","2.39532187038093E-09","3.18181459445676E-09","4.29318545816511E-09","5.75474098110114E-09","7.46706486191167E-09","8.80236346709336E-09","1.01572741479964E-08","1.32257022080192E-08","1.424304642513E-08","2.0807574905765E-08","2.66787116580437E-08","3.21723673447691E-08","4.47924408130023E-08","9.18436593790481E-08","2.15748751328342E-07","8.8154966055542E-07","1.01367436523704E-05","0.0228839253507995","5.03660154634946","100","1312.84660038412","4080.40690259068","19088.0650753593","29672.0359143681","97055.1716016071",
"British Virgin Islands","VGB","GDP deflator (base year varies by country)","NY.GDP.DEFL.ZS","","","","","","","","","","","","","","","","","","","","","","","","","","","","","","","","","","","","","","","","","","","","","","","","","","","","","","","","","","","","","","","","","","",
"Virgin Islands (U.S.)","VIR","GDP deflator (base year varies by country)","NY.GDP.DEFL.ZS","","","","","","","","","","","","","","","","","","","","","","","","","","","","","","","","","","","","","","","","","","","68.0008338544924","72.059439095856","76.9402228976697","86.7045232034462","84.8278471433976","87.0134594397963","76.2623539982031","80.8195459792228","82.6926754637598","87.9791666666667","100","97.5469728601253","94.7130712008502","97.7321237993597","99.7373949579832","100.37037037037","101.869644248247","103.986878627303","108.463708643242","111.504205838694","117.122085735773","","","",
"Viet Nam","VNM","GDP deflator (base year varies by country)","NY.GDP.DEFL.ZS","","","","","","","","","","","","","","","","","","","","","","","","","","0.0212278099025569","0.105730007786979","0.489060834403071","2.49929772697916","4.24102645568602","6.02629070402039","10.3981467349741","13.7909772136162","16.1926723965676","18.9377053945737","22.164727401709","24.09234212605","25.6818114575123","27.9515350597721","29.5544725317069","30.5619335676941","31.3633483890597","32.8370895990656","35.1716761299503","38.1378133600771","45.311734206038","49.1944731371939","53.9320118890197","66.1601874639457","70.2724553928358","100","121.413679281818","132.43520111857","137.783628020144","142.879056681767","140.426520946263","142.981631947039","149.219806374716","154.631482454076","158.37855419817","160.702724872318","165.332197431479","172.677631028562","176.416072940636","183.840635215709","189.965765705405",
"Vanuatu","VUT","GDP deflator (base year varies by country)","NY.GDP.DEFL.ZS","","","","","","","","","","","","","","","","","","","","14.8193935523645","16.8811661661423","19.5285077958038","21.1097256652101","21.7002921709781","24.3403981370873","23.5006175206438","22.8020552740371","26.5587354575087","29.1604438947714","31.0409023263321","30.7403939936952","33.8967710903056","34.8411965033761","35.5598518826229","36.3813911784663","37.0114946163754","37.7832563566459","38.9836390228647","40.7745182451949","42.0298184655392","42.9456358453245","44.5023745737256","45.7815602781391","46.1472371882635","47.1241179896018","47.3218234080991","49.1544637834336","51.9940975667594","55.7192513817021","57.1427190713538","57.9836934983949","59.5996467824086","59.3230831487679","69.5717768193519","70.552639193155","74.4608626198083","75.9827953010822","79.6259180096294","82.2114968401004","85.0790058258938","86.9811348715897","89.7547005727652","94.3378275717623","94.9442498893048","100","102.186406012773",
"World","WLD","GDP deflator (base year varies by country)","NY.GDP.DEFL.ZS","","","","","","","","","","","","","","","","","","","","","","","","","","","","","","","","","","","","","","","","","","","","","","","","","","","","","","","","","","","","","","","","","","",
"Samoa","WSM","GDP deflator (base year varies by country)","NY.GDP.DEFL.ZS","","","","","","","","","","","4.09217343235889","4.27260454326912","4.60014297349114","5.14501428253076","6.44591469203469","6.98597996082177","7.30317272495779","8.41169008642714","8.16428748106358","9.33115294991373","11.3840063399714","13.2307175050856","15.9964915357351","18.8593461517026","21.8515021256881","22.1877928563908","22.1190759438575","23.1182894415269","27.3660412595507","26.6019556241963","28.9978446454838","30.7700113088638","33.4057607603416","33.6244782868787","56.565771454921","52.6200470756706","55.0353340436893","61.5495403931629","63.6506205857429","64.3674754070823","65.7030352666859","67.9151570212336","68.9212192776723","70.6769860985454","75.6757990671862","78.6991481844353","82.8498283390758","89.0541947297491","97.1757813440114","98.806122784083","93.7216155644129","92.8688801701262","96.608222657388","98.8749318201729","99.7184469367915","103.67195069319","105.999133564847","106.322330670906","107.489306929598","109.101094247884","110.434584083511","109.650865873214","112.439533009264","120.118807649431","130.238852538057","138.273420759129",
"Kosovo","XKX","GDP deflator (base year varies by country)","NY.GDP.DEFL.ZS","","","","","","","","","","","","","","","","","","","","","","","","","","","","","","","","","","","","","","","","","","","","","","","","","99.9999717322478","97.1668425413911","103.37813713417","109.894853061624","113.769089354527","114.170838867495","115.999215096873","116.704305489928","117.61372865617","118.131251577355","119.90194364905","121.056551572359","122.728472288513","130.233981017813","139.60914861591","145.980614875682","149.263178205644","153.458366741744",
"Yemen, Rep.","YEM","GDP deflator (base year varies by country)","NY.GDP.DEFL.ZS","","","","","","","","","","","","","","","","","","","","","","","","","","","","","","","99.9990520485947","111.992519470433","126.743888939405","147.499351415081","178.156154153412","259.650734400768","355.124537666365","402.322338392264","368.756779820552","492.146136928543","607.042829597024","623.725583394202","678.063810765236","751.920845700501","858.041840714071","1017.06576867612","1155.27124854056","1281.06044497028","1542.11169157308","1407.86670480708","1740.36911487615","2055.61377535753","2176.75436188114","2377.21073571424","2547.49804834933","3731.47964108893","3736.49515354305","4429.7482560652","5087.72821173512","","","","","","","",
"South Africa","ZAF","GDP deflator (base year varies by country)","NY.GDP.DEFL.ZS","0.746488850450175","0.758077726549055","0.759472551188558","0.78228660163924","0.798312886303045","0.8222822185324","0.856160628587719","0.889165493675288","0.924038058402046","0.99229394119964","1.0388378395792","1.10059058805744","1.21859038977951","1.42730119313797","1.63879306326045","1.81815577234375","2.00528009082967","2.21095132160098","2.44355713004553","2.78472034230865","3.42649160168321","3.81733185133987","4.37289327488807","5.11930770105203","5.69013838715409","6.60877317756038","7.70958765494561","8.85430955531139","10.2197177935011","11.9654153706368","13.8135264779694","15.9759680086953","18.3266759804018","20.775900289094","22.8144704940301","25.2871756883173","27.3157351728326","29.5385347987388","31.9239895883521","34.1231802695868","37.2564359990556","40.1626149612901","45.1981867189742","48.0889558871907","50.994573117953","53.8487443629607","57.1144752454419","61.824000521583","66.6773896503651","72.4536798079928","76.8939546192366","81.1531541580179","84.9553469208063","89.9202320356868","94.7458428172568","100.000000176439","106.95217214959","112.806008890395","117.310685699107","122.722843148459","129.339315561787","137.627951799849","144.840986918491","151.680816367196","157.622034120931","162.019086130602",
"Zambia","ZMB","GDP deflator (base year varies by country)","NY.GDP.DEFL.ZS","0.00226524223792916","0.00218242879294337","0.00222807565064424","0.00223706816525007","0.00232841001154172","0.00257496662895903","0.00318373641816695","0.0031921056480566","0.0037009242700322","0.0045501461170632","0.00403168400654715","0.00372944785734488","0.00386782942921378","0.00463713479975667","0.00513897246894337","0.00441078528181589","0.0050814269666009","0.00550084888477461","0.00619843837082919","0.00755521869773839","0.00844393270030187","0.00904840158859236","0.0096038468854735","0.0113929807848654","0.0134814545013583","0.0190273676931628","0.034627593787937","0.0561011682951225","0.075450632039245","0.136473092269897","0.281665341285524","0.542641175213357","1.44089656753379","3.51086468145346","6.34561401674523","8.28807784017215","10.3061634259712","12.9241908424904","15.1092673504459","17.8174332515955","23.6283878607846","29.6137558602608","35.3561365355832","41.5815473621037","49.7801075416399","58.0685945460204","66.5130762902781","75.1399624505151","83.1350384107039","87.757085219872","100","111.107413268618","118.876296094847","130.444019154565","137.540858081461","146.700105596621","166.616260348068","183.399244810868","196.992009958915","212.029336888599","241.530824495239","302.258382569342","320.818009618509","343.578859100779","393.090851760017","415.216694704798",
"Zimbabwe","ZWE","GDP deflator (base year varies by country)","NY.GDP.DEFL.ZS","0.00332191897535027","0.0032541086491968","0.00326939052320727","0.00319263373556892","0.00338878952684455","0.00348042725163475","0.00335060848003737","0.00336992680476524","0.00350021514272841","0.00367803773164234","0.00323471853877185","0.00343408245540919","0.00389608912548011","0.00469286490760691","0.00529607427786938","0.00592809470784136","0.00582921951280945","0.00632528604102584","0.00648223066539684","0.00746628059626603","0.00841755454859055","0.00897303580426282","0.00931928389851285","0.00834061886372855","0.00695651420432399","0.00577274790225411","0.00623606190044514","0.00668439492225342","0.00720478286711946","0.0072619119586745","0.00719507106650231","0.0067075213366149","0.0057597692422422","0.00554142007199682","0.00532551732702357","0.00548736544229424","0.00598027684778814","0.00580816371644074","0.0042371026760367","0.00457634387374186","0.0046050002907086","0.00459899750603706","0.00472375387401651","0.00513957455071835","0.00553073061413219","0.00581498469776413","0.00569763361613771","0.00574864473644246","0.00582615891085142","0.0112588489530631","0.0117201958133396","0.0120193834089109","0.0125036356820779","0.0136753607712062","0.0136409030199474","0.0137237548069473","0.01402043375458","0.0417044334450299","0.0431866322054716","0.214712594276904","1.47287005743365","3.07495230663823","11.5144076907435","100.000002960386","1197.51981918689","2192.95190362169",
