"Data Source","World Development Indicators",

"Last Updated Date","2026-10-08",

"Country Name","Country Code","Indicator Name","Indicator Code","1960","1961","1962","1963","1964","1965","1966","1967","1968","1969","1970","1971","1972","1973","1974","1975","1976","1977","1978","1979","1980","1981","1982","1983","1984","1985","1986","1987","1988","1989","1990","1991","1992","1993","1994","1995","1996","1997","1998","1999","2000","2001","2002","2003","2004","2005","2006","2007","2008","2009","2010","2011","2012","2013","2014","2015","2016","2017","2018","2019","2020","2021","2022","2023","2024","2025",
"Aruba","ABW","PPP conversion factor, GDP (LCU per international $)","PA.NUS.PPP","","","","","","","","","","","","","","","","","","","","","","","","","","","","","","","0.92337117060551","0.943316000244893","0.957551495016585","0.984958026791874","1.02500603222283","1.03784812798319","1.0524095065884","1.07289179614439","1.13091703351694","1.13955892562249","1.12586291243083","1.16305010240635","1.19604132898964","1.20864669229519","1.21006876393466","1.23273705485488","1.23752658216472","1.26713820679477","1.29617578212114","1.31017240006063","1.27860494946511","1.30294060707092","1.31876661849032","1.28702435899103","1.3117209860102","1.36631378592424","1.36001458924542","1.35663664340973","1.37060558795929","1.42321181297302","1.4119086265564","1.36395359039307","1.32552993286486","1.31448380119852","1.3358003334369","",
"Africa Eastern and Southern","AFE","PPP conversion factor, GDP (LCU per international $)","PA.NUS.PPP","","","","","","","","","","","","","","","","","","","","","","","","","","","","","","","","","","","","","","","","","","","","","","","","","","","","","","","","","","","","","","","","","","",
"Afghanistan","AFG","PPP conversion factor, GDP (LCU per international $)","PA.NUS.PPP","","","","","","","","","","","","","","","","","","","","","","","","","","","","","","","","","","","","","","","","","10.1998697278633","8.80071752178842","9.19688826054197","10.0699941213286","10.9116040744675","11.7344348456455","12.20296543905","14.5576162885083","14.581836306571","14.1789193736488","14.5430529453148","16.6134779097919","16.9302950898685","16.8815458389923","16.1278038080551","15.8235824504332","15.9236559656703","15.4202070236206","14.8562349775318","15.026434394062","15.3352430921872","14.5879421234131","14.9003323018049","14.7887521912564","13.2320571626481","",
"Africa Western and Central","AFW","PPP conversion factor, GDP (LCU per international $)","PA.NUS.PPP","","","","","","","","","","","","","","","","","","","","","","","","","","","","","","","","","","","","","","","","","","","","","","","","","","","","","","","","","","","","","","","","","","",
"Angola","AGO","PPP conversion factor, GDP (LCU per international $)","PA.NUS.PPP","","","","","","","","","","","","","","","","","","","","","","","","","","","","","","","1.08190935685562E-08","2.15907128517547E-08","1.21700483539808E-07","1.20996724827688E-06","2.69628887592685E-05","0.000508507301080916","0.0244715448333415","0.0470195463427861","0.064797892138371","0.420102006470782","2.12800471715728","4.29448449000484","10.2538444955099","19.5683844416179","25.4172731420674","34.5360038402851","39.1361372197755","40.0754934623603","46.9563993663959","40.0083569688187","50.8609663933818","64.6057510375977","66.0171856203882","66.6955727425879","66.0018757612622","69.5859035283092","82.8633266447229","95.8372421264648","111.44181060791","124.439605712891","146.909133911133","174.090515136719","191.89616090516","220.826283791255","275.541334427151","322.965962233887",
"Albania","ALB","PPP conversion factor, GDP (LCU per international $)","PA.NUS.PPP","","","","","","","","","","","","","","","","","","","","","","","","","","","","","","","2.26017088628735","2.96266192021588","9.64540495670419","21.2609805208752","28.2776580842755","30.4220140815476","34.9342388924779","38.7226763445269","40.7158326537676","41.1016112678836","42.0106889589827","42.8159783920027","42.9261500020936","44.5964580472103","44.9032866642201","45.5274427807621","44.4219714613751","44.6263862703145","44.5610300505113","44.3164122111067","44.2085275396523","43.857946713934","43.6552769183606","44.1137346771784","42.8939794696902","42.7059027543345","42.3856045548293","42.2556762085143","42.302763484983","40.5505352382444","40.2104823755404","41.1655084684252","39.6079245069442","39.4547845186235","39.6672501245719","39.9805375942293",
"Andorra","AND","PPP conversion factor, GDP (LCU per international $)","PA.NUS.PPP","","","","","","","","","","","","","","","","","","","","","","","","","","","","","","","0.481169191566506","0.49770746155942","0.519273962092258","0.530265609789238","0.539323536542202","0.554306929891887","0.54868068970287","0.551397610196187","0.553446123565784","0.560632656157998","0.705779895452388","0.711500899352849","0.723309998335426","0.731844152625696","0.734362308945265","0.736218215373228","0.738884638440347","0.742495774237193","0.745028111268096","0.741439506689731","0.735279068201982","0.721833616078532","0.709874590856121","0.701125997341683","0.688545090495811","0.686720483361013","0.682621757506323","0.678233981132507","0.656328009600346","0.64122788740431","0.627878780205223","0.604573547840118","0.588341425578457","0.603066309036457","0.604826658572286","0.603848577368125",
"Arab World","ARB","PPP conversion factor, GDP (LCU per international $)","PA.NUS.PPP","","","","","","","","","","","","","","","","","","","","","","","","","","","","","","","","","","","","","","","","","","","","","","","","","","","","","","","","","","","","","","","","","","",
"United Arab Emirates","ARE","PPP conversion factor, GDP (LCU per international $)","PA.NUS.PPP","","","","","","","","","","","","","","","","","","","","","","","","","","","","","","","1.10849878124121","1.08093094219594","1.07594139509976","1.06446367617045","1.03947403088454","1.05791104144641","1.09886629873912","1.06995097497056","1.0130450876861","1.08325129463518","1.18064363755522","1.12751920033308","1.15213193051335","1.17583860865285","1.24238937851227","1.40369934773485","1.52459641218764","1.67043219533299","1.94259153380338","1.63754817063391","1.93268817638176","2.12660837173462","2.1879699726825","2.2341905856946","2.21351673547793","2.22924693053669","2.24174884422555","2.28525042533875","2.23515868186951","2.1137228012085","2.08898448944092","2.36256718635559","2.48355696366093","2.34654954239314","2.32695589646038","",
"Argentina","ARG","PPP conversion factor, GDP (LCU per international $)","PA.NUS.PPP","","","","","","","","","","","","","","","","","","","","","","","","","","","","","","","0.293939470102461","0.68380637598758","0.776023252822108","0.731059830380026","0.736171486514112","0.743875471100246","0.730119100920647","0.714412313958537","0.694425180504472","0.672159933973219","0.664089244736491","0.642348668911009","0.825786930690557","0.894793043865781","1.03137254895737","1.10319436906769","1.21724697689933","1.36219731629439","1.6461183813018","1.88761027799013","2.25500157959557","2.73312783241272","3.22003163590423","3.94556760852856","5.46151378584004","6.88258971224653","9.32211732577767","10.2927856445313","13.5268135070801","20.3836688995361","26.8871841430664","38.783332824707","61.1893443740869","139.692187078265","419.292111285901","567.297421343424",
"Armenia","ARM","PPP conversion factor, GDP (LCU per international $)","PA.NUS.PPP","","","","","","","","","","","","","","","","","","","","","","","","","","","","","","","0.00513118142365371","0.00890352600975239","0.0582206672911305","0.848065211518543","34.9346951912518","89.3631516477874","104.949595069172","121.468783512433","132.969717654654","131.184866211324","126.516955225727","128.714762238293","129.733038303032","133.071580686189","137.723110032332","137.820994842507","139.872156672108","142.008340441028","147.668868143073","150.428718171959","160.168589752756","163.650009155273","157.763327428082","159.440560466033","164.557666539169","172.04720077425","160.208207872256","154.786590576172","157.376907348633","147.486145019531","141.940551757813","148.241226196289","149.449957812148","148.585343699986","147.017595146307","148.11782018569",
"American Samoa","ASM","PPP conversion factor, GDP (LCU per international $)","PA.NUS.PPP","","","","","","","","","","","","","","","","","","","","","","","","","","","","","","","","","","","","","","","","","","","","","","","","","","","","","","","","","","","","","","","","","","",
"Antigua and Barbuda","ATG","PPP conversion factor, GDP (LCU per international $)","PA.NUS.PPP","","","","","","","","","","","","","","","","","","","","","","","","","","","","","","","1.5770210389687","1.57282884764278","1.58285720033891","1.5820142932671","1.60452126381349","1.61947374039478","1.64459919176866","1.65762633971478","1.68314595854311","1.69303721551361","1.68095710370836","1.6778679426894","1.67324934598928","1.63298862458897","1.6275748640603","1.65192555191116","1.62041763090079","1.64660800410983","1.69202968924773","1.70031782840211","1.70690523270922","1.69137668609619","1.83504087686813","1.86755989889067","1.93511005167144","2.06855869734309","2.09674444871081","2.13833737373352","2.01181793212891","1.92162227630615","1.85506355762482","1.81939482688904","1.81471365982682","1.86354196795733","1.86682399409076","1.87014584555665",
"Australia","AUS","PPP conversion factor, GDP (LCU per international $)","PA.NUS.PPP","","","","","","","","","","","","","","","","","","","","","","","","","","","","","","","1.365893","1.348856","1.328189","1.312441","1.300904","1.310302","1.313356","1.307709","1.300774","1.29695","1.312261","1.328086","1.33649","1.352188","1.364774","1.388356","1.4033","1.427068","1.479073","1.442855","1.503481","1.511052","1.540115","1.447123","1.452489","1.473691","1.450156","1.477553","1.470403","1.459253","1.431163","1.395724","1.358727","1.337468","1.366527","1.398943",
"Austria","AUT","PPP conversion factor, GDP (LCU per international $)","PA.NUS.PPP","","","","","","","","","","","","","","","","","","","","","","","","","","","","","","","0.920033","0.922348","0.933171","0.936697","0.940271","0.937667","0.933795","0.931458","0.922709","0.923906","0.907311","0.922994","0.899797","0.888232","0.878171","0.881939","0.860213","0.868013","0.854424","0.843317","0.84243","0.831374","0.813648","0.797081","0.798797","0.798813","0.776931","0.775009","0.765403","0.738332","0.728799","0.72035","0.687544","0.704634","0.710451","0.725357",
"Azerbaijan","AZE","PPP conversion factor, GDP (LCU per international $)","PA.NUS.PPP","","","","","","","","","","","","","","","","","","","","","","","","","","","","","","","7.64855981676501E-06","1.35796559283685E-05","0.000154721815067459","0.0012803382577256","0.0186289249174437","0.117808754501595","0.146255251995777","0.157064406206694","0.153819797400772","0.154952864273231","0.170449755486673","0.170888700612531","0.175365440911871","0.183941854853066","0.195697610888887","0.217685705441929","0.235097699744124","0.276008850601939","0.346534668805281","0.27931950198026","0.314125345846898","0.383509784936905","0.368202768426652","0.357812484388613","0.352385193609108","0.373831913649521","0.426016726419135","0.498603373765945","0.52723491191864","0.48993256688118","0.474218666553497","0.457138150930405","0.585848354897923","0.51227663604586","0.493148640345599","0.482459128195909",
"Burundi","BDI","PPP conversion factor, GDP (LCU per international $)","PA.NUS.PPP","","","","","","","","","","","","","","","","","","","","","","","","","","","","","","","71.2033651018155","71.693287376194","73.8823168021491","77.7596075204785","81.1881094226722","92.325811986081","103.769980428741","135.060118513296","148.852352614129","168.724327417382","186.730420922765","207.667105763133","206.591213504223","226.792483241163","249.887296138805","287.941751850674","287.276475847376","302.861064660003","368.924537626242","403.756384094377","434.640789836094","461.509124755859","523.127232295531","531.306915880677","534.965252683798","553.845954285664","564.395746237552","626.167602539063","605.947692871094","582.1962890625","595.613830566406","609.599182128906","654.256163386694","751.11355685453","869.203862502627","999.612019047394",
"Belgium","BEL","PPP conversion factor, GDP (LCU per international $)","PA.NUS.PPP","","","","","","","","","","","","","","","","","","","","","","","","","","","","","","","0.913185","0.908722","0.918901","0.933469","0.933095","0.92509","0.92759","0.927434","0.935543","0.931348","0.899807","0.892461","0.8733","0.876176","0.88842","0.891788","0.874461","0.878806","0.86694","0.849692","0.83681","0.831911","0.822137","0.806166","0.800214","0.799998","0.781011","0.775634","0.766407","0.735832","0.716165","0.719916","0.698153","0.703466","0.704288","0.719942",
"Benin","BEN","PPP conversion factor, GDP (LCU per international $)","PA.NUS.PPP","","","","","","","","","","","","","","","","","","","","","","","","","","","","","","","117.748777314433","114.758763437324","115.596103500054","115.605133663625","151.110932375495","170.356019889363","178.848711639469","182.264940496987","189.668700468224","202.999943232175","207.120597973585","206.55058650592","210.618829481643","212.864735099917","208.886049527783","211.231836669985","209.204185560599","204.480497251521","213.523113143638","217.603804390209","216.884872161349","220.433578491211","233.186138874214","229.86160117805","222.692274402436","217.456302674407","210.711777650076","212.266235351563","215.738403320313","210.404876708984","212.435317993164","211.106674194336","205.246224070769","204.623566036542","202.803961673608","200.336598367492",
"Burkina Faso","BFA","PPP conversion factor, GDP (LCU per international $)","PA.NUS.PPP","","","","","","","","","","","","","","","","","","","","","","","","","","","","","","","162.603597665122","151.043826208715","148.013767555148","142.501888515818","159.947489392279","167.268153012398","164.833708567311","164.561080299021","175.653639283094","203.324021027319","197.190476074622","200.487914950285","203.455120924471","202.478318509774","197.354818298223","198.510469976343","191.295449974974","190.89145755724","204.437810987415","208.072223136725","213.343820815646","223.115814208984","237.592242168192","228.405864984516","227.32319645766","220.230356318142","209.026483556174","201.595275878906","208.284194946289","200.763061523438","199.51708984375","199.724746704102","195.11927255451","191.794636626162","205.350368080944","217.410761840348",
"Bangladesh","BGD","PPP conversion factor, GDP (LCU per international $)","PA.NUS.PPP","","","","","","","","","","","","","","","","","","","","","","","","","","","","","","","13.5555757060187","13.4700478780762","13.5099932523762","13.2177012906951","13.4546602232257","14.1199363693613","14.4532407763761","14.748172919273","15.2750071841283","15.6313618619175","15.811950125643","15.9680521185096","16.3358096116381","16.9512003059736","17.2603901697117","17.5032087652756","17.9772956303853","18.6357622220049","19.7207515388584","20.9256676356837","22.1515314635635","23.4095554351807","23.7354995191658","24.8574730785962","25.6504046099574","27.0466120505002","28.1895707253508","29.3513450622559","29.397891998291","29.595682144165","28.7098007202148","28.296688079834","27.7515632976784","28.6070991451479","29.8354579509729","30.9160155190794",
"Bulgaria","BGR","PPP conversion factor, GDP (LCU per international $)","PA.NUS.PPP","","","","","","","","","","","","","","","","","","","","","","","","","","","","","","","0.000352679836735092","0.00111394858870903","0.00173800851281902","0.00256517093262005","0.00433756701545152","0.010021111235076","0.0195238496691796","0.203578195027624","0.265213695133433","0.268512865552057","0.273974845570072","0.284204694473247","0.285447673780027","0.286257136266094","0.296706186628395","0.304986062685126","0.316163294142947","0.335565038605688","0.346490853973143","0.354252578589996","0.346210028538156","0.358454780608304","0.35423246168002","0.347682118678299","0.33808210223662","0.347014355931359","0.340858541489305","0.345777340570119","0.34772840119275","0.345535293716834","0.345226635301275","0.35413555036835","0.366580087781656","0.377621911406109","0.387533240879461","0.405704596599949",
"Bahrain","BHR","PPP conversion factor, GDP (LCU per international $)","PA.NUS.PPP","","","","","","","","","","","","","","","","","","","","","","","","","","","","","","","0.130577155874319","0.123927999051973","0.116886382872844","0.11072507344787","0.116358060535783","0.115211515660114","0.113362754404065","0.112479326886398","0.103379352609701","0.104644734460424","0.116982617172684","0.11055809699203","0.112583396914352","0.119901247229771","0.129594776265618","0.142913587188249","0.150897208038238","0.15931021545746","0.17406229252103","0.150516384868706","0.166564576204837","0.178678497672081","0.175286383568788","0.180218320384915","0.183168477622234","0.18578421233034","0.188678214863324","0.185696244239807","0.190370857715607","0.181090995669365","0.171287223696709","0.185745358467102","0.185784178119927","0.171479388100597","0.166200043745861","0.162039933977081",
"Bahamas, The","BHS","PPP conversion factor, GDP (LCU per international $)","PA.NUS.PPP","","","","","","","","","","","","","","","","","","","","","","","","","","","","","","","0.981485752947395","0.973650794912412","0.989136386194719","0.958001360765348","0.958453165440505","0.946303104139193","0.938436470001862","0.940311294133002","0.958214225900851","0.991622397074128","0.978604860482659","0.960434796885448","0.983193791481616","0.975293134846324","0.961102963670181","0.979000300684923","0.957578179719108","0.959803694096182","0.955678288193654","0.939976234386124","0.92504427155775","0.89856344461441","0.919978032159248","0.912468042625818","0.918396825378532","0.955871813530898","0.94831266986888","0.929797828197479","0.926608264446259","0.931452453136444","0.962290525436401","0.977568686008453","0.950295483058565","0.977236382694572","0.956315655509349","",
"Bosnia and Herzegovina","BIH","PPP conversion factor, GDP (LCU per international $)","PA.NUS.PPP","","","","","","","","","","","","","","","","","","","","","","","","","","","","","","","0.000236571925433183","0.000339754189707506","0.00485662855081156","0.362683424299216","0.529520923706725","0.588054114495254","0.586950368842084","0.641331758046048","0.618731507446435","0.661549564497553","0.685016018468078","0.704367387352116","0.715733165300977","0.716806133690987","0.714452114374716","0.723433595234307","0.718618945598991","0.730942909558124","0.752853811445115","0.734836260779835","0.732453120710421","0.718162988200595","0.705942329321625","0.686156146583249","0.687206492917369","0.694093424639459","0.675563228101234","0.680666262909282","0.674436029099518","0.651074505490861","0.642981102710874","0.65969527895829","0.657431308926182","0.670472360097951","0.675493641070968","0.697646964731518",
"Belarus","BLR","PPP conversion factor, GDP (LCU per international $)","PA.NUS.PPP","","","","","","","","","","","","","","","","","","","","","","","","","","","","","","","8.14013304763143E-09","1.65647549709695E-08","1.83136982425429E-07","2.07290029828935E-06","4.15197988428672E-05","0.000309681895828648","0.000467467219218807","0.000788802997022105","0.0013773918203793","0.00566077318620184","0.0157919445435883","0.027727659208261","0.0395608683108802","0.0506992845551671","0.0605667172668363","0.0698668876297485","0.0750618267138262","0.0824894594788474","0.0980983208969226","0.106523893943319","0.11717996114729","0.196053221821785","0.320005868272162","0.373530841732445","0.447961900499018","0.524063800819057","0.562285911430173","0.607136130332947","0.647122502326965","0.641350507736206","0.641749382019043","0.688632726669312","0.73860169311713","0.769559852957259","0.842282411048369","0.90876978092131",
"Belize","BLZ","PPP conversion factor, GDP (LCU per international $)","PA.NUS.PPP","","","","","","","","","","","","","","","","","","","","","","","","","","","","","","","1.33709267283852","1.26273377796822","1.27693015302548","1.27069145363037","1.27676940457103","1.3166661517313","1.32845944560046","1.28614910174783","1.30291622331322","1.26340375207348","1.25309467676478","1.20198791389608","1.19182263827779","1.12089002479695","1.11492965455574","1.11352954072794","1.11502724564441","1.12697393120217","1.14521665525077","1.11013101983537","1.12053858408646","1.15122830867767","1.23238351604957","1.25077793313604","1.29150204825605","1.29049548931782","1.30670152863667","1.3314516544342","1.26605069637299","1.17554986476898","1.08695876598358","1.04862034320831","1.05032723104358","1.08065577806943","1.06926356021066","1.05113051635175",
"Bermuda","BMU","PPP conversion factor, GDP (LCU per international $)","PA.NUS.PPP","","","","","","","","","","","","","","","","","","","","","","","","","","","","","","","0.873403381157046","0.89916047119197","0.90386403286114","0.92881561391096","0.927218433804717","0.946124631588282","1.20194645888581","1.22911615131731","1.24877840761967","1.26474971673651","1.18434273976868","1.14240338743676","1.22144545379194","1.23163181812905","1.25565604819627","1.29981316448538","1.32873082855037","1.37873985662965","1.421784825458","1.42781583982663","1.44221788989475","1.39679682254791","1.44923890256807","1.42204865225408","1.40246737743196","1.38070297151496","1.35237412323767","1.31113624572754","1.3166686296463","1.2727233171463","1.25638365745544","1.22146320343018","1.14355182819509","1.17047800140108","1.19812062185577","",
"Bolivia","BOL","PPP conversion factor, GDP (LCU per international $)","PA.NUS.PPP","","","","","","","","","","","","","","","","","","","","","","","","","","","","","","","0.94828483131822","1.07952365678955","1.19478478533275","1.24365016460759","1.31448103121669","1.43461115483113","1.57196314987869","1.63347588766446","1.72922023156987","1.74621091967537","1.79624519319061","1.78954172947672","1.81186408863611","1.88925510498195","1.98637022806314","2.04040062881635","2.24981384646937","2.35197938211124","2.54706802991956","2.47019598239973","2.65475475436301","2.98091197013855","3.03348120528034","3.00953763550479","2.98222152129765","2.89461967008556","2.77929957475478","2.68458724021912","2.70201420783997","2.63906097412109","2.58266496658325","2.473956823349","2.36952460555989","2.28929736096853","2.3689096918025","2.76324583616839",
"Brazil","BRA","PPP conversion factor, GDP (LCU per international $)","PA.NUS.PPP","","","","","","","","","","","","","","","","","","","","","","","","","","","","","","","1.15782219426631E-05","5.78652431027722E-05","0.000604804339698918","0.0123840650910885","0.283749422448561","0.539108158186117","0.627126072194513","0.664143975887206","0.689104221302282","0.733919243603518","0.757895423908826","0.802170641858437","0.867290572565424","0.970343048303451","1.01818475110591","1.06059390836953","1.09856354064257","1.13845673012808","1.21498747297703","1.29585280193131","1.38813702346287","1.4732164144516","1.60913586532018","1.70855542893458","1.82485052496386","2.00586931129873","2.15597159643949","2.2096791267395","2.19759154319763","2.21644520759583","2.26491117477417","2.37927412986755","2.41165555900142","2.44559278607045","2.48371015372826","2.55440835439356",
"Barbados","BRB","PPP conversion factor, GDP (LCU per international $)","PA.NUS.PPP","","","","","","","","","","","","","","","","","","","","","","","","","","","","","","","1.63577879862184","1.65339692601282","1.65086764756395","1.69642546226098","1.69766527986265","1.67969805116567","1.69137078597246","1.67794365382588","1.80370814484099","1.85739025738052","1.79222263356272","1.79228747250973","1.78088402236651","1.76589213887868","1.8198729152862","1.88220146640531","1.90068924201435","2.00992743808385","2.00756557021579","1.9587518401057","2.00923712144201","2.01888704299927","2.12232563534746","2.1447779998279","2.17185445575247","2.12912761290443","2.11681498966242","2.20044374465942","2.16222667694092","2.1943838596344","2.31882476806641","2.38420343399048","2.22239316630984","2.20778988896636","2.19214431755276","2.19085217304192",
"Brunei Darussalam","BRN","PPP conversion factor, GDP (LCU per international $)","PA.NUS.PPP","","","","","","","","","","","","","","","","","","","","","","","","","","","","","","","0.610851171103445","0.569400423541882","0.545601880919939","0.521550960094792","0.498357639495867","0.532084027289739","0.517473594348674","0.512241123165646","0.435687224254646","0.474312064940664","0.474829327040094","0.44127956515254","0.43393875674222","0.45238858924303","0.513416282781626","0.599876338253036","0.639799772145151","0.652181179843816","0.742362440971147","0.577416893910284","0.598894488397046","0.70520681142807","0.672622863568453","0.661425097248016","0.639973852632925","0.671476413971766","0.649816136215978","0.627636611461639","0.641614973545074","0.598504781723022","0.530513346195221","0.532498598098755","0.617629885034512","0.519074549641412","0.492102974111551","0.456019597784343",
"Bhutan","BTN","PPP conversion factor, GDP (LCU per international $)","PA.NUS.PPP","","","","","","","","","","","","","","","","","","","","","","","","","","","","","","","5.66474521043314","5.96937325165765","6.35716712801327","6.73865344723762","7.41202638420718","7.86124126668544","8.34619571093917","9.26368137984263","10.1405829583026","10.6160555961131","11.143924859537","11.4802141494863","11.8884435724604","12.0808040967664","12.2757167525758","12.6737069645616","13.1029454490347","13.3554024696545","13.8375216109326","14.3611306416385","15.3701847843215","16.3968048095703","17.1400516003125","18.1194232386187","18.6523909843043","18.5540349498169","18.7895935012333","19.1576099395752","19.4274578094482","19.5122108459473","18.9579467773438","19.6103916168213","19.369153778128","19.5005312048098","19.9161085202988","19.9848946493305",
"Botswana","BWA","PPP conversion factor, GDP (LCU per international $)","PA.NUS.PPP","","","","","","","","","","","","","","","","","","","","","","","","","","","","","","","0.865828972401491","0.88086973280117","0.91842361181906","1.01436906407738","1.0871540746226","1.14101952911537","1.30104377743559","1.34281758810683","1.46024862154991","1.64484193010645","1.83633535593967","1.94518711812353","1.93816472378534","1.96258357131938","2.10381479868903","2.35545658040182","2.4557515678525","2.53513044704966","2.72032855141446","3.1121460730955","3.31109057548552","3.65465807914734","3.95658512784439","4.11087054651643","4.26111911097054","4.39801690629992","4.53364620382533","4.68247842788696","4.78663778305054","4.83345651626587","4.73711633682251","4.81988048553467","5.15760054333812","5.06067038467414","5.03362466866926","5.07409138676734",
"Central African Republic","CAF","PPP conversion factor, GDP (LCU per international $)","PA.NUS.PPP","","","","","","","","","","","","","","","","","","","","","","","","","","","","","","","220.156772507555","212.124903062226","213.169761952369","201.085227623362","244.945232207643","263.661687914854","249.747740620028","247.535495265465","243.77066222061","250.187600188594","265.456943410817","260.717086821796","250.638280460309","249.070423143313","231.779476355897","234.145876340015","234.714204555633","232.723708541198","244.483247540606","244.713712747197","251.957359885892","256.761352539063","261.701440157196","253.518099981081","289.523862798561","281.678445462478","277.77130437401","284.033508300781","279.155090332031","267.258697509766","249.863265991211","241.880676269531","239.410836307084","239.121299090532","247.420911394064","246.31590787299",
"Canada","CAN","PPP conversion factor, GDP (LCU per international $)","PA.NUS.PPP","","","","","","","","","","","","","","","","","","","","","","","","","","","","","","","1.241789","1.237884","1.228105","1.215133","1.207048","1.209018","1.207172","1.200327","1.184866","1.19081","1.228197","1.220053","1.229333","1.225777","1.232603","1.213644","1.205262","1.212177","1.23439","1.202269","1.221672","1.239904","1.244607","1.224","1.230358","1.248042","1.207045","1.212304","1.206524","1.21786","1.201689","1.163492","1.145083","1.139727","1.150472","1.166683",
"Central Europe and the Baltics","CEB","PPP conversion factor, GDP (LCU per international $)","PA.NUS.PPP","","","","","","","","","","","","","","","","","","","","","","","","","","","","","","","","","","","","","","","","","","","","","","","","","","","","","","","","","","","","","","","","","","",
"Switzerland","CHE","PPP conversion factor, GDP (LCU per international $)","PA.NUS.PPP","","","","","","","","","","","","","","","","","","","","","","","","","","","","","","","1.932927","1.970833","1.96786","1.966931","1.948616","1.922675","1.887199","1.844032","1.827602","1.802836","1.78866","1.768621","1.70976","1.715154","1.691758","1.686548","1.598858","1.531784","1.493049","1.470105","1.466316","1.397498","1.354072","1.312477","1.281761","1.235456","1.201964","1.187726","1.178866","1.133809","1.104751","1.056712","0.986913","0.999013","0.972889","0.930746",
"Channel Islands","CHI","PPP conversion factor, GDP (LCU per international $)","PA.NUS.PPP","","","","","","","","","","","","","","","","","","","","","","","","","","","","","","","","","","","","","","","","","","","","","","","","","","","","","","","","","","","","","","","","","","",
"Chile","CHL","PPP conversion factor, GDP (LCU per international $)","PA.NUS.PPP","","","","","","","","","","","","","","","","","","","","","","","","","","","","","","","170.542989","199.967239","218.526017","236.178634","260.379019","278.809422","278.469518","282.866287","281.901592","284.049363","290.423477","296.176351","301.387054","308.261553","321.276779","333.69","318.574722","323.878962","340.400833","354.325885","359.83702","348.016847","347.228507","349.680536","367.213907","391.178861","397.250703","397.689401","396.229413","397.674408","409.841785","423.013786","434.952253","432.562121","435.778953","453.188563",
"China","CHN","PPP conversion factor, GDP (LCU per international $)","PA.NUS.PPP","","","","","","","","","","","","","","","","","","","","","","","","","","","","","","","1.68138031325695","1.73555725318461","1.83606687362384","2.06595316265907","2.44005654538894","2.71619403070758","2.84097018645773","2.83883076081784","2.78400826799875","2.71157273349344","2.7075074692589","2.70617279812984","2.68206917193165","2.69975552975113","2.81260365367291","2.8294478920532","2.85511340501385","2.99976477213936","3.17432717767417","3.15218463239564","3.33024995137699","3.5244677066803","3.54027676875805","3.62119296067598","3.69370698094559","3.78151493601969","3.87428963630967","4.04005241394043","4.0940899848938","4.05960941314697","4.01465654373169","3.98740887641907","3.79465455813661","3.64070923693376","3.52537888953537","3.39768588417447",
"Cote d'Ivoire","CIV","PPP conversion factor, GDP (LCU per international $)","PA.NUS.PPP","","","","","","","","","","","","","","","","","","","","","","","","","","","","","","","133.16279093829","129.661407603539","126.742229222607","131.426946699943","188.368696030215","204.876124852821","211.218364480379","215.780220539088","224.877757039606","220.019413113521","218.590461369312","228.476099963493","235.288813107143","238.297129111551","226.247701127679","222.224137544355","218.506961758529","219.313877489216","226.729055544724","228.06080705609","228.738872839426","236.910583496094","240.008982097851","243.763112885742","241.335175375635","243.635291074975","243.626233914782","243.185577392578","239.319000244141","227.483108520508","226.308700561523","225.288803100586","216.639012486547","217.061473748726","215.360126120377","216.221332210196",
"Cameroon","CMR","PPP conversion factor, GDP (LCU per international $)","PA.NUS.PPP","","","","","","","","","","","","","","","","","","","","","","","","","","","","","","","164.477217341973","164.774572891231","159.044894403427","217.196861749045","233.111069052393","239.723563322862","236.380205169378","246.696088715043","246.554605578655","240.39198734521","238.667458231356","239.175523228313","242.049987161334","241.999190721877","235.990752095368","231.921682643054","230.157447626094","225.185978494021","231.844405997534","238.726535134827","237.483317194075","238.707077026367","241.808186611456","240.315622778342","237.978546205408","239.178321644092","235.558761961864","230.585388183594","223.165771484375","214.872512817383","205.106994628906","193.458953857422","192.950622210837","192.713580718878","198.248434490013","198.309241557697",
"Congo, Dem. Rep.","COD","PPP conversion factor, GDP (LCU per international $)","PA.NUS.PPP","","","","","","","","","","","","","","","","","","","","","","","","","","","","","","","6.84282020800285E-10","1.61400467509849E-08","6.24164697994877E-07","1.07165610065929E-05","0.00281890683528381","0.0156386029608339","0.113366937630353","0.326136171155569","0.409381280847714","2.18749220111905","58.39838322539","98.8385360899694","128.197406385785","142.580678547145","147.685207524311","195.996394927524","219.486079160217","257.720193237953","315.015752984152","369.194114001546","487.825744923104","532.063415527344","582.024507188232","556.551543305972","526.671156137783","504.318397710934","488.937875394933","637.266418457031","801.573486328125","786.309387207031","827.004272460938","845.45068359375","868.155795457513","931.662587387676","1072.67152838377","1124.85430376458",
"Congo, Rep.","COG","PPP conversion factor, GDP (LCU per international $)","PA.NUS.PPP","","","","","","","","","","","","","","","","","","","","","","","","","","","","","","","101.71225316357","96.9283319348805","93.2815163392372","90.0912079864706","120.626654172276","122.161700024508","141.549502169431","146.058057047115","118.115764470213","150.65710513641","216.619478576365","182.34883490765","176.436113000544","165.664135131711","188.440374365154","221.682994462119","239.524639367214","248.924862667342","283.952023772","222.480697966431","284.472213289165","309.251190185547","314.549869469477","313.026339563483","310.148249007748","305.860507611743","308.857562222479","288.932281494141","267.577697753906","254.912139892578","240.513336181641","222.775375366211","245.962099614342","219.236211132934","214.901854344569","201.890946598546",
"Colombia","COL","PPP conversion factor, GDP (LCU per international $)","PA.NUS.PPP","","","","","","","","","","","","","","","","","","","","","","","","","","","","","","","174.354299548646","214.196312569631","256.888475194215","313.277922448146","374.504581289573","435.961524759226","500.341098642684","574.687614965737","652.255996420018","724.339766494795","787.293628319141","820.145815684687","855.794677408643","896.536569602033","936.644438007486","951.336268585121","976.473795213379","1000.17301984435","1056.60247011251","1092.80496647837","1120.7641710374","1168.24304199219","1205.59526002976","1210.71288646609","1226.73296705297","1285.02792440792","1298.142605","1328.016627","1322.160543","1312.630441","1270.743624","1340.326407","1363.444291","1425.433859","1443.718515","1532.719303",
"Comoros","COM","PPP conversion factor, GDP (LCU per international $)","PA.NUS.PPP","","","","","","","","","","","","","","","","","","","","","","","","","","","","","","","159.014581936623","169.437985226623","157.779700027077","157.544028148929","173.86055404645","180.830622196646","182.792606431123","181.521059274801","181.947990886251","186.325482648563","193.798550076665","203.558086061816","208.105077256846","214.141390847911","209.443144836392","202.248733627001","207.872233348779","212.579451892592","215.118850160418","215.908329490171","216.889467422878","218.977584838867","213.038716896775","209.675469170528","203.678765355994","199.850769960143","193.337098291326","185.247711181641","194.22834777832","201.542678833008","201.675567626953","191.480773925781","193.032390816478","201.286540985159","208.61077096406","211.662236779844",
"Cabo Verde","CPV","PPP conversion factor, GDP (LCU per international $)","PA.NUS.PPP","","","","","","","","","","","","","","","","","","","","","","","","","","","","","","","56.1968403166056","56.963625928052","53.4021346723021","77.9115144879999","54.0291772692208","52.101004543359","54.1148999431365","52.7531816463015","51.9916199799917","55.1685733455198","53.298718344467","54.8122440466518","53.7774622265964","55.331487091711","50.4704013627644","48.0576896040634","48.7830661941872","48.1447714118377","48.9883991430321","49.6397376078105","49.3646654943724","49.6954612731934","51.0533171999662","51.6779810862798","51.5741783033941","50.1083685967126","48.9434198790022","47.9817543029785","50.6804847717285","49.9072380065918","49.9931755065918","48.1704940795898","47.8245198587809","47.6210423510559","47.1140706960402","46.629436004152",
"Costa Rica","CRI","PPP conversion factor, GDP (LCU per international $)","PA.NUS.PPP","","","","","","","","","","","","","","","","","","","","","","","","","","","","","","","33.2962896518244","53.0691592310866","62.1233942748277","67.0177859783668","75.8991946012488","90.1276362354277","101.849808756124","114.821216520882","127.179609964612","139.326102280198","149.128231471695","160.021703551585","172.994520162571","187.709409414457","207.197548825548","227.04203967787","248.84782406017","267.764192250442","292.71326471615","319.141940844374","336.211433377635","344.546020507813","352.113803045082","354.455999978722","358.296647355548","357.331417946744","343.013617","340.991882","337.901936","324.21736","328.024138","334.118676","336.220387","318.841763","307.792355","297.351768",
"Caribbean small states","CSS","PPP conversion factor, GDP (LCU per international $)","PA.NUS.PPP","","","","","","","","","","","","","","","","","","","","","","","","","","","","","","","","","","","","","","","","","","","","","","","","","","","","","","","","","","","","","","","","","","",
"Cuba","CUB","PPP conversion factor, GDP (LCU per international $)","PA.NUS.PPP","","","","","","","","","","","","","","","","","","","","","","","","","","","","","","","","","","","","","","","","","","","","","","","","","","","","0.321938711455632","","","","","","","","","","","","","","",
"Curacao","CUW","PPP conversion factor, GDP (LCU per international $)","PA.NUS.PPP","","","","","","","","","","","","","","","","","","","","","","","","","","","","","","","","","","","","","","","","","1.29531765855456","1.28946898296077","1.27494327144052","1.27051341737432","1.25431682516795","1.26604748100156","1.26661445735037","1.27019985286406","1.33217650497932","1.3478424223278","1.36867906633526","1.32462167739868","1.41239514780732","1.42218204432352","1.44264700268815","1.44180680115009","1.43384853460778","1.3937920331955","1.38988649845123","1.35468888282776","1.34318399429321","1.27898454666138","1.25373988912354","1.23806318994228","1.24831756717631","",
"Cayman Islands","CYM","PPP conversion factor, GDP (LCU per international $)","PA.NUS.PPP","","","","","","","","","","","","","","","","","","","","","","","","","","","","","","","","","","","","","","","","","","","","","","","0.965154729116643","0.968571370077069","0.979223982576638","0.979161648367449","0.965408125219036","0.941537916660309","0.966905039582432","0.983444532595933","0.99439360585177","0.994372223398472","0.987132743486325","0.980794370174408","0.973204851150513","1.01165902614594","1.03776144981384","0.971421658992767","0.942267065860845","0.943347350241178","0.94261799236714","",
"Cyprus","CYP","PPP conversion factor, GDP (LCU per international $)","PA.NUS.PPP","","","","","","","","","","","","","","","","","","","","","","","","","","","","","","","0.564130062655229","0.566892246722828","0.587746491803503","0.601714155671265","0.620188151460113","0.690052172114698","0.696649843250175","0.70204391672134","0.711199164196462","0.72075051429198","0.716853586240031","0.711704676989568","0.710504987722444","0.736584168240343","0.733714101438258","0.722891336628442","0.70998907368103","0.694102519024728","0.693813620623383","0.681747519747932","0.700335215840558","0.698624580297421","0.706853594264073","0.687316812097362","0.679712129164818","0.663141303524495","0.622324985448911","0.615186013732083","0.612439734649843","0.588099667675781","0.578548839742278","0.584657651965893","0.564764471384137","0.565698600025777","0.567094524089419","0.572620273384741",
"Czechia","CZE","PPP conversion factor, GDP (LCU per international $)","PA.NUS.PPP","","","","","","","","","","","","","","","","","","","","","","","","","","","","","","","5.546441","7.30673","8.026724","9.488143","10.436331","11.152963","12.071769","12.902515","13.986306","14.22935","14.327536","14.32359","14.458321","14.177038","14.427652","14.562493","14.41772","14.256061","13.916713","13.631732","13.675892","13.345305","13.297699","12.785271","12.70321","12.93798","12.576343","12.424986","12.371528","12.097428","12.150267","12.56189","12.476407","12.576104","12.823227","12.993503",
"Germany","DEU","PPP conversion factor, GDP (LCU per international $)","PA.NUS.PPP","","","","","","","","","","","","","","","","","","","","","","","","","","","","","","","0.949917","0.947191","0.97527","0.988747","0.986893","0.98437","0.974116","0.972834","0.96865","0.954119","0.94289","0.929791","0.913257","0.896001","0.875155","0.872721","0.847761","0.837143","0.820401","0.810708","0.805269","0.788739","0.787246","0.774784","0.768937","0.778122","0.752608","0.744783","0.735448","0.717745","0.706836","0.706697","0.688423","0.701054","0.700862","0.709983",
"Djibouti","DJI","PPP conversion factor, GDP (LCU per international $)","PA.NUS.PPP","","","","","","","","","","","","","","","","","","","","","","","","","","","","","","","","","","","","","","","","","","","","","","","","","","","","93.5718231201172","97.2389704439934","98.0625647854076","98.9317078461664","99.0363704788697","100.676858452801","99.5235977172852","95.0324554443359","93.4095001220703","91.4775085449219","90.2278900146484","84.1120953065497","83.0952297717628","80.7241255864859","82.1238304290602",
"Dominica","DMA","PPP conversion factor, GDP (LCU per international $)","PA.NUS.PPP","","","","","","","","","","","","","","","","","","","","","","","","","","","","","","","1.85680569081551","1.93347818126269","1.97332835111698","1.97929204277493","2.08596126558105","2.05914000556624","2.08814104640225","2.08240199936937","2.11156612218434","2.13491259345668","2.05040712873114","2.04705144369214","2.06747409978753","1.9066017209054","1.89534734917837","1.7969333307548","1.77726294517783","1.75279454911504","1.73284234625834","1.87125633378672","1.8659644063363","1.87042951583862","1.86128993196714","1.87129929470071","1.81703136092294","1.84929405183459","1.83599159643013","1.7490713596344","1.65106189250946","1.59957265853882","1.48380184173584","1.43059825897217","1.33910035210054","1.31829730267515","1.31702390769821","1.30631128267932",
"Denmark","DNK","PPP conversion factor, GDP (LCU per international $)","PA.NUS.PPP","","","","","","","","","","","","","","","","","","","","","","","","","","","","","","","9.129245","9.05875","9.003617","8.845925","8.796778","8.726335","8.707294","8.699084","8.661173","8.752578","8.668343","8.692759","8.561606","8.64848","8.46072","8.569438","8.28893","8.160889","7.944128","7.727334","7.592996","7.466492","7.564136","7.354846","7.328674","7.305357","7.079856","6.871679","6.765997","6.538391","6.365057","6.288268","6.105718","6.054859","6.050211","6.124666",
"Dominican Republic","DOM","PPP conversion factor, GDP (LCU per international $)","PA.NUS.PPP","","","","","","","","","","","","","","","","","","","","","","","","","","","","","","","2.97056482161485","4.5470957899521","4.69263946571099","4.81234124698947","5.18964444247863","5.57293805480871","5.6744708570373","6.10469705453896","6.4300495987086","6.58240291209944","6.901198091426","7.15624134296996","7.53503679419181","9.86204068260978","13.9393651415419","14.2964961460628","14.7902927180441","15.4994873925642","16.7663253528122","17.2345209333456","17.9384455771322","18.9759788513184","20.0792028925987","20.6603647216369","21.0117121817115","20.6937523694375","20.2578266034366","20.916202545166","21.6887969970703","21.2349720001221","21.22900390625","22.1248188018799","22.6285555055915","23.083954310056","23.4869920360294","23.8682512750234",
"Algeria","DZA","PPP conversion factor, GDP (LCU per international $)","PA.NUS.PPP","","","","","","","","","","","","","","","","","","","","","","","","","","","","","","","3.12681665634229","4.6513865732226","5.54489484253776","6.15447384084536","7.77797484291376","9.79531244502773","11.9299241801165","12.5488545959568","12.0208407320577","13.1399208560912","15.7627365672012","15.3426466349049","15.3152804319651","16.3618099806415","17.7571596026845","19.3456532938304","20.7902076617105","21.6780653055546","24.4836017445776","22.5392250138469","25.7329052252255","29.475887298584","32.3948569326334","33.0246550356372","33.4217802011761","34.1662413875974","36.0388086573497","37.458251953125","38.8773498535156","38.3893852233887","37.4388656616211","38.7630996704102","44.4838083963006","43.326166802351","43.703532115018","42.8460510517715",
"East Asia & Pacific (excluding high income)","EAP","PPP conversion factor, GDP (LCU per international $)","PA.NUS.PPP","","","","","","","","","","","","","","","","","","","","","","","","","","","","","","","","","","","","","","","","","","","","","","","","","","","","","","","","","","","","","","","","","","",
"Early-demographic dividend","EAR","PPP conversion factor, GDP (LCU per international $)","PA.NUS.PPP","","","","","","","","","","","","","","","","","","","","","","","","","","","","","","","","","","","","","","","","","","","","","","","","","","","","","","","","","","","","","","","","","","",
"East Asia & Pacific","EAS","PPP conversion factor, GDP (LCU per international $)","PA.NUS.PPP","","","","","","","","","","","","","","","","","","","","","","","","","","","","","","","","","","","","","","","","","","","","","","","","","","","","","","","","","","","","","","","","","","",
"Europe & Central Asia (excluding high income)","ECA","PPP conversion factor, GDP (LCU per international $)","PA.NUS.PPP","","","","","","","","","","","","","","","","","","","","","","","","","","","","","","","","","","","","","","","","","","","","","","","","","","","","","","","","","","","","","","","","","","",
"Europe & Central Asia","ECS","PPP conversion factor, GDP (LCU per international $)","PA.NUS.PPP","","","","","","","","","","","","","","","","","","","","","","","","","","","","","","","","","","","","","","","","","","","","","","","","","","","","","","","","","","","","","","","","","","",
"Ecuador","ECU","PPP conversion factor, GDP (LCU per international $)","PA.NUS.PPP","","","","","","","","","","","","","","","","","","","","","","","","","","","","","","","0.300494875902852","0.310689981470041","0.31683937633078","0.31767951022978","0.357721081603256","0.368673324809589","0.367440163426433","0.386518349333816","0.36776442231113","0.267260408758327","0.241180552163667","0.29860658390303","0.327812034085673","0.357621399032299","0.37051222526465","0.390082400796789","0.411397442598804","0.428837853000729","0.484237289199021","0.467941972910594","0.503995944305429","0.527572333812714","0.549960871952422","0.540855147379124","0.541231103859059","0.549392960000155","0.543826095333172","0.528539717197418","0.517270743846893","0.494702249765396","0.473994910717011","0.448739469051361","0.428779242654727","0.422329283911314","0.430740974308494","0.425220703426529",
"Egypt, Arab Rep.","EGY","PPP conversion factor, GDP (LCU per international $)","PA.NUS.PPP","","","","","","","","","","","","","","","","","","","","","","","","","","","","","","","0.460036472457643","0.516743317149525","0.597943488717907","0.633332732497365","0.672483347815794","0.7337600486674","0.771783729831489","0.833631687497435","0.843967730683599","0.839842868263719","0.853633230356826","0.850427545494167","0.863923181803219","0.904615562126923","0.983730007399745","1.0130817732074","1.05510660113741","1.156667958715","1.27329484145645","1.40704141399742","1.53064743066604","1.67461729049683","1.73812182135184","1.85652273086132","2.12936870268238","2.25048568402486","2.49919886929529","3.16914701461792","3.58117437362671","3.89337968826294","3.69509267807007","3.8546199798584","3.97385404919073","4.78237501847469","6.23876003840203","7.58370974796763",
"Euro area","EMU","PPP conversion factor, GDP (LCU per international $)","PA.NUS.PPP","","","","","","","","","","","","","","","","","","","","","","","","","","","","","","","","","","","","","","","","","","","","","","","","","","","","","","","","","","","","","","","","","","",
"Eritrea","ERI","PPP conversion factor, GDP (LCU per international $)","PA.NUS.PPP","","","","","","","","","","","","","","","","","","","","","","","","","","","","","","","","","1.06249161416466","1.0235344509527","1.22411015122166","1.3344552292172","1.42938614307456","1.45991599907571","1.57519915055871","1.5892319204323","1.94218944755412","2.1858011226335","2.49993009512358","2.98774829492708","3.63104650843245","3.78906190065453","4.09451946789363","4.27705996417702","4.87080329805048","6.26924232719157","5.18879838711628","6.0772179935858","6.37545049576222","6.06140894105022","6.02877801055876","5.77168411573234","5.74096300770369","5.39268779754639","4.96084139586241","4.69091466303122","5.01428809751443","4.93847894668579","","","","",
"Spain","ESP","PPP conversion factor, GDP (LCU per international $)","PA.NUS.PPP","","","","","","","","","","","","","","","","","","","","","","","","","","","","","","","0.617949","0.639188","0.666885","0.681001","0.692634","0.711877","0.722245","0.723644","0.723781","0.73921","0.739619","0.747598","0.742312","0.759318","0.765976","0.769508","0.736159","0.73227","0.725862","0.718327","0.727131","0.714129","0.694976","0.6748","0.662359","0.66474","0.642644","0.630839","0.631798","0.604131","0.606275","0.58847","0.55926","0.556506","0.562107","0.570991",
"Estonia","EST","PPP conversion factor, GDP (LCU per international $)","PA.NUS.PPP","","","","","","","","","","","","","","","","","","","","","","","","","","","","","","","0.0045159522586121","0.0101592046177188","0.096710479140308","0.174588","0.238747","0.307408","0.377198","0.409474","0.435394","0.462332","0.46876","0.487921","0.486245","0.485808","0.493701","0.503328","0.520905","0.551077","0.545055","0.516865","0.512242","0.5116","0.521063","0.522424","0.52689","0.53758","0.527849","0.534908","0.538757","0.52869","0.515202","0.5341","0.560333","0.572987","0.576166","0.584555",
"Ethiopia","ETH","PPP conversion factor, GDP (LCU per international $)","PA.NUS.PPP","","","","","","","","","","","","","","","","","","","","","","","","","","","","","","","1.30103354999105","1.49864521536657","1.6928407982536","1.87484978408862","1.88945945481846","2.08580824434276","2.05320682245251","2.02257169200624","1.99709025190693","2.01299419504164","2.10225756341616","1.93763603549094","1.83888957550276","2.03353031000399","2.05773476068033","2.19221082771198","2.37230468748906","2.70747675798704","3.46146586303349","4.27094342989242","4.28061851026844","5.03550291061401","6.61676879404236","7.02923105524662","7.0664702105877","7.65418596878957","7.91032495172366","8.33639240264893","9.31989192962646","10.3675975799561","11.7911653518677","13.7311124801636","17.2633656192497","22.1265402742069","27.1045539967632","30.7650224136466",
"European Union","EUU","PPP conversion factor, GDP (LCU per international $)","PA.NUS.PPP","","","","","","","","","","","","","","","","","","","","","","","","","","","","","","","","","","","","","","","","","","","","","","","","","","","","","","","","","","","","","","","","","","",
"Fragility, Conflict, and Violence (FCV) situations","FCV","PPP conversion factor, GDP (LCU per international $)","PA.NUS.PPP","","","","","","","","","","","","","","","","","","","","","","","","","","","","","","","","","","","","","","","","","","","","","","","","","","","","","","","","","","","","","","","","","","",
"Finland","FIN","PPP conversion factor, GDP (LCU per international $)","PA.NUS.PPP","","","","","","","","","","","","","","","","","","","","","","","","","","","","","","","1.005162","0.987025","0.973657","0.967904","0.965154","0.985051","0.991636","0.989122","0.991466","0.992037","0.983787","1.002749","0.998133","1.002074","0.973313","0.979424","0.953073","0.934638","0.912125","0.896061","0.900732","0.898068","0.908495","0.905357","0.90721","0.907748","0.880895","0.863657","0.853746","0.826328","0.802112","0.790539","0.770918","0.770345","0.753945","0.754195",
"Fiji","FJI","PPP conversion factor, GDP (LCU per international $)","PA.NUS.PPP","","","","","","","","","","","","","","","","","","","","","","","","","","","","","","","0.647576255792932","0.663933376821585","0.690079570872333","0.722888207589353","0.713636452136212","0.706882377899916","0.714085658618594","0.725075921296385","0.770420750684214","0.810810333514459","0.7554291583858","0.762770598004213","0.775632810393564","0.819204423873736","0.815254911335836","0.842998294946533","0.848419537115228","0.851023189825567","0.852955313245334","0.8595159897885","0.885114981409079","0.948667109012604","0.929814843632577","0.93485934843799","0.932632883062748","0.911280753973239","0.937498468146302","0.939452171325684","0.960431039333344","0.972497940063477","0.935144364833832","0.910048425197601","0.918217936754945","0.909830706289817","0.942012332041687","0.934666867351328",
"France","FRA","PPP conversion factor, GDP (LCU per international $)","PA.NUS.PPP","","","","","","","","","","","","","","","","","","","","","","","","","","","","","","","1.025418","1.016227","1.013658","1.005612","0.993971","0.98476","0.981183","0.969165","0.961518","0.952721","0.930052","0.911776","0.900678","0.929961","0.935225","0.916458","0.894884","0.888602","0.881874","0.862542","0.854875","0.841361","0.844301","0.811643","0.807565","0.808694","0.780044","0.770109","0.756166","0.705954","0.693052","0.703945","0.682729","0.678524","0.681239","0.677618",
"Faroe Islands","FRO","PPP conversion factor, GDP (LCU per international $)","PA.NUS.PPP","","","","","","","","","","","","","","","","","","","","","","","","","","","","","","","","","","","","","","","","","","","","","","","","","6.35256798523733","6.41429591368997","6.77763396381815","6.57741153207814","6.30218838864158","6.29068301504234","6.34819151314729","6.59667124946978","7.04860647301933","6.95062971115112","6.69964343061627","6.76000199752143","6.60500877907687","6.37792730331421","6.30552160356804","6.25954159690578","6.22980312304618","",
"Micronesia, Fed. Sts.","FSM","PPP conversion factor, GDP (LCU per international $)","PA.NUS.PPP","","","","","","","","","","","","","","","","","","","","","","","","","","","","","","","0.868915823080393","0.88336876925372","0.889860827098985","0.895440631976591","0.89964735719576","0.894288451661804","0.894567810153697","0.88503663258565","0.90153633208029","0.881787822741595","0.871261854105906","0.861520528497758","0.849119460019057","0.829602803280067","0.815758879542625","0.807300850535689","0.79595078321184","0.797491071827761","0.828121722914707","0.862301503763916","0.882988437562147","0.879293960153449","0.92300947913154","0.913381545379715","0.927239741793669","0.86897160859895","0.890945112539156","0.946637692424728","1.00594447145015","0.957243657272113","0.910429814068035","0.886870916030328","0.906163876973741","0.921787754114453","0.954938228573462","0.95865080658499",
"Gabon","GAB","PPP conversion factor, GDP (LCU per international $)","PA.NUS.PPP","","","","","","","","","","","","","","","","","","","","","","","","","","","","","","","146.779135691824","125.840384272725","123.299694807913","119.831119770011","171.9429127614","170.667070134005","190.329606196144","188.874110289709","153.55445700063","180.469784090146","226.042263388713","207.242305539473","205.817508311669","201.394475769265","211.349932921739","246.103135914203","262.300026630725","266.187190317151","314.637406563173","256.188039632467","295.038285881166","325.732543945313","324.672801964038","313.33587842154","305.866491635978","291.221671949243","282.679241786938","271.626159667969","274.421081542969","273.352203369141","262.635467529297","244.922546386719","262.405459108734","227.844268825763","231.6583571757","216.420044727798",
"United Kingdom","GBR","PPP conversion factor, GDP (LCU per international $)","PA.NUS.PPP","","","","","","","","","","","","","","","","","","","","","","","","","","","","","","","0.651578","0.672007","0.672865","0.66872","0.65686","0.712913","0.712844","0.708637","0.720671","0.725819","0.704372","0.694551","0.689877","0.695928","0.687912","0.707619","0.69664","0.709103","0.701691","0.709725","0.702443","0.706052","0.701634","0.695248","0.698444","0.692551","0.688603","0.684601","0.687714","0.669665","0.653446","0.668934","0.633175","0.660709","0.664153","0.677133",
"Georgia","GEO","PPP conversion factor, GDP (LCU per international $)","PA.NUS.PPP","","","","","","","","","","","","","","","","","","","","","","","","","","","","","","","5.42012608653277E-07","8.48037495120885E-07","1.17546927518972E-05","0.0017848911427569","0.107326982270467","0.27619343478463","0.38793798574064","0.406283489439613","0.429652156305944","0.464873912701654","0.475842923421307","0.49037465377975","0.511452353477603","0.518733334809136","0.547752183368209","0.573243106047758","0.60306903660421","0.642750864213563","0.691090327023834","0.672184335918192","0.75846868355388","0.811295330524445","0.743673981829331","0.725892425915326","0.724575737652637","0.755844016936428","0.75056031815742","0.80830192565918","0.810541391372681","0.797049462795258","0.796508133411407","0.865621149539948","0.873888015814541","0.867549901216465","0.887666169870326","0.903514180711349",
"Ghana","GHA","PPP conversion factor, GDP (LCU per international $)","PA.NUS.PPP","","","","","","","","","","","","","","","","","","","","","","","","","","","","","","","0.0172229476531372","0.019998353868997","0.0217329251852238","0.0279716767885835","0.035638294557521","0.0499319978149189","0.068568451773213","0.0805220550953174","0.0932023603911411","0.104741619302452","0.130311081157497","0.171814001935954","0.207790472699698","0.26225770370444","0.292038898703269","0.32553187318178","0.35617906063167","0.40263068743152","0.471694217106667","0.542248034001112","0.624646347440148","0.697181165218353","0.760881671213248","0.871647762186301","1.02569231218683","1.2319478577983","1.49273430727059","1.69359111785889","1.81923377513885","1.90021753311157","2.03251671791077","2.14874577522278","2.57145102292101","3.47419917524807","4.26723310217426","4.75008975177416",
"Gibraltar","GIB","PPP conversion factor, GDP (LCU per international $)","PA.NUS.PPP","","","","","","","","","","","","","","","","","","","","","","","","","","","","","","","","","","","","","","","","","","","","","","","","","","","","","","","","","","","","","","","","","","",
"Guinea","GIN","PPP conversion factor, GDP (LCU per international $)","PA.NUS.PPP","","","","","","","","","","","","","","","","","","","","","","","","","","","","","","","458.161746195402","557.59616778618","688.117870084561","676.713799069377","672.02814879719","697.40050141814","695.450038847442","693.465226351112","708.557220763507","728.207863618759","756.939700137642","753.243795993838","744.927493655598","846.73346344844","960.790733633506","1186.74944817492","1583.93198080143","1752.17467935732","2006.22358081005","2029.23845254135","2327.7103186553","2485.90087890625","2729.40340394865","2806.85647759278","2865.0392114501","2899.10785161767","2831.13495412508","2819.40551757813","2956.56860351563","3049.65771484375","3024.84619140625","3108.34375","2983.35938744689","3052.18339989862","3181.20500097004","3286.09262410062",
"Gambia, The","GMB","PPP conversion factor, GDP (LCU per international $)","PA.NUS.PPP","","","","","","","","","","","","","","","","","","","","","","","","","","","","","","","2.36222850443498","2.47360934900172","2.59069223184023","2.66084335022503","2.7036261718519","2.7530546694629","2.78227872567018","2.84027252432298","2.87941746381445","2.9624837765487","2.96108712412271","3.33391117070973","3.81156857295277","4.76159185104773","9.00440432979574","9.08982079052625","8.93280652913098","9.08114266832039","9.13006786077572","9.48364242446811","9.89863380257085","10.1419715881348","10.7593017516153","11.7161744085834","12.2586085125174","13.231134230546","14.0085076067416","14.6875677108765","14.7201194763184","15.2599792480469","14.6587619781494","14.7418222427368","14.97642146813","16.4233646342791","16.9545354395068","17.7935316169312",
"Guinea-Bissau","GNB","PPP conversion factor, GDP (LCU per international $)","PA.NUS.PPP","","","","","","","","","","","","","","","","","","","","","","","","","","","","","","","26.5738155494081","43.1564690778736","69.613661984352","101.362722769529","122.317312266934","173.394353333115","237.082966212969","312.627708902039","341.120737035778","294.577173239488","221.995171146721","225.274235401606","229.312349758167","223.590177005978","205.801473355008","205.759485281514","191.134053661797","197.239756668216","218.20869155687","208.57530343543","216.81758268515","230.39176940918","231.436308045981","228.249067705342","221.127199651877","220.453013565298","220.773659150318","218.427780151367","218.222854614258","211.497299194336","208.34016418457","203.716125488281","197.397962018897","197.932848260615","195.690135293345","198.582744438309",
"Equatorial Guinea","GNQ","PPP conversion factor, GDP (LCU per international $)","PA.NUS.PPP","","","","","","","","","","","","","","","","","","","","","","","","","","","","","","","140.016403637528","140.247053150791","115.972913932132","110.236662516025","134.403898676324","141.75507677927","140.349691900506","119.831246672626","81.0940293169645","111.273891016538","159.472589162812","137.289940638588","133.049213856133","131.302577697322","149.502353155568","206.676453013438","226.510347435106","227.234575731369","267.170405898847","210.221587084232","259.42770814686","297.509490966797","294.449643532044","288.524323974565","282.488476354166","275.256840579949","265.282044557899","245.970474243164","244.417373657227","242.327987670898","242.573852539063","228.967514038086","261.006197061617","242.255040389526","248.739563790205","238.615174467719",
"Greece","GRC","PPP conversion factor, GDP (LCU per international $)","PA.NUS.PPP","","","","","","","","","","","","","","","","","","","","","","","","","","","","","","","0.335502","0.388744","0.43633","0.487726","0.530927","0.570943","0.601375","0.627141","0.647877","0.67328","0.669545","0.668523","0.662967","0.685131","0.694587","0.708976","0.692607","0.71818","0.707951","0.704086","0.722182","0.713163","0.684663","0.631286","0.611135","0.60907","0.58858","0.575041","0.564857","0.540972","0.530251","0.520812","0.502755","0.506626","0.515086","0.526872",
"Grenada","GRD","PPP conversion factor, GDP (LCU per international $)","PA.NUS.PPP","","","","","","","","","","","","","","","","","","","","","","","","","","","","","","","1.65263602573622","1.70519875109756","1.73408685828926","1.72583908801797","1.7436755880495","1.76001068888237","1.77456908027309","1.77562029483496","1.7864015687348","1.78122972339592","1.78867075944069","1.78679005383045","1.76599604927713","1.73047003468951","1.71938273445786","1.70861798664849","1.73428858748961","1.72770640309205","1.82807050817953","1.81668457273947","1.80348339013611","1.77099478244781","1.81088910884056","1.79000290518369","1.76332675424059","1.77640442684524","1.78124296159634","1.75041949748993","1.70418763160706","1.71770310401917","1.68615663051605","1.69825077056885","1.6114828054419","1.62322133398798","1.56397530306305","1.53137011170231",
"Greenland","GRL","PPP conversion factor, GDP (LCU per international $)","PA.NUS.PPP","","","","","","","","","","","","","","","","","","","","","","","","","","","","","","","5.5399932486698","5.5316048333896","5.49195205286214","5.42069110930475","5.33222661595194","5.33009489956895","5.2855689012718","5.22177571147441","5.21426562249663","5.19603168506132","5.18815104983854","5.24652969270142","5.32655944965436","5.56467815108233","5.38977957633998","5.05716881923088","5.01569188479526","4.88106791517809","4.69238655154128","4.92192326205371","4.96142488453074","5.00133169533115","5.07906362585446","5.04737585716883","5.01010184738356","5.36832327144233","5.5059188858133","5.5857400894165","5.5727136828431","5.53253136418962","5.51685943709696","5.2741265296936","5.19997209139189","5.10788380262313","","",
"Guatemala","GTM","PPP conversion factor, GDP (LCU per international $)","PA.NUS.PPP","","","","","","","","","","","","","","","","","","","","","","","","","","","","","","","1.0018998404469","1.28869558132507","1.37163430785762","1.53421508962974","1.67822658317243","1.78624031802571","1.91024372190978","2.03292234372619","2.20135915319014","2.28007662975168","2.3818548176859","2.50626115979948","2.62756338729531","2.69190130904841","2.77931931226587","2.84757870213258","2.89999496869695","3.02440093756339","3.24637302448729","3.34263143722076","3.47216481062683","3.63653254508972","3.54711441145588","3.5143247804835","3.46321590831435","3.33602577933495","3.35347846470893","3.32418703342023","3.29055680271627","3.22869804185546","3.15825575504794","3.21316480636597","3.19080092519734","3.27732812819395","3.31562389582393","3.33451157924276",
"Guam","GUM","PPP conversion factor, GDP (LCU per international $)","PA.NUS.PPP","","","","","","","","","","","","","","","","","","","","","","","","","","","","","","","","","","","","","","","","","","","","","","","","","","","","","","","","","","","","","","","","","","",
"Guyana","GUY","PPP conversion factor, GDP (LCU per international $)","PA.NUS.PPP","","","","","","","","","","","","","","","","","","","","","","","","","","","","","","","17.2742806232408","39.1893799269404","42.6462259217913","48.7203106331237","56.0598282324528","61.1925237963686","62.4543525970561","62.2817116491148","63.418794269139","69.544243327415","72.4825855707344","71.1146768709438","71.8602885484161","73.7941357408305","76.7305132297639","80.0761633967145","82.0519384094089","90.0273880968541","96.7648999744447","97.2807009361905","99.9304939513635","100.269470214844","104.698057163854","101.90793237296","101.375412205949","102.094796608881","105.270612299159","104.212295532227","100.972465515137","100.869819641113","83.9942855834961","89.9150695800781","94.0685987686788","77.9339679099584","77.0796036657078","69.0331367456556",
"High income","HIC","PPP conversion factor, GDP (LCU per international $)","PA.NUS.PPP","","","","","","","","","","","","","","","","","","","","","","","","","","","","","","","","","","","","","","","","","","","","","","","","","","","","","","","","","","","","","","","","","","",
"Hong Kong SAR, China","HKG","PPP conversion factor, GDP (LCU per international $)","PA.NUS.PPP","","","","","","","","","","","","","","","","","","","","","","","","","","","","","","","5.75560879584341","6.07621041251752","6.52892551317074","6.92706280773142","7.21097253679181","7.35525434014001","7.64799679135092","7.95142334372178","7.9589722180181","7.52648969736795","7.10996946119049","6.83004578942292","6.49673621443817","5.98820145585682","5.62199372240795","5.44289777156787","5.25182907768579","5.27372313562501","5.24033780971852","5.18865962108716","5.1402326879187","5.23263931274414","5.46310859628999","5.56565885386855","5.73436990761836","5.86912301261529","5.98074194926428","6.07040023803711","6.24729061126709","6.18961668014526","6.14700174331665","5.87204074859619","5.57469182190402","5.53125165022491","5.62173577880171","5.52457295433365",
"Honduras","HND","PPP conversion factor, GDP (LCU per international $)","PA.NUS.PPP","","","","","","","","","","","","","","","","","","","","","","","","","","","","","","","5.70952763320423","5.61195499653389","5.79941603557671","6.00589389370471","5.76217423367143","5.87531283042013","5.95019503529658","6.15822346112781","6.21976717528239","6.04325983948836","6.26659638211708","6.62405671032399","6.8574351456075","7.11199251897768","7.37260141713191","7.66881302938687","7.83730241898352","8.1361345375803","8.60420319097106","9.20596526175553","9.52073594740516","10.0565614700317","10.323428360612","10.2382117842005","10.2576082952577","10.2860294736705","10.1593988234018","10.0832586288452","10.4576015472412","10.6014041900635","10.5345764160156","10.5899238586426","10.8074212481727","11.0520529000976","11.2912473033807","11.8640844280338",
"Heavily indebted poor countries (HIPC)","HPC","PPP conversion factor, GDP (LCU per international $)","PA.NUS.PPP","","","","","","","","","","","","","","","","","","","","","","","","","","","","","","","","","","","","","","","","","","","","","","","","","","","","","","","","","","","","","","","","","","",
"Croatia","HRV","PPP conversion factor, GDP (LCU per international $)","PA.NUS.PPP","","","","","","","","","","","","","","","","","","","","","","","","","","","","","","","0.00084036820060033","0.00162002902496837","0.0110059097726278","0.16844670513884","0.349243593558366","0.422482271811966","0.431510223530479","0.454404857087362","0.484959047474992","0.497225742591732","0.502447517686668","0.514052349840653","0.514876699671397","0.528810096781116","0.532017700731362","0.543301347866968","0.519602266099119","0.512946714510898","0.513954410250092","0.509746430783773","0.514247599938894","0.498061358852654","0.486316401227128","0.474499984040339","0.470301429076063","0.466173586897839","0.448868107019075","0.441259811543299","0.439450664962738","0.42046941270084","0.410332855869259","0.407277953564341","0.416285914711201","0.429571541796623","0.448418364962435","0.470813052018898",
"Haiti","HTI","PPP conversion factor, GDP (LCU per international $)","PA.NUS.PPP","","","","","","","","","","","","","","","","","","","","","","","","","","","","","","","1.76739076335849","1.95934962085204","2.31623017906933","2.67748395803972","4.10811231479148","4.66607277665933","5.03932947084939","5.58438469628339","6.30413930567578","6.65325857953573","7.22519146614538","8.00222340712746","8.68516130774171","10.0488371848514","11.6746160076247","12.4598265549217","13.7210504563579","13.9084785855134","15.3751355577544","17.0536929823265","18.0947103317847","18.4949626922607","20.0001761591942","20.66374718957","21.1849011772733","22.6450678685725","24.4649311750741","27.4248027801514","30.6184539794922","35.1456756591797","41.5539588928223","47.4995269775391","57.6759375340431","72.6227604240472","85.9464526212732","112.359715746475",
"Hungary","HUN","PPP conversion factor, GDP (LCU per international $)","PA.NUS.PPP","","","","","","","","","","","","","","","","","","","","","","","","","","","","","","","22.9099595444692","30.075264","35.729972","42.329415","49.522462","61.472314","73.855397","87.377995","97.816595","104.545883","110.049076","114.41857","118.141282","122.020996","128.395563","130.929945","131.519432","134.041265","131.005355","127.627536","126.446576","124.271836","125.623608","124.979432","129.414974","132.55351","132.033797","136.036522","139.092451","138.79714","141.838435","148.351175","155.230128","169.087073","175.578089","183.57556",
"IBRD only","IBD","PPP conversion factor, GDP (LCU per international $)","PA.NUS.PPP","","","","","","","","","","","","","","","","","","","","","","","","","","","","","","","","","","","","","","","","","","","","","","","","","","","","","","","","","","","","","","","","","","",
"IDA & IBRD total","IBT","PPP conversion factor, GDP (LCU per international $)","PA.NUS.PPP","","","","","","","","","","","","","","","","","","","","","","","","","","","","","","","","","","","","","","","","","","","","","","","","","","","","","","","","","","","","","","","","","","",
"IDA total","IDA","PPP conversion factor, GDP (LCU per international $)","PA.NUS.PPP","","","","","","","","","","","","","","","","","","","","","","","","","","","","","","","","","","","","","","","","","","","","","","","","","","","","","","","","","","","","","","","","","","",
"IDA blend","IDB","PPP conversion factor, GDP (LCU per international $)","PA.NUS.PPP","","","","","","","","","","","","","","","","","","","","","","","","","","","","","","","","","","","","","","","","","","","","","","","","","","","","","","","","","","","","","","","","","","",
"Indonesia","IDN","PPP conversion factor, GDP (LCU per international $)","PA.NUS.PPP","","","","","","","","","","","","","","","","","","","","","","","","","","","","","","","350.176983086282","368.417935900236","386.464428214204","449.820131955825","474.665668148349","510.861176252744","545.204681977847","603.340127603814","1045.72870794496","1177.15845260329","1386.45158487915","1549.75899105326","1616.02070691722","1671.69419374265","1767.11688011046","1958.95419045259","2168.0609222104","2348.52612063667","2722.32644194473","2929.52347946029","3336.15075047282","3512.75390625","3577.51892380765","3781.77823687054","4056.66266202967","4390.64649743196","4566.57066796941","4756.1689453125","4833.59912109375","4847.4453125","4791.0068359375","4808.42919921875","4918.70420995171","4815.77343325049","4740.937043293","4720.99750025346",
"IDA only","IDX","PPP conversion factor, GDP (LCU per international $)","PA.NUS.PPP","","","","","","","","","","","","","","","","","","","","","","","","","","","","","","","","","","","","","","","","","","","","","","","","","","","","","","","","","","","","","","","","","","",
"Isle of Man","IMN","PPP conversion factor, GDP (LCU per international $)","PA.NUS.PPP","","","","","","","","","","","","","","","","","","","","","","","","","","","","","","","","","","","","","","","","","","","","","","","","","","","","","","","","","","","","","","","","","","",
"India","IND","PPP conversion factor, GDP (LCU per international $)","PA.NUS.PPP","","","","","","","","","","","","","","","","","","","","","","","","","","","","","","","5.49548841099049","6.0467290594668","6.44202320594129","6.91345031603857","7.44446172370012","7.95239418872014","8.4009872069532","8.79341997557107","9.39223158546742","9.54534638142216","9.67413340555159","9.76533140562836","9.97319728795462","10.1583819921029","10.458746483246","10.7108919435023","11.2633636132263","11.7278022158895","12.5639813422269","13.3660920634206","14.5956322636061","15.5495491027832","16.1356633063104","17.2883428104744","18.3007666190468","19.1154412106207","19.7442391048838","20.4555778503418","20.4745960235596","20.2395000457764","20.3193664550781","20.7278957366943","20.4927049140107","20.4553387219722","20.4522424138694","20.0886288014602",
"Not classified","INX","PPP conversion factor, GDP (LCU per international $)","PA.NUS.PPP","","","","","","","","","","","","","","","","","","","","","","","","","","","","","","","","","","","","","","","","","","","","","","","","","","","","","","","","","","","","","","","","","","",
"Ireland","IRL","PPP conversion factor, GDP (LCU per international $)","PA.NUS.PPP","","","","","","","","","","","","","","","","","","","","","","","","","","","","","","","0.783812","0.77183","0.775855","0.797117","0.793677","0.800964","0.807329","0.834408","0.863303","0.913882","0.943627","0.969447","0.981997","1.004008","0.991257","1.011707","0.978447","0.95761","0.944447","0.900841","0.849744","0.831513","0.823072","0.811228","0.819041","0.809686","0.794289","0.794405","0.792214","0.794143","0.775446","0.751895","0.721422","0.740333","0.740894","0.750891",
"Iran, Islamic Rep.","IRN","PPP conversion factor, GDP (LCU per international $)","PA.NUS.PPP","","","","","","","","","","","","","","","","","","","","","","","","","","","","","","","96.6739217701494","117.466494541528","148.547776803131","217.512630092714","285.227721222995","385.35625213578","487.542748835653","553.700531047219","598.915041155609","777.811313643886","950.190258479443","1066.84780260202","1347.60735138273","1495.11607436932","1815.70702561496","2115.53436461834","2351.51718081877","2814.6762934561","3297.8030925461","3428.30798308108","3925.1119545006","4758.86962890625","6093.5625","8503.8466796875","9758.5537109375","10701.5615234375","11796.810546875","13061.294921875","16923.19921875","23549.041015625","32954.5859375","50488.171875","71211.4312451727","94280.2670719049","118096.561683588","147937.809998602",
"Iraq","IRQ","PPP conversion factor, GDP (LCU per international $)","PA.NUS.PPP","","","","","","","","","","","","","","","","","","","","","","","","","","","","","","","","","","","","69.9271396272273","60.0559009686002","113.056724013853","93.9676162110795","158.582506302407","193.444033357328","152.95389485158","162.915273797009","181.897770051504","207.795278075233","273.714727148813","326.740929380693","364.055977295882","464.953060518186","371.894865460118","428.374128932184","523.340209960938","524.502670462541","528.635410131546","553.360835974816","555.267500826667","563.814832515689","552.902282714844","554.960876464844","547.339233398438","484.264739990234","554.465393066406","657.110311889676","535.22554911293","545.082245539464","492.933552332882",
"Iceland","ISL","PPP conversion factor, GDP (LCU per international $)","PA.NUS.PPP","","","","","","","","","","","","","","","","","","","","","","","","","","","","","","","67.297073","70.541136","71.348377","70.973079","71.298412","71.927537","74.118791","73.660811","76.658219","79.246596","84.704674","88.304268","91.105413","92.614881","93.296591","95.840665","101.655098","107.340386","114.527003","121.915984","132.91871","135.152004","136.96767","137.022617","138.547869","141.974926","140.02995","138.277175","140.970278","138.667852","143.25338","142.588157","134.899492","137.850321","141.758111","151.367985",
"Israel","ISR","PPP conversion factor, GDP (LCU per international $)","PA.NUS.PPP","","","","","","","","","","","","","","","","","","","","","","","","","","","","","","","1.70674","1.983234","2.172858","2.357943","2.598105","2.775539","2.978542","3.169283","3.346311","3.504641","3.434893","3.416906","3.462676","3.621458","3.535081","3.716937","3.804289","3.732781","3.867205","3.991334","3.990703","3.944763","3.955358","3.839566","3.940387","3.923925","3.788511","3.751633","3.784664","3.816864","3.746701","3.657664","3.442983","3.456822","3.50198","3.487723",
"Italy","ITA","PPP conversion factor, GDP (LCU per international $)","PA.NUS.PPP","","","","","","","","","","","","","","","","","","","","","","","","","","","","","","","0.691461","0.71955","0.734248","0.745119","0.755385","0.776313","0.797664","0.804166","0.799785","0.806447","0.805086","0.816362","0.823489","0.833524","0.851953","0.855139","0.823022","0.809227","0.783694","0.770943","0.773348","0.758687","0.747731","0.737299","0.739644","0.738694","0.700544","0.689895","0.681219","0.647298","0.632292","0.625356","0.59129","0.601949","0.599627","0.610275",
"Jamaica","JAM","PPP conversion factor, GDP (LCU per international $)","PA.NUS.PPP","","","","","","","","","","","","","","","","","","","","","","","","","","","","","","","2.74536892773952","4.06649918420079","6.36285169001947","9.49771781950972","12.1918755808752","14.9491873987451","17.4509287461062","18.803479773667","20.143992947319","21.2366443944223","22.9647877153406","24.2125421516919","26.0078127625606","28.4689093869673","31.2882441410212","33.8163174557271","35.7072957643627","38.7011371682492","43.1132395361197","47.84364606641","51.9064085889204","53.8049468994141","56.6069358389909","59.6113221385822","63.1997713041459","65.9062696407354","66.675524485405","68.5327301025391","71.6331405639648","74.1321411132813","77.2810134887695","81.3269805908203","85.5366556074584","91.8329135889699","93.9657613558653","95.7950373528488",
"Jordan","JOR","PPP conversion factor, GDP (LCU per international $)","PA.NUS.PPP","","","","","","","","","","","","","","","","","","","","","","","","","","","","","","","0.18185298644952","0.185465084318011","0.193552211982693","0.194684091563409","0.203693531607431","0.203270376089569","0.203701151252535","0.202742186787593","0.212527124794171","0.208779520160143","0.203310075228063","0.20037176027738","0.199129751017153","0.19946747499517","0.200256090230118","0.198063971403027","0.21260044737186","0.217443367544626","0.263732320726398","0.267085475388194","0.282750902155806","0.290935188531876","0.303982846164697","0.311815298449383","0.32540655643805","0.320099444614723","0.323572037655516","0.311540961265564","0.325495779514313","0.314005553722382","0.298109263181686","0.323472499847412","0.310232058396914","0.304214246597533","0.302314065193508","0.300588436411238",
"Japan","JPN","PPP conversion factor, GDP (LCU per international $)","PA.NUS.PPP","","","","","","","","","","","","","","","","","","","","","","","","","","","","","","","187.619696","186.75359","185.65514","182.314711","178.836771","174.247214","170.351722","168.308686","166.393737","162.03574","154.687365","149.639771","143.774205","139.581668","134.397629","129.551955","124.459311","120.321744","116.845814","115.232346","111.707557","107.454281","104.273972","101.302673","103.052076","103.469437","105.519502","105.101901","104.158636","103.231509","100.742048","99.211289","94.922107","93.831737","94.462599","97.08005",
"Kazakhstan","KAZ","PPP conversion factor, GDP (LCU per international $)","PA.NUS.PPP","","","","","","","","","","","","","","","","","","","","","","","","","","","","","","","0.000686289282573416","0.00130349195025132","0.0200370973708978","0.262957766997701","4.23967068240905","10.8336722467394","14.777391543836","16.8709016223816","17.6281577805975","19.6905611615486","22.6097623924453","24.3576489521031","25.3768234264825","27.8066964025706","31.4467385967767","35.9408788722456","42.3798277688647","47.6687161257487","56.5591641899303","58.8494307579092","69.5052662275366","82.0900955200195","83.8739423586594","86.32041979476","92.951476814048","100.548503768533","111.098913040409","121.613784790039","130.108551025391","126.168754577637","124.875175476074","129.063003540039","144.313196719951","152.415361023158","162.098669079355","172.827127700445",
"Kenya","KEN","PPP conversion factor, GDP (LCU per international $)","PA.NUS.PPP","","","","","","","","","","","","","","","","","","","","","","","","","","","","","","","8.46445381887982","9.21362841734919","10.7106688041591","13.1514169690049","15.0675936100461","16.4141846444111","17.5885370906229","19.2675652209895","20.3741002437314","20.9323640985434","21.7131743434279","21.5690798972101","21.4372303361052","22.3249969516831","23.2897814850122","23.6881674718639","24.7688720437731","26.0759880122086","29.4592130640191","32.6858710061636","32.8227669739364","35.3961219787598","38.1491624407889","38.0067807273639","38.8071942493241","39.7461923763189","40.2768851704376","41.2794494628906","42.1700057983398","42.6559524536133","42.8165397644043","42.3316535949707","42.2702192058264","42.969527633291","43.2560168752789","43.5471478663385",
"Kyrgyz Republic","KGZ","PPP conversion factor, GDP (LCU per international $)","PA.NUS.PPP","","","","","","","","","","","","","","","","","","","","","","","","","","","","","","","0.0038316342602778","0.00870132563273732","0.0791289213143944","0.6604449347846","1.81624383797577","2.52665482548753","3.35816796479143","3.93869430017144","4.24848229109436","5.7632698174968","7.16634242545567","7.52246585750168","7.55737679567287","7.70561633787296","7.88717958902723","8.19255305161117","8.69386181732999","9.7237667356433","11.6593556897776","12.0554901813113","13.1058527549152","15.7278079986572","15.3066004681555","15.3713027671433","16.0463237607682","17.1601710682343","16.754661356211","16.9797916412354","18.4928894042969","18.709680557251","18.3638648986816","19.9189929962158","22.2518617475837","25.7192364470372","26.7014758852856","29.1935664341276",
"Cambodia","KHM","PPP conversion factor, GDP (LCU per international $)","PA.NUS.PPP","","","","","","","","","","","","","","","","","","","","","","","","","","","","","","","73.2412829325629","146.961781267844","252.058867004542","510.66565531919","799.810277387504","846.088688846252","856.073652207512","892.097762529544","973.557428382305","972.083429980132","909.837301664654","946.728408984239","950.821724738334","962.9270042953","1008.06569574082","1055.77596874352","1093.80879875829","1156.54528258853","1268.44459210644","1270.13840082538","1333.50662885188","1371.2353515625","1342.42968410045","1351.39792921377","1403.65131683703","1419.62490608612","1431.95643542498","1464.89099121094","1468.92175292969","1468.90258789063","1433.76916503906","1426.95983886719","1378.68596342675","1343.02092677806","1340.8205322666","1349.49224235827",
"Kiribati","KIR","PPP conversion factor, GDP (LCU per international $)","PA.NUS.PPP","","","","","","","","","","","","","","","","","","","","","","","","","","","","","","","0.524738713166559","0.608646336460435","0.759094954265817","0.768577973631398","0.780130031334908","0.750321980844982","0.829244931383847","0.836486803765479","0.87386479670859","0.901370624569125","0.890213187946272","0.873423480047635","0.928963313513554","0.996981444343458","0.932949679858932","0.941075660456565","0.86329139889015","0.902001288945393","0.969045847501194","0.982352916133718","0.962228715133838","0.961621381691926","0.938924380875571","0.895707674252653","0.924431628871582","0.944684861003046","0.951855795724369","0.944675912536428","0.960446416261646","0.911646299153458","0.937517740517453","0.97877842181364","0.89469854215867","0.939254719016737","1.03691322245715","1.00874671689262",
"St. Kitts and Nevis","KNA","PPP conversion factor, GDP (LCU per international $)","PA.NUS.PPP","","","","","","","","","","","","","","","","","","","","","","","","","","","","","","","1.48641500427334","1.48724040385895","1.53113193974424","1.52545621698353","1.5872438201683","1.56682846580987","1.5485961441289","1.59716968071436","1.62364573584855","1.64549801987048","1.63813671209555","1.66512042425298","1.69663474426549","1.69156146486723","1.71050603500109","1.63157415705902","1.8070155672281","1.87061816524174","1.86013526869088","1.90548287253445","1.8944369304808","1.96119391918182","2.01793695370612","2.03725888609456","2.04040925302396","2.04214786936031","2.04667573482668","2.05065178871155","2.00792121887207","1.96132147312164","1.86340057849884","1.84317195415497","1.78031609721974","1.79247081385822","1.85383769695909","1.85174655680503",
"Korea, Rep.","KOR","PPP conversion factor, GDP (LCU per international $)","PA.NUS.PPP","","","","","","","","","","","","","","","","","","","","","","","","","","","","","","","562.81864","593.748987","625.494825","649.240687","687.121498","720.334889","735.559277","751.005864","776.066263","754.89297","747.251482","756.670946","769.77179","790.859569","795.262864","788.920135","771.744441","770.254981","785.717886","828.190489","840.493838","854.585723","854.887268","869.081422","871.878106","857.483387","858.809687","872.624771","854.871397","847.547829","829.359157","829.867766","810.157015","811.048042","809.26722","816.329274",
"Kuwait","KWT","PPP conversion factor, GDP (LCU per international $)","PA.NUS.PPP","","","","","","","","","","","","","","","","","","","","","","","","","","","","","","","0.102395901120344","0.099013609330411","0.098582963327011","0.0891871848466628","0.0821964159651482","0.0844134705029518","0.0957531848040698","0.0896914008308643","0.0734780487123829","0.0855590115793141","0.100833117065299","0.0910010391631465","0.0942218341387117","0.0969441778422477","0.105140636234052","0.124138509974638","0.139905159087282","0.142082012073217","0.165411693478658","0.136176323870825","0.149479849816432","0.171689406037331","0.177855683979551","0.183309784165492","0.184760306448633","0.198600794503785","0.197206610920341","0.189230144023895","0.188494756817818","0.18986764550209","0.186391651630402","0.202588081359863","0.222487093571873","0.1972847490244","0.189696382555312","0.175361574871678",
"Latin America & Caribbean (excluding high income)","LAC","PPP conversion factor, GDP (LCU per international $)","PA.NUS.PPP","","","","","","","","","","","","","","","","","","","","","","","","","","","","","","","","","","","","","","","","","","","","","","","","","","","","","","","","","","","","","","","","","","",
"Lao PDR","LAO","PPP conversion factor, GDP (LCU per international $)","PA.NUS.PPP","","","","","","","","","","","","","","","","","","","","","","","","","","","","","","","140.383475057126","153.405788741856","158.977815655973","172.662962941507","182.07145253185","213.4377566073","238.368574366002","279.676728065584","510.281159294278","1147.07594841785","1399.81669931957","1490.39441641512","1560.31721601945","1735.90897714426","1871.16774604661","1971.04156100809","2118.67802561402","2216.22801132584","2367.05598978061","2283.56756321705","2463.63722305414","2666.53491210938","2618.47939086938","2719.06547284056","2747.66571723553","2832.49758055387","2775.05374890645","2808.07495117188","2855.97534179688","2902.38134765625","2953.51440429688","3031.69677734375","3276.84900579848","3931.63306336066","4375.37070071078","4577.46196269632",
"Lebanon","LBN","PPP conversion factor, GDP (LCU per international $)","PA.NUS.PPP","","","","","","","","","","","","","","","","","","","","","","","","","","","","","","","183.521536527546","262.115678070758","505.974572208867","616.553627001327","651.195009557169","705.934905036234","705.292581757249","773.394292233055","795.527977353934","790.803780771913","757.141205057595","729.174896585442","753.351915036984","750.448103666299","721.773487489574","692.396966336946","677.599116197111","680.394143614282","717.819861240868","786.79156055807","781.84236333314","788.751806458703","786.13391986052","754.172472755552","707.768888257175","682.218128383862","643.812344730719","619.012889525663","629.079223632813","637.468505859375","1261.38049316406","4099.5078125","8119.57915962761","23717.2420473074","33594.2483818204","",
"Liberia","LBR","PPP conversion factor, GDP (LCU per international $)","PA.NUS.PPP","","","","","","","","","","","","","","","","","","","","","","","","","","","","","","","0.219786316024099","0.224384438552714","0.21705242250299","0.227029938198824","0.234163374202947","0.244287065944353","0.253006770028582","0.223824032861282","0.206580668578447","0.205567584711217","0.309184508707449","0.304553124715276","0.295716114809382","0.334972680211","0.381192700630704","0.371415035241303","0.39321718311993","0.428853876652703","0.493647428347712","0.477262520007966","0.502238238507926","0.545838707946248","0.551767136741416","0.522556696267726","0.498116480600281","0.516691387802859","0.479498014061403","0.419995359707115","0.384615516378917","0.346489368061895","0.371666181394607","0.433967147111521","0.44026199757583","0.444982686863957","0.45443232675685","0.462031881161655",
"Libya","LBY","PPP conversion factor, GDP (LCU per international $)","PA.NUS.PPP","","","","","","","","","","","","","","","","","","","","","","","","","","","","","","","0.107222870585997","0.0983975756408235","0.105053297984113","0.104297821420638","0.106995893421254","0.114845510498355","0.125933185413212","0.136686385477153","0.126209290792931","0.161755763396412","0.17922068185666","0.187867274709778","0.235397968030587","0.263995061515406","0.315196148780513","0.39292304948116","0.456180529503578","0.454981898569302","0.552215654561617","0.412461171357242","0.486070534838911","0.592176242072255","0.704332749231924","0.718589882406511","0.648675125903312","0.575411507630909","0.616923073831624","0.77058482170105","0.809508691865281","0.860261435847223","0.8430191214172","1.76263952255249","2.34945239292898","2.09293419877127","2.21602051230224","2.07074496071786",
"St. Lucia","LCA","PPP conversion factor, GDP (LCU per international $)","PA.NUS.PPP","","","","","","","","","","","","","","","","","","","","","","","","","","","","","","","1.601670198154","1.63421289261859","1.6256858970036","1.60399360592373","1.61095884619527","1.65779738564858","1.62143075571955","1.63974921833919","1.66093237700031","1.67595771423071","1.70445271677217","1.65171422657016","1.63313566581995","1.68518820275192","1.65267960497173","1.71295494427194","1.74771421863335","1.76271634782867","1.77319759081684","1.76793978802361","1.84143327708096","1.82969319820404","1.8598540066806","1.84571845119126","1.88300091358507","1.94412526193526","1.87649162213908","1.89693486690521","1.80317461490631","1.70198357105255","1.52291166782379","1.47842586040497","1.4339047001878","1.40035911208423","1.39179859388796","1.38850270829587",
"Latin America & Caribbean","LCN","PPP conversion factor, GDP (LCU per international $)","PA.NUS.PPP","","","","","","","","","","","","","","","","","","","","","","","","","","","","","","","","","","","","","","","","","","","","","","","","","","","","","","","","","","","","","","","","","","",
"Least developed countries: UN classification","LDC","PPP conversion factor, GDP (LCU per international $)","PA.NUS.PPP","","","","","","","","","","","","","","","","","","","","","","","","","","","","","","","","","","","","","","","","","","","","","","","","","","","","","","","","","","","","","","","","","","",
"Low income","LIC","PPP conversion factor, GDP (LCU per international $)","PA.NUS.PPP","","","","","","","","","","","","","","","","","","","","","","","","","","","","","","","","","","","","","","","","","","","","","","","","","","","","","","","","","","","","","","","","","","",
"Liechtenstein","LIE","PPP conversion factor, GDP (LCU per international $)","PA.NUS.PPP","","","","","","","","","","","","","","","","","","","","","","","","","","","","","","","","","","","","","","","","","","","","","","","","","","","","","","","","","","","","","","","","","","",
"Sri Lanka","LKA","PPP conversion factor, GDP (LCU per international $)","PA.NUS.PPP","","","","","","","","","","","","","","","","","","","","","","","","","","","","","","","9.9564797929583","10.6539616319827","11.3961277204209","12.2326132505899","13.1470945487713","14.0751152329721","15.3172616054484","16.4014120262144","17.7135874742424","18.1934953739805","19.0851973333627","19.626003812318","20.8933001334571","22.2812822121219","23.6075401508297","25.2746694759337","27.2835221174518","30.2903320288937","34.5697800870986","36.3780696645711","38.5646153341546","39.2888870239258","41.431210180091","42.9053136384704","44.2462388515779","45.112389125597","46.1923261027497","49.2740936279297","49.967601776123","51.7085876464844","55.1600952148438","55.5265464782715","76.4444863013164","86.1123421783246","87.4611408490596","88.2137716979226",
"Lower middle income","LMC","PPP conversion factor, GDP (LCU per international $)","PA.NUS.PPP","","","","","","","","","","","","","","","","","","","","","","","","","","","","","","","","","","","","","","","","","","","","","","","","","","","","","","","","","","","","","","","","","","",
"Low & middle income","LMY","PPP conversion factor, GDP (LCU per international $)","PA.NUS.PPP","","","","","","","","","","","","","","","","","","","","","","","","","","","","","","","","","","","","","","","","","","","","","","","","","","","","","","","","","","","","","","","","","","",
"Lesotho","LSO","PPP conversion factor, GDP (LCU per international $)","PA.NUS.PPP","","","","","","","","","","","","","","","","","","","","","","","","","","","","","","","1.11599913383109","1.27193629186336","1.41694133765055","1.54051186426084","1.62545120777037","1.79611846003662","1.86969261179692","2.00376519566946","2.17810449366541","2.32234816628963","2.41397981504496","2.63167977661042","2.95956919752126","2.97305018370765","3.1731459967404","3.25890497412678","3.45577090808653","3.13977594998151","3.59546664559001","3.6572243934168","3.80615874702408","4.0807523727417","4.36468076897065","4.37566525905606","4.59576909047178","4.71398973377014","4.96202179071875","5.44063329696655","5.88551568984985","6.08720636367798","5.90795993804932","6.19413948059082","6.10262912306225","5.90385253090393","6.10623212210523","6.11792216885233",
"Late-demographic dividend","LTE","PPP conversion factor, GDP (LCU per international $)","PA.NUS.PPP","","","","","","","","","","","","","","","","","","","","","","","","","","","","","","","","","","","","","","","","","","","","","","","","","","","","","","","","","","","","","","","","","","",
"Lithuania","LTU","PPP conversion factor, GDP (LCU per international $)","PA.NUS.PPP","","","","","","","","","","","","","","","","","","","","","","","","","","","","","","","0.00130105471787626","0.00413210137539915","0.0421095481809926","0.167086160656833","0.26442416318235","0.35753","0.41852","0.459753","0.46962","0.45757","0.451206","0.435396","0.428975","0.418733","0.4302","0.452736","0.472836","0.500053","0.526487","0.500042","0.477139","0.475902","0.477778","0.473156","0.471783","0.477254","0.470119","0.475054","0.44662","0.431815","0.433452","0.439956","0.467686","0.490897","0.49104","0.513169",
"Luxembourg","LUX","PPP conversion factor, GDP (LCU per international $)","PA.NUS.PPP","","","","","","","","","","","","","","","","","","","","","","","","","","","","","","","0.925669","0.91171","0.924637","0.957176","0.970363","0.9726","0.974669","0.973501","0.964339","0.95763","0.955527","0.963467","0.956996","0.964785","0.951309","0.946363","0.916892","0.921242","0.900045","0.902561","0.925902","0.905099","0.90679","0.895254","0.884138","0.881261","0.851894","0.84831","0.848866","0.829429","0.838162","0.834326","0.799672","0.807471","0.815579","0.832451",
"Latvia","LVA","PPP conversion factor, GDP (LCU per international $)","PA.NUS.PPP","","","","","","","","","","","","","","","","","","","","","","","","","","","","","","","0.00473184476190281","0.0120186541053668","0.121327090026546","0.182154328471009","0.243","0.293533","0.325126","0.3389","0.350859","0.351555","0.360441","0.355485","0.368027","0.392029","0.414921","0.456306","0.518014","0.601736","0.614849","0.555156","0.515944","0.524959","0.534295","0.53284","0.530341","0.532607","0.519544","0.519926","0.489931","0.479802","0.469668","0.464112","0.473591","0.490918","0.496528","0.504702",
"Macao SAR, China","MAC","PPP conversion factor, GDP (LCU per international $)","PA.NUS.PPP","","","","","","","","","","","","","","","","","","","","","","","","","","","","","","","2.78285743414543","3.00546463635167","3.37162125804951","3.60764341623685","3.77074377053494","3.99556530324229","4.01270469163696","4.01016706029993","3.88812880143651","3.78841301181827","3.63994855241031","3.50727496223481","3.40759503798258","3.34322843009753","3.31846884900333","3.39666075798911","3.55018304273516","3.75923326305551","4.05964132454629","4.07132759717714","4.2158165888046","4.43978691101074","4.56529092788696","4.64387083053589","4.86066198348999","5.13702344894409","5.11785411834717","5.15491628646851","5.21224677706722","5.24346445546162","5.16255477876926","4.89717441121879","4.62511122407843","4.65530980538132","4.5514424540232","4.44773830276597",
"St. Martin (French part)","MAF","PPP conversion factor, GDP (LCU per international $)","PA.NUS.PPP","","","","","","","","","","","","","","","","","","","","","","","","","","","","","","","","","","","","","","","","","","","","","","","","","","","","","","","","","","","","","","","","","","",
"Morocco","MAR","PPP conversion factor, GDP (LCU per international $)","PA.NUS.PPP","","","","","","","","","","","","","","","","","","","","","","","","","","","","","","","4.05760644529843","4.13667323495434","4.23006182136716","4.25752625368148","4.19583806786735","4.41947463251377","4.35891938813972","4.31559535860022","4.28433305548647","4.2194754477458","4.05308184094761","3.98818734486134","3.96484292201608","3.92153334820017","3.8537281997919","3.76968403306463","3.70976664726719","3.72646399163187","3.83262308057706","3.79189055850309","3.77061925605333","3.67227602005005","3.73609431938819","3.76664991847204","3.99033881576507","3.93905564348165","3.92247208626026","3.93708610534668","4.21316242218018","4.19297552108765","4.02811050415039","3.94628071784973","3.78015279034762","3.90232278078571","3.95879057156767","3.93179684727296",
"Monaco","MCO","PPP conversion factor, GDP (LCU per international $)","PA.NUS.PPP","","","","","","","","","","","","","","","","","","","","","","","","","","","","","","","","","","","","","","","","","","","","","","","","","","","","","","","","","","","","","","","","","","",
"Moldova","MDA","PPP conversion factor, GDP (LCU per international $)","PA.NUS.PPP","","","","","","","","","","","","","","","","","","","","","","","","","","","","","","","0.000742998243887025","0.00172361940761611","0.0176110194087579","0.165229824098779","0.60898987065643","0.827546376336372","1.0390125324256","1.14910394450783","1.24384985825765","1.71441342243977","2.13458861633365","2.33995584148102","2.53058751547013","2.85050599947218","2.99757107729658","3.17802297143856","3.49662439478488","3.94598545737977","4.22927629508138","4.29453798200479","4.71271123378651","4.99565410614014","5.02543016268202","5.01984434962592","5.34262221232369","5.62562628482252","5.49348894436303","5.67734336853027","5.88437271118164","5.77169275283813","5.60316753387451","5.94675874710083","6.60201760913882","6.95793675236067","7.22563302713785","7.48976511532315",
"Madagascar","MDG","PPP conversion factor, GDP (LCU per international $)","PA.NUS.PPP","","","","","","","","","","","","","","","","","","","","","","","","","","","","","","","83.5874706879376","87.7581775794364","98.3020020826235","105.618781815953","143.732814346192","209.814648837007","246.758175139773","253.471502630645","266.220050135119","281.377226249226","306.979871263394","323.988091132004","371.665684219599","358.25931674612","397.566368992667","456.26866325773","490.269772665033","526.445784666138","555.160760673552","589.989789701144","642.470282668792","694.862670898438","740.111744430289","771.836097011191","814.719408889882","872.87177670225","923.495121945439","990.840393066406","1079.08020019531","1121.69445800781","1145.66564941406","1173.85522460938","1202.91523559392","1257.99067013858","1318.76161308914","1390.29172218468",
"Maldives","MDV","PPP conversion factor, GDP (LCU per international $)","PA.NUS.PPP","","","","","","","","","","","","","","","","","","","","","","","","","","","","","","","2.01883642487833","2.34834031659389","2.58630327891021","2.80821081125961","2.97937157724529","2.94058799160083","3.0221824180407","3.09277117390965","3.02359482562443","3.06349223779425","3.056518915996","4.51050523289823","4.46358273734099","4.3975608115876","4.70936055695595","4.98436919734616","5.29560493167686","5.70836033378994","6.248350398144","6.99479804332148","7.14189196038868","7.86162567138672","8.15743739228754","8.25308459829475","8.18359007226739","8.29124510008011","8.14523104981474","8.18050575256348","8.02824115753174","7.82544136047363","8.47108268737793","8.21066951751709","7.9270865484415","7.8077103546363","7.85244534917178","7.88991987219358",
"Middle East, North Africa, Afghanistan & Pakistan","MEA","PPP conversion factor, GDP (LCU per international $)","PA.NUS.PPP","","","","","","","","","","","","","","","","","","","","","","","","","","","","","","","","","","","","","","","","","","","","","","","","","","","","","","","","","","","","","","","","","","",
"Mexico","MEX","PPP conversion factor, GDP (LCU per international $)","PA.NUS.PPP","","","","","","","","","","","","","","","","","","","","","","","","","","","","","","","1.34958","1.608955","1.799806","2.084434","2.211486","3.006706","3.740912","4.329651","4.95442","5.63367","6.078239","6.32917","6.553697","6.647339","6.998731","7.126862","7.130489","7.367817","7.469532","7.493426","7.727203","7.673013","7.858708","7.884359","8.045318","8.327595","8.446043","8.913552","9.276363","9.528366","9.814966","10.060857","9.92278","9.751268","9.916562","10.328951",
"Marshall Islands","MHL","PPP conversion factor, GDP (LCU per international $)","PA.NUS.PPP","","","","","","","","","","","","","","","","","","","","","","","","","","","","","","","0.836403169044484","0.849854014081464","0.855961869820456","0.861508832842115","0.86563769157173","0.871660891157022","0.87992290513621","0.916485507478223","0.930597636291573","0.940664588283349","0.909565842321716","0.886705598715042","0.908263626822416","0.899107661800157","0.89103012465365","0.881310478413904","0.885602446954632","0.873960895832514","0.90358985936327","0.893481549211871","0.891188317524241","0.938595164408269","0.978994260216101","0.956541869535584","0.95011774020954","0.91253253634229","0.968749495773015","0.973199812870247","0.928503481734597","0.875481425661518","0.922454940074902","0.932999594999854","0.868723631908151","0.903555645265736","0.92137924629206","0.946982695755452",
"Middle income","MIC","PPP conversion factor, GDP (LCU per international $)","PA.NUS.PPP","","","","","","","","","","","","","","","","","","","","","","","","","","","","","","","","","","","","","","","","","","","","","","","","","","","","","","","","","","","","","","","","","","",
"North Macedonia","MKD","PPP conversion factor, GDP (LCU per international $)","PA.NUS.PPP","","","","","","","","","","","","","","","","","","","","","","","","","","","","","","","0.0482052550312596","0.090422354123579","1.21265624560625","6.42194533573905","15.83779403204","18.1638888545551","18.3483368961688","18.7460305071651","18.7503664603164","19.0392100262278","19.9395102197773","20.4978854655565","20.0150575572325","20.1020155579399","19.2637031626822","19.293512049373","18.8895745119123","19.5099551632709","19.2637451176543","18.3550719228043","18.7355706856242","19.2895855072451","19.003566371532","19.1053627860484","18.9958754996894","19.4406528729439","18.9585827114539","18.9702456915544","18.9510429115661","18.2560495268278","18.0631496616247","17.9306733247551","18.4009528003725","19.4832195643769","19.5755543274224","20.453219828119",
"Mali","MLI","PPP conversion factor, GDP (LCU per international $)","PA.NUS.PPP","","","","","","","","","","","","","","","","","","","","","","","","","","","","","","","100.79631895004","98.7319596141071","98.1791188246911","97.0415623482322","128.978821971263","143.218057511501","150.36666532152","147.77698013959","157.941951324747","163.023082391071","159.501753764431","162.681094716822","165.9317754365","149.433230597456","150.879610619495","163.396558183233","167.429963092011","173.342419885731","180.707582215751","190.439758228449","196.068070045057","216.09016418457","223.834359917224","216.317130287908","214.218045678152","212.641464424885","204.213906627892","205.839202880859","206.166381835938","201.951385498047","201.444030761719","203.722534179688","202.180196191091","198.940004319109","199.570439584459","198.243965775836",
"Malta","MLT","PPP conversion factor, GDP (LCU per international $)","PA.NUS.PPP","","","","","","","","","","","","","","","","","","","","","","","","","","","","","","","0.569260919550498","0.569090556317672","0.57618793475525","0.578913137193364","0.58699894675635","0.579437922344297","0.576241981510842","0.57513132491799","0.580674035881416","0.583357651210077","0.57985536599123","0.588994033743429","0.581834593824812","0.573941595708155","0.566313533453042","0.572730754500684","0.571740147831264","0.568002407764144","0.57155039445608","0.56917580483655","0.572637321110708","0.574150785503614","0.57973065786394","0.577478010720701","0.586360138133487","0.599701930424113","0.583015057972821","0.586425670573597","0.586718141942658","0.563539825632002","0.557545637891399","0.566569294757016","0.55857462393667","0.564163853769816","0.580520850861783","0.58711979275282",
"Myanmar","MMR","PPP conversion factor, GDP (LCU per international $)","PA.NUS.PPP","","","","","","","","","","","","","","","","","","","","","","","","","","","","","","","8.65096502583072","10.355273467482","12.3261801817519","16.4054867197848","19.6091486447024","22.9710753167983","27.7549081839325","36.5049551983236","49.0318903658313","59.2938839849027","59.407861387737","72.5341817237292","101.071694268292","119.429970443514","120.490696268386","139.21591512355","163.817728181107","197.207772998728","219.82935160854","229.140649357781","242.334452506613","261.783935546875","267.487164371942","278.540663035744","293.976979060097","318.935665460928","347.012266726298","366.639312744141","343.601440429688","350.685333251953","354.559967041016","410.472595214844","406.836690680419","434.642184750736","475.178456114576","520.106449561224",
"Middle East, North Africa, Afghanistan & Pakistan (excluding high income)","MNA","PPP conversion factor, GDP (LCU per international $)","PA.NUS.PPP","","","","","","","","","","","","","","","","","","","","","","","","","","","","","","","","","","","","","","","","","","","","","","","","","","","","","","","","","","","","","","","","","","",
"Montenegro","MNE","PPP conversion factor, GDP (LCU per international $)","PA.NUS.PPP","","","","","","","","","","","","","","","","","","","","","","","","","","","","","","","","","","","","","","0.210290888483542","0.204156943756495","0.225785996111399","0.293415263791672","0.314885045817482","0.314171086272404","0.336014706223176","0.347177479531474","0.35541119830001","0.337372166613644","0.350381256877816","0.364051816631761","0.37165893358015","0.370087991945554","0.363803083500142","0.369769750488052","0.364005781987799","0.36178582293867","0.359639818673424","0.349140092211516","0.350955040331975","0.34835296188042","0.329693213517099","0.3207246033349","0.332482720892195","0.339842811164057","0.355800655522619","0.359928547448717","0.370171163809184",
"Mongolia","MNG","PPP conversion factor, GDP (LCU per international $)","PA.NUS.PPP","","","","","","","","","","","","","","","","","","","","","","","","","","","","","","","1.75347873796789","3.27893678314612","8.77419337307225","35.9038155294789","57.7635633701061","90.6778323595933","98.6714628512067","118.020473089246","114.454245234658","125.138051833761","137.049786707381","148.036179144431","155.056058071037","167.619157350493","190.475218283199","221.803224114867","262.476253211395","285.269786014334","339.907567890292","343.994977265875","473.017457912379","533.526977539063","578.89830197839","633.386281042917","688.173608892972","723.239895521409","737.07136205792","801.668823242188","824.525756835938","851.149353027344","822.064819335938","870.184753417969","956.317378376053","1122.94693630791","1193.60938977542","1211.65358016366",
"Northern Mariana Islands","MNP","PPP conversion factor, GDP (LCU per international $)","PA.NUS.PPP","","","","","","","","","","","","","","","","","","","","","","","","","","","","","","","","","","","","","","","","","","","","","","","","","","","","","","","","","","","","","","","","","","",
"Mozambique","MOZ","PPP conversion factor, GDP (LCU per international $)","PA.NUS.PPP","","","","","","","","","","","","","","","","","","","","","","","","","","","","","","","0.84409782077712","1.31503022596966","1.77186711909316","2.47434558965003","3.63976664669273","5.39957320197057","7.89106789107676","8.5753081137019","9.00224216826463","9.67000354119589","10.5541556896353","11.847509313221","12.8132250755322","13.0225394331714","13.4163231438897","13.9621047804082","14.5550126946304","15.2248825390104","15.7067671016416","15.8401731348521","16.8464577279357","16.8935413360596","18.0828618847655","18.5558662769167","18.748299031241","18.5234654605181","20.1860127645374","23.3438453674316","23.5512657165527","23.3787746429443","22.7560958862305","22.907154083252","23.3430236971618","23.6572980592353","24.5764633742049","23.6620035302763",
"Mauritania","MRT","PPP conversion factor, GDP (LCU per international $)","PA.NUS.PPP","","","","","","","","","","","","","","","","","","","","","","","","","","","","","","","3.72670122330232","3.99089096821786","4.12601965991746","4.51063102038251","4.90621980825623","4.94203164783438","4.94330798308597","5.4463941892735","6.37964315057094","6.59097172703902","6.854338861327","7.09398062095076","7.45448431026537","7.63805445227425","8.25157759895943","9.16764425793521","10.1465594452579","10.7577013950869","11.685387300156","11.5720708526818","13.9876481442755","15.884492572772","15.311570204131","14.3991643302618","13.4165954484148","12.6922364006963","11.7823023786489","10.7990684509277","11.3220472335815","11.5568342208862","11.63316822052","12.035120010376","11.1671571692448","11.1785431496469","11.3284385535821","11.391685569891",
"Mauritius","MUS","PPP conversion factor, GDP (LCU per international $)","PA.NUS.PPP","","","","","","","","","","","","","","","","","","","","","","","","","","","","","","","7.5534853201034","7.93213697137309","8.17073541829905","8.71746284567177","9.09473933422633","9.38928242000081","9.86609894933042","10.1955029666403","10.7842741734574","11.3326392537955","11.4594943326331","11.9055748248187","12.4525050942382","12.8980846557749","13.4201373122174","13.5258798954946","14.5994099957879","15.3918779481394","15.9187815427007","15.7274785154713","15.6989821845663","15.8533592224121","16.4036140965895","16.4490495139302","16.6488607206872","16.6562911113604","16.344862941131","16.5445671081543","17.128044128418","16.8357048034668","16.625394821167","16.6290760040283","16.9028689373293","17.3506531049783","17.5587586975471","17.7493221711606",
"Malawi","MWI","PPP conversion factor, GDP (LCU per international $)","PA.NUS.PPP","","","","","","","","","","","","","","","","","","","","","","","","","","","","","","","1.46468544115518","1.63637264904572","1.8123242069169","2.26915406984661","2.80318090537425","4.86576616849439","7.27950940748415","8.64707002624355","10.2225530104843","14.0807071633529","17.972980674646","22.0809086562352","35.2594986987358","38.1541966061337","42.6713378666304","45.8181597405504","53.3224144111376","54.0442872585646","59.3666829083203","63.6638792185833","70.5274287772039","78.769287109375","95.0219591977817","116.224777135623","149.438883717352","192.140947084581","229.41508192791","262.308654785156","286.320281982422","298.671356201172","298.386444091797","294.85791015625","322.535332500177","401.327950703585","488.11530168559","619.005548775964",
"Malaysia","MYS","PPP conversion factor, GDP (LCU per international $)","PA.NUS.PPP","","","","","","","","","","","","","","","","","","","","","","","","","","","","","","","0.96963202696165","0.971534935159519","0.9728209711101","0.988183895828785","1.00562001864522","1.02075633257507","1.03929218643733","1.05725220938896","1.13435647198933","1.11903660304923","1.1911478962263","1.14649003773488","1.16426968328104","1.1793932247506","1.21752595719252","1.28513541113218","1.2963193998895","1.3237335773334","1.43363299427469","1.33946525229476","1.41955052014405","1.46613442897797","1.44634167561568","1.45753049788712","1.4829363618214","1.53642074840383","1.55468238740456","1.60561609268188","1.58274710178375","1.56344366073608","1.52344620227814","1.5147716999054","1.5032290524362","1.42278837661538","1.39929497814426","1.35504364404393",
"North America","NAC","PPP conversion factor, GDP (LCU per international $)","PA.NUS.PPP","","","","","","","","","","","","","","","","","","","","","","","","","","","","","","","","","","","","","","","","","","","","","","","","","","","","","","","","","","","","","","","","","","",
"Namibia","NAM","PPP conversion factor, GDP (LCU per international $)","PA.NUS.PPP","","","","","","","","","","","","","","","","","","","","","","","","","","","","","","","1.42377805127589","1.45965541495493","1.5656782356895","1.68790416761757","1.91161236591427","1.99745645660436","2.25923281696575","2.37891279348238","2.54701328487155","2.68188337870734","2.91832429814138","3.17382184884958","3.43789366124143","3.41418621758756","3.39261388812767","3.47362136212107","3.68667936379995","3.92276264102232","4.27047321030542","4.53907867777532","4.65166902804581","4.73150825500488","5.20011771040599","5.37466118401067","5.62612760005985","5.87619885260804","6.33865336896453","6.92160367965698","7.12966299057007","7.1147084236145","6.82631635665894","6.71698379516602","6.67335305299814","6.93058928484689","7.05363349341884","7.27733758379859",
"New Caledonia","NCL","PPP conversion factor, GDP (LCU per international $)","PA.NUS.PPP","","","","","","","","","","","","","","","","","","","","","","","","","","","","","","","","","","","","","","","","","","","","","","","","","","","","","","","","","","","","","","","","","","",
"Niger","NER","PPP conversion factor, GDP (LCU per international $)","PA.NUS.PPP","","","","","","","","","","","","","","","","","","","","","","","","","","","","","","","156.146999783254","147.050585050061","136.295138353285","127.988392971313","153.150145510093","156.379412575198","164.269534552749","172.775316498224","181.239987414699","179.389699898155","180.991597877591","185.878433644491","187.742283131488","183.760414985259","179.640763754821","189.132550556604","186.219637608699","194.065545121904","209.682691995745","217.12931087396","221.976991021328","226.127777099609","232.257461794201","239.665186302269","240.351208944006","244.950867403413","250.645662672075","250.788452148438","251.85302734375","231.897216796875","222.843276977539","212.888137817383","207.161840538285","206.556683343202","216.50417668186","207.234045559658",
"Nigeria","NGA","PPP conversion factor, GDP (LCU per international $)","PA.NUS.PPP","","","","","","","","","","","","","","","","","","","","","","","","","","","","","","","2.55985133234829","2.94320564041141","4.22298785753568","5.84290443632172","8.19763959806389","14.0835080856227","17.4941069581432","18.0669396107331","18.9397864691937","21.1837373885665","25.4112675689029","27.3558590411988","32.6234542701253","35.1284178343356","41.2991518951378","47.9956597146448","57.6710459713477","60.136287623899","63.6731196433777","63.7169861164602","73.2400279635011","78.7765274047852","86.6815436772594","89.9609881455205","92.3195424739233","96.1893655294467","104.499952232403","114.824493408203","123.914825439453","129.647445678711","134.639099121094","146.717681884766","147.997232013642","158.178769064314","176.079684596458","195.022548515709",
"Nicaragua","NIC","PPP conversion factor, GDP (LCU per international $)","PA.NUS.PPP","","","","","","","","","","","","","","","","","","","","","","","","","","","","","","","0.0628258825950986","1.84238083405344","2.22762174985528","2.61977290102433","2.76454327494372","3.07041282157456","3.30487711737313","3.5665249107779","4.02165640761462","4.33141008037977","4.59828835316429","4.82268198926846","4.90314633407485","5.06454675875827","5.37830656799757","5.72934803655576","5.99524454720807","6.40177859043574","7.29819736864547","7.69130022631539","8.06538140365918","8.70955848693848","9.32214368308719","9.63304348170275","10.0315089647279","10.3769956491351","10.3718349580235","10.5358943939209","10.8195791244507","10.8463048934937","10.6103572845459","10.564323425293","10.6898638091211","11.4198551277581","11.9599866316397","12.5185500987327",
"Netherlands","NLD","PPP conversion factor, GDP (LCU per international $)","PA.NUS.PPP","","","","","","","","","","","","","","","","","","","","","","","","","","","","","","","0.917489","0.91514","0.917081","0.910157","0.909511","0.909226","0.905128","0.908615","0.905892","0.906357","0.890247","0.904914","0.900863","0.92557","0.907889","0.897139","0.872108","0.860036","0.847775","0.847927","0.854289","0.836065","0.824408","0.798166","0.808798","0.809978","0.795448","0.78215","0.776747","0.767329","0.747828","0.741535","0.714036","0.730695","0.731421","0.746769",
"Norway","NOR","PPP conversion factor, GDP (LCU per international $)","PA.NUS.PPP","","","","","","","","","","","","","","","","","","","","","","","","","","","","","","","9.576641","9.468258","9.198073","9.191119","8.984934","9.069835","8.973256","9.055966","9.311803","9.283739","9.08346","9.175302","9.05673","9.198149","9.126614","9.005204","8.782047","8.92124","8.859281","9.079448","9.15383","9.082736","9.037085","9.029349","9.278458","9.932516","10.0419","9.74983","9.583999","9.481152","9.588324","8.984704","8.371497","8.918221","9.142143","9.451661",
"Nepal","NPL","PPP conversion factor, GDP (LCU per international $)","PA.NUS.PPP","","","","","","","","","","","","","","","","","","","","","","","","","","","","","","","6.85454384273099","7.46206849172301","8.64473644342613","9.35446768133163","9.59999853689751","9.99531062685215","10.583488574169","11.1613980467457","11.4907510122412","12.3373538417782","12.603636841415","12.7467176998949","13.0455556902547","13.1857655266256","13.3754629262205","13.7624445273762","14.3333487752887","15.0163236748654","15.5604151914022","17.9252578879031","20.392556568015","25.2546119689941","25.8979169211162","26.5807557502062","27.8081906621043","29.4549209427301","31.3487650786609","30.4751052856445","31.1103649139404","31.8753757476807","31.6953372955322","32.4816780090332","32.8239509677297","33.4724567538748","33.8112518665645","33.8982001034302",
"Naoero","NRU","PPP conversion factor, GDP (LCU per international $)","PA.NUS.PPP","","","","","","","","","","","","","","","","","","","","","","","","","","","","","","","0.46285882328909","0.512263205850883","0.594127108614367","0.644855676076862","0.608847918127504","0.606888331636805","0.620140150378749","0.646950082722679","0.664925809062975","0.699760983940856","0.722351788141579","0.744516005414791","0.776268621182419","0.80397178286405","0.826990841756106","0.745906254628694","0.650527879376357","0.604406582485251","0.715667387272181","1.07588623952619","0.956671316502283","0.998753796315207","1.17071329256384","1.0378478236208","1.03372847376045","0.935344367200649","1.16891592774687","1.32686419959344","1.52477009597531","1.4309632431572","1.47746155811285","1.41003609186483","1.63892625627759","1.53436035491782","1.57419303217835","1.59287093272538",
"New Zealand","NZL","PPP conversion factor, GDP (LCU per international $)","PA.NUS.PPP","","","","","","","","","","","","","","","","","","","","","","","","","","","","","","","1.543486","1.498887","1.490943","1.48904","1.462929","1.466538","1.472926","1.451281","1.449162","1.43466","1.444868","1.473448","1.468962","1.495284","1.505044","1.535","1.48217","1.506774","1.490709","1.472321","1.496739","1.485915","1.495622","1.445979","1.44073","1.478014","1.441008","1.430959","1.47006","1.436661","1.422947","1.463664","1.43316","1.461074","1.463912","1.472957",
"OECD members","OED","PPP conversion factor, GDP (LCU per international $)","PA.NUS.PPP","","","","","","","","","","","","","","","","","","","","","","","","","","","","","","","","","","","","","","","","","","","","","","","","","","","","","","","","","","","","","","","","","","",
"Oman","OMN","PPP conversion factor, GDP (LCU per international $)","PA.NUS.PPP","","","","","","","","","","","","","","","","","","","","","","","","","","","","","","","0.10783982252085","0.0954432799804072","0.0945050407818661","0.0873434028595813","0.0851312479081453","0.0848494302148906","0.089500587832005","0.0860176841034772","0.075703482473835","0.0827223947898546","0.095082260276509","0.0886729208183253","0.0914137956330084","0.0982841585340039","0.107670879540499","0.127086845018234","0.141239907749769","0.148596190595468","0.193386481669489","0.144069749645044","0.162801261455317","0.184847801923752","0.189539291858895","0.19185159907722","0.201313489093613","0.200559125055299","0.197362899134665","0.203804805874825","0.202545270323753","0.197977468371391","0.183537229895592","0.192684262990952","0.209564783833864","0.192597497388479","0.186591473077914","0.181339214175172",
"Other small states","OSS","PPP conversion factor, GDP (LCU per international $)","PA.NUS.PPP","","","","","","","","","","","","","","","","","","","","","","","","","","","","","","","","","","","","","","","","","","","","","","","","","","","","","","","","","","","","","","","","","","",
"Pakistan","PAK","PPP conversion factor, GDP (LCU per international $)","PA.NUS.PPP","","","","","","","","","","","","","","","","","","","","","","","","","","","","","","","6.29803040048103","6.91396947549225","7.44952780527766","7.9202232592016","8.76495374351323","9.70155471052732","10.3249004476829","11.5082806986944","12.2368721515419","12.7734754064475","12.9553194834026","13.4318522883704","13.7449699673721","13.9577125812755","14.5778237423032","14.9199706497059","15.3417034193448","16.4802130283552","17.9343857486721","20.0301568180793","21.8851120177154","24.9616813659668","26.5898250535484","28.4243930116936","30.2479895467861","31.2534611756898","32.1021392014357","33.2462348937988","34.6823616027832","37.6706199645996","40.0747337341309","43.4407234191895","46.2084822667212","56.15218757235","66.8726408434692","67.8368115155746",
"Panama","PAN","PPP conversion factor, GDP (LCU per international $)","PA.NUS.PPP","","","","","","","","","","","","","","","","","","","","","","","","","","","","","","","0.510099286176858","0.495844509710953","0.509332551420358","0.515225304310711","0.52301683620744","0.514666832162111","0.515252366396672","0.514305380488923","0.514048337382255","0.509798046478631","0.490916127226173","0.486970836435404","0.488702259944675","0.484589738624529","0.484232497962239","0.477378991056594","0.473168814869303","0.473852902495144","0.499653512861707","0.528041751709992","0.535008643326962","0.552960157394409","0.568205385260773","0.559820488634631","0.542055920926051","0.516884225192376","0.489893443799203","0.46803081035614","0.497522056102753","0.495729207992554","0.491933196783066","0.501403868198395","0.478388581330201","0.471743398563755","0.462501709276174","0.45076892365416",
"Peru","PER","PPP conversion factor, GDP (LCU per international $)","PA.NUS.PPP","","","","","","","","","","","","","","","","","","","","","","","","","","","","","","","0.0737618958590963","0.341077206259703","0.564446472847716","0.807131539880948","1.0011639161999","1.11375790704193","1.19969235671521","1.26524896423242","1.31838970081498","1.3381424170782","1.35462332872182","1.33082419413875","1.31188834434943","1.30969372222573","1.35547985553516","1.36031989473074","1.42065856967078","1.40380332473503","1.39246244500993","1.41248672354535","1.47522183234021","1.54290533065796","1.5985105706211","1.61455068299601","1.64340328251833","1.71067607184917","1.73893024874345","1.74423778057098","1.75371789932251","1.73128080368042","1.70620810985565","1.73354005813599","1.69146364933462","1.73971850059984","1.78990272678921","1.83592285276037",
"Philippines","PHL","PPP conversion factor, GDP (LCU per international $)","PA.NUS.PPP","","","","","","","","","","","","","","","","","","","","","","","","","","","","","","","7.48709549678564","8.42954253753028","8.89132720283952","9.27690030312943","9.99672788201786","10.539723043203","11.1460605831066","11.6430058624665","12.7176415981058","13.3345612497349","13.7976794469821","14.2520402975863","14.6277428659908","14.8024330167932","15.2639476782943","15.6747099538582","15.9830453143522","16.0538547582216","16.8811450381626","17.2370794559191","17.7744813624854","18.0976543426514","18.11736783697","18.5246800349834","19.0280566369191","19.2053500054402","19.2036678961722","19.6985569000244","19.9645137786865","19.7382965087891","19.4414348602295","19.37526512146","19.0815308222484","19.2473611347953","19.3265525181874","19.069580238078",
"Palau","PLW","PPP conversion factor, GDP (LCU per international $)","PA.NUS.PPP","","","","","","","","","","","","","","","","","","","","","","","","","","","","","","","0.668055953434097","0.671802779995667","0.689997540141849","0.707554075048274","0.710443193239236","0.715426485975678","0.723020842329685","0.726953554196153","0.730345992524581","0.736379077512053","0.766722178549973","0.744741674300103","0.714435340784234","0.68022316517816","0.689040302066617","0.724670769188777","0.720731601272038","0.716056982155764","0.755341141672787","0.739994933700072","0.754920947923393","0.749237503264511","0.793670450339919","0.833137165721088","0.852369181705679","0.897631318886279","0.936679464987117","0.91088887698573","0.888810403042727","0.852780840504679","0.822319146418128","0.813348027157891","0.800168476797832","0.85065986296197","0.862764636970531","0.847328995677767",
"Papua New Guinea","PNG","PPP conversion factor, GDP (LCU per international $)","PA.NUS.PPP","","","","","","","","","","","","","","","","","","","","","","","","","","","","","","","0.727106172325328","0.752517472897364","0.756910838963329","0.720931423021112","0.75705655737324","0.859048525094081","0.858889198393654","0.915475410785885","1.03696670581343","1.13567651640116","1.25602615726049","1.31329538577985","1.45213889452297","1.5029056802084","1.43439020066871","1.56021327666545","1.65626594576952","1.67461741857201","1.77049848955094","1.6737867861077","1.81768878883212","1.85903340416986","1.81455909391943","1.84819213711619","1.91532790412937","1.87435315015897","1.90345749044487","2.01394900194188","2.16174458676305","2.14923557031554","2.1553805814599","2.30067387267731","2.47034741836789","2.27877414820342","2.29633236134239","2.38719956855142",
"Poland","POL","PPP conversion factor, GDP (LCU per international $)","PA.NUS.PPP","","","","","","","","","","","","","","","","","","","","","","","","","","","","","","","0.265905","0.399329","0.541238","0.690716","0.928081","1.163351","1.350763","1.512912","1.654902","1.737656","1.832541","1.837258","1.799795","1.804595","1.830239","1.867595","1.850859","1.853583","1.842243","1.868238","1.805328","1.801424","1.796168","1.762045","1.767142","1.765116","1.732843","1.742879","1.748426","1.698557","1.698184","1.752789","1.800275","1.920474","1.949414","1.969559",
"Pre-demographic dividend","PRE","PPP conversion factor, GDP (LCU per international $)","PA.NUS.PPP","","","","","","","","","","","","","","","","","","","","","","","","","","","","","","","","","","","","","","","","","","","","","","","","","","","","","","","","","","","","","","","","","","",
"Puerto Rico (US)","PRI","PPP conversion factor, GDP (LCU per international $)","PA.NUS.PPP","","","","","","","","","","","","","","","","","","","","","","","","","","","","","","","0.645231035638531","0.643617587876955","0.645489851234783","0.642438434326747","0.648999402490333","0.653306037987809","0.666655554718275","0.664085269992219","0.698472151479652","0.698869406346687","0.70590747385392","0.728366497019057","0.735508464976453","0.753130191858634","0.723931263159777","0.748180364983985","0.765665034380632","0.773665590712337","0.808848268618122","0.843944297871148","0.854607173583407","0.857175412464289","0.86484054405039","0.873995487782206","0.882221594454939","0.90466688850717","0.929672822662417","0.951732039451599","0.910205298541424","0.8788661493183","0.852639704445258","0.804228127002716","0.780084451123549","0.777191744434403","0.781857550769963","0.778230137047568",
"Korea, Dem. People's Rep.","PRK","PPP conversion factor, GDP (LCU per international $)","PA.NUS.PPP","","","","","","","","","","","","","","","","","","","","","","","","","","","","","","","","","","","","","","","","","","","","","","","","","","","","","","","","","","","","","","","","","","",
"Portugal","PRT","PPP conversion factor, GDP (LCU per international $)","PA.NUS.PPP","","","","","","","","","","","","","","","","","","","","","","","","","","","","","","","0.475965","0.506832","0.552259","0.579266","0.608431","0.616369","0.628281","0.641109","0.656744","0.660642","0.66089","0.670927","0.672081","0.669845","0.676218","0.664259","0.640297","0.646693","0.636148","0.627021","0.623299","0.623083","0.605398","0.583607","0.578868","0.584947","0.571416","0.575688","0.571227","0.550687","0.542815","0.540472","0.51669","0.513201","0.515993","0.534218",
"Paraguay","PRY","PPP conversion factor, GDP (LCU per international $)","PA.NUS.PPP","","","","","","","","","","","","","","","","","","","","","","","","","","","","","","","314.204942683996","380.27261001719","424.160108761693","464.97129231352","512.491152353517","557.566430558339","610.079473057338","620.194290448157","713.015714124911","778.155046968934","872.503723930106","972.201432128871","1129.15853915964","1274.98966567382","1388.54555288991","1520.71993368558","1605.86993903207","1761.06784583233","1938.99526646412","1997.40949693358","2065.30355945751","2126.669921875","2279.11222687417","2291.04989447452","2354.52258242817","2413.54097564554","2456.88392018762","2473.22973632813","2537.22705078125","2567.44946289063","2538.99243164063","2628.08447265625","2650.43374354361","2612.65263745484","2619.92716517367","2627.11785121353",
"West Bank and Gaza","PSE","PPP conversion factor, GDP (LCU per international $)","PA.NUS.PPP","","","","","","","","","","","","","","","","","","","","","","","","","","","","","","","","","","","0.572378605149735","0.604270772090384","0.608931858619143","0.57565700568266","0.538677920185938","0.515070000812444","0.55625140728152","0.55676004512339","0.556392330728304","0.534023315622093","0.494793215717326","0.480020560568715","0.490773991514182","0.500621918180374","0.574696735519601","0.581756174362456","0.650619664807244","0.67201765050687","0.616768787650381","0.657377955447451","0.62287973923132","0.567099536161526","0.58190009696282","0.592855823160836","0.573107484443397","0.561863300477572","0.542883355404701","0.649577372979557","0.616648393924754","0.583864805636319","0.634768249928382","0.63425809329856",
"Pacific island small states","PSS","PPP conversion factor, GDP (LCU per international $)","PA.NUS.PPP","","","","","","","","","","","","","","","","","","","","","","","","","","","","","","","","","","","","","","","","","","","","","","","","","","","","","","","","","","","","","","","","","","",
"Post-demographic dividend","PST","PPP conversion factor, GDP (LCU per international $)","PA.NUS.PPP","","","","","","","","","","","","","","","","","","","","","","","","","","","","","","","","","","","","","","","","","","","","","","","","","","","","","","","","","","","","","","","","","","",
"French Polynesia","PYF","PPP conversion factor, GDP (LCU per international $)","PA.NUS.PPP","","","","","","","","","","","","","","","","","","","","","","","","","","","","","","","","","","","","","","","","","","","","","","","","","","","","","","","","","","","","","","","","","","",
"Qatar","QAT","PPP conversion factor, GDP (LCU per international $)","PA.NUS.PPP","","","","","","","","","","","","","","","","","","","","","","","","","","","","","","","1.06407848905568","0.978849195824267","0.954878997551674","0.884771318112699","0.880158418029066","0.929042966296339","0.97307975371868","0.917565126296402","0.740573635185382","0.84619829747174","1.09765701899215","1.02032747378895","1.03494258366008","1.1892304686912","1.30988114560422","1.65796980627119","1.74285387468096","1.88302699760052","2.27049878363789","1.71006860778593","1.85174922273486","2.15251445770264","2.18212353240429","2.23079099135058","2.35098046824301","2.44872174938052","2.47916833543127","2.31826210021973","2.35007429122925","2.26322555541992","2.2900722026825","2.23547983169556","2.62710050034016","2.26245627126926","2.17416225674553","2.0482980288714",
"Romania","ROU","PPP conversion factor, GDP (LCU per international $)","PA.NUS.PPP","","","","","","","","","","","","","","","","","","","","","","","","","","","","","","","0.000700262302393448","0.0019982254385606","0.00585835339035278","0.0187309187993239","0.04383524774617","0.0617978854212728","0.0876238113960778","0.203189993577348","0.296545982735108","0.438332222718222","0.615969559988212","0.81353513076986","0.978350501770451","1.17676965021459","1.2688837042571","1.40127978797494","1.39974582140033","1.48763042945363","1.56623082222496","1.56645116077196","1.53807698217306","1.55003907818146","1.56359476381066","1.60622248460594","1.62836841799059","1.66287389174002","1.59691804691257","1.6135767602237","1.66558332443703","1.63679165508918","1.61464270254127","1.65245949033591","1.73151521944736","1.81497330738497","1.88147960473981","1.97967891250975",
"Russian Federation","RUS","PPP conversion factor, GDP (LCU per international $)","PA.NUS.PPP","","","","","","","","","","","","","","","","","","","","","","","","","","","","","","","0.000542316525185481","0.00119933769538155","0.0186494929018428","0.179961613174753","0.717656757861153","1.71517","2.455975","2.778421","3.258399","5.539641","7.301404","8.322817","9.273504","9.866787","11.556843","12.736131","12.618288","13.984503","14.341196","14.016913","15.821142","18.443729","19.56826","19.505592","20.998875","23.562632","24.192337","24.124181","24.542904","23.9342746734619","23.1451683044434","23.6851463317871","26.1434063501628","26.8893044156305","29.0330725994197","29.6122633846497",
"Rwanda","RWA","PPP conversion factor, GDP (LCU per international $)","PA.NUS.PPP","","","","","","","","","","","","","","","","","","","","","","","","","","","","","","","61.4633803858178","68.3581958528478","71.7029118882273","79.7579437919748","91.5153394156095","135.589242862629","147.693585969248","167.87070024422","169.703951908764","161.452283030936","163.047150438526","158.830670598339","148.224853251038","174.951275565795","189.272262734344","200.091302762577","196.153085837705","215.864213738891","242.757618656058","258.227693941824","263.442966222843","276.649230957031","298.512841769751","301.426256698099","294.913953031534","296.716768611064","307.714435492698","320.420104980469","312.66552734375","311.861206054688","321.472442626953","300.028503417969","324.723255278982","349.804026572691","369.127295971439","385.463038224109",
"South Asia","SAS","PPP conversion factor, GDP (LCU per international $)","PA.NUS.PPP","","","","","","","","","","","","","","","","","","","","","","","","","","","","","","","","","","","","","","","","","","","","","","","","","","","","","","","","","","","","","","","","","","",
"Saudi Arabia","SAU","PPP conversion factor, GDP (LCU per international $)","PA.NUS.PPP","","","","","","","","","","","","","","","","","","","","","","","","","","","","","","","0.895829002963529","0.900034975725069","0.872396026235581","0.823457417724146","0.811887183655721","0.840646121638808","0.884527996393337","0.88608921563168","0.754804388634974","0.825265574294215","0.903091102661259","0.855196931464203","0.87312896019932","0.895980911572448","0.96298786451354","1.11792230032932","1.20382925553492","1.26638626577817","1.46239704701699","1.21276098492067","1.40418581028858","1.58635425567627","1.65684144821838","1.67991395371219","1.66624773610963","1.61708220154568","1.67218384513799","1.68927085399628","1.85423243045807","1.86156821250916","1.92073905467987","1.9094260931015","2.00694883078576","1.89306122462233","1.85204533468297","1.75530234452142",
"Sudan","SDN","PPP conversion factor, GDP (LCU per international $)","PA.NUS.PPP","","","","","","","","","","","","","","","","","","","","","","","","","","","","","","","0.00385379383531928","0.0070369402693798","0.0143955927446604","0.0277712065700859","0.0704963300008518","0.141242375507907","0.183867890020751","0.249293803223945","0.290064811075713","0.331275568405802","0.355855775880241","0.421569857678577","0.459956903981524","0.495254450039276","0.565595339281331","0.647410925083654","0.676102556460768","0.759027011898809","0.81088875728385","0.820925266699273","0.994932968984384","1.23147571086884","1.64817020836186","2.23142884805479","2.66429063890674","3.03403527703952","3.46689202545808","4.77295541763306","7.0852689743042","10.9736919403076","25.9514312744141","85.7226867675781","173.565437502227","217.064587890129","728.418821912166","1175.58773572252",
"Senegal","SEN","PPP conversion factor, GDP (LCU per international $)","PA.NUS.PPP","","","","","","","","","","","","","","","","","","","","","","","","","","","","","","","172.260192307147","165.086159632761","160.072312084912","156.497700768034","205.386253519923","215.477500756378","220.409456118305","220.958464901013","224.575047193482","220.277874655257","218.217510244032","228.340171045531","229.128595283114","222.618817402683","216.496642091863","219.824683029208","219.401715959802","227.688786382676","241.739317922355","236.199414885619","237.107499735205","241.276062011719","245.065668279378","246.137792298143","242.032296063747","240.491669749981","242.008808995479","243.583801269531","238.688049316406","229.867340087891","224.08723449707","212.330551147461","216.76006791239","215.406192053338","206.831826179381","208.211053506783",
"Singapore","SGP","PPP conversion factor, GDP (LCU per international $)","PA.NUS.PPP","","","","","","","","","","","","","","","","","","","","","","","","","","","","","","","0.971397349514294","0.981296576618587","0.972746581379948","0.983064693503068","0.995842451904741","1.00637267963632","1.00316529977823","0.996859246271602","0.972680870726659","0.924793272719299","0.939246682368776","0.901896773746593","0.880130342143202","0.847562809966843","0.858048619555027","0.847774412156374","0.837579344343889","0.863736587259207","0.835702035346233","0.855113866275836","0.854205842382588","0.846737742424011","0.845431352050256","0.857922523257744","0.86260152288751","0.877768678852892","0.876020603895985","0.883214712142944","0.867735683917999","0.854120194911957","0.834628343582153","0.811010360717773","0.870895060644741","0.801443968215127","0.827911626910006","0.790885710223008",
"Solomon Islands","SLB","PPP conversion factor, GDP (LCU per international $)","PA.NUS.PPP","","","","","","","","","","","","","","","","","","","","","","","","","","","","","","","1.89042065307148","1.96107452134678","2.16965095108886","2.4073999240431","2.52082696873982","2.70457752568031","2.97689579313105","3.17439403159216","3.48921011367997","3.70456900819008","3.82388979212516","4.11017423339446","4.50377664080112","4.69278491733976","4.74181310419985","5.08972535569931","5.34931398689762","5.69224832328524","5.94371669658003","6.19513041419471","6.22754859591599","6.37486212403798","6.54947094609766","6.59133267009766","6.71632127496647","6.87800042174064","6.83672634525995","6.8895287669141","7.26445808722308","7.23517161009833","7.0445257612051","6.6970753509944","6.13516350239758","6.06696572765034","6.10196161300839","6.23162133063873",
"Sierra Leone","SLE","PPP conversion factor, GDP (LCU per international $)","PA.NUS.PPP","","","","","","","","","","","","","","","","","","","","","","","","","","","","","","","0.0265355999259939","0.0587175634753493","0.104498443529361","0.129370970978762","0.158411578645598","0.207288488472699","0.263776307932399","0.265146267908156","0.324537752080069","0.375031232033851","0.378756950482977","0.63471562002857","0.600414444617901","0.666496516581399","0.732292402962362","0.828006631101672","1.01237212541882","1.0658439233155","1.15282678574325","1.2184239564294","1.43399742769171","1.62057507324219","1.75753926137377","1.79263795649096","1.8308592868493","1.91253606391571","2.01574165142237","2.30020141601563","2.54101293945313","2.81134326171875","3.0558271484375","3.24386401367188","3.84486126434162","4.792542062985","5.16518278736188","5.15883670629659",
"El Salvador","SLV","PPP conversion factor, GDP (LCU per international $)","PA.NUS.PPP","","","","","","","","","","","","","","","","","","","","","","","","","","","","","","","0.312452121169861","0.324657992355189","0.328280022188433","0.348235737768063","0.374383387700516","0.406771151808702","0.425749218622972","0.432694170535219","0.445985270690386","0.444133902798685","0.448509161672362","0.453167183417689","0.452973689576205","0.457377332849841","0.45750465394989","0.462647299891943","0.468252248813101","0.475939186606261","0.483296284056859","0.480170867815744","0.48673015851881","0.505120277404785","0.521423530983646","0.505071868934312","0.488559921983099","0.477749754158758","0.461390403903444","0.448413670063019","0.45454740524292","0.442782253026962","0.425564259290695","0.429484784603119","0.427367838286856","0.419951346710945","0.415072277055406","0.408953489712557",
"San Marino","SMR","PPP conversion factor, GDP (LCU per international $)","PA.NUS.PPP","","","","","","","","","","","","","","","","","","","","","","","","","","","","","","","","","","","","","","0.749430903889007","0.754645663643867","0.755683987540872","0.757919581318657","0.761268370396049","0.767511007281185","0.771105016662418","0.766012292424882","0.755112221467359","0.747261307606661","0.713199994464329","0.719534266363235","0.722270304291927","0.723805032940141","0.7102569","0.727814456496673","0.753500570533488","0.729271897180996","0.744308864340404","0.755666151216932","0.762517094612122","0.745550360497015","0.725066228661728","0.704549975062565","0.707382142543793","0.678668572532041","0.702590229204567","","",
"Somalia, Fed. Rep.","SOM","PPP conversion factor, GDP (LCU per international $)","PA.NUS.PPP","","","","","","","","","","","","","","","","","","","","","","","","","","","","","","","651.146306820352","853.624209223291","1043.26018688307","1576.18195141567","2404.58131153512","3097.08806215667","3951.7724656835","5190.49945954778","6259.75586024027","7060.47721636741","7912.75925698938","8376.42742784001","8885.05346325427","9260.16326484859","9630.47659829474","10837.6865594669","9791.42795460855","9868.44739475051","9881.34177405358","10054.1235751952","8408.93439296576","8001.03131368105","7863.44047059848","8032.80944429897","7703.5039955833","7393.47560192873","7239.50926928753","7390.71574467777","7866.17544330538","8741.20867123605","9178.80688742071","10268.4174304023","10347.4902478644","10428.4189246235","11033.7002178252","12115.8880855469",
"Serbia","SRB","PPP conversion factor, GDP (LCU per international $)","PA.NUS.PPP","","","","","","","","","","","","","","","","","","","","","","","","","","","","","","","","","","","","1.65603039018649","3.01807669188258","3.49797032004253","4.30939812872018","5.47600263239593","9.59661967939845","17.8274696714092","20.3575905025533","22.6375262446352","24.0963200604663","27.0329020971908","28.8307861638126","30.419318672152","31.3244612369102","33.2463116644348","34.8432026718267","36.3238221636966","37.9825418819753","39.3228856617399","39.8020526950386","40.7374838920601","40.454909866244","40.821059105488","41.0041383852135","39.6496218014814","39.7604958987547","41.1088009550821","42.8182249622952","44.7113997577007","45.0788639131956","46.7970682889855",
"Sub-Saharan Africa (excluding high income)","SSA","PPP conversion factor, GDP (LCU per international $)","PA.NUS.PPP","","","","","","","","","","","","","","","","","","","","","","","","","","","","","","","","","","","","","","","","","","","","","","","","","","","","","","","","","","","","","","","","","","",
"South Sudan","SSD","PPP conversion factor, GDP (LCU per international $)","PA.NUS.PPP","","","","","","","","","","","","","","","","","","","","","","","","","","","","","","","","","","","","","","","","","","","","","","","","","1.19813103302322","1.04992443336227","1.17140595036975","1.59342787907878","2.30870013692977","2.5396091456352","2.67058842687124","3.37095053486236","13.5848408561064","37.1907577514648","","","","126.743049621582","","","","",
"Sub-Saharan Africa","SSF","PPP conversion factor, GDP (LCU per international $)","PA.NUS.PPP","","","","","","","","","","","","","","","","","","","","","","","","","","","","","","","","","","","","","","","","","","","","","","","","","","","","","","","","","","","","","","","","","","",
"Small states","SST","PPP conversion factor, GDP (LCU per international $)","PA.NUS.PPP","","","","","","","","","","","","","","","","","","","","","","","","","","","","","","","","","","","","","","","","","","","","","","","","","","","","","","","","","","","","","","","","","","",
"Sao Tome and Principe","STP","PPP conversion factor, GDP (LCU per international $)","PA.NUS.PPP","","","","","","","","","","","","","","","","","","","","","","","","","","","","","","","0.0924222654358237","0.11205730118086","0.152901341104289","0.261960724452203","0.446768967352248","0.656670670149713","1.28480238105174","1.75704050573564","2.01551563663904","2.14449137068261","2.30618652982471","2.41744061068126","2.65455275069999","2.96343004815296","3.31406543717739","3.82681770762337","4.20700399115377","4.48935671732823","5.67423528982286","6.42634467677534","6.79142512797337","7.43139362335205","8.63228822454618","8.72778206771009","8.56661469961141","9.10448320194963","9.63069604697786","9.92154121398926","9.68453502655029","9.16576766967773","9.12815380096436","8.59929370880127","9.29519707224492","11.0920118334835","12.7353502926814","13.8672557039219",
"Suriname","SUR","PPP conversion factor, GDP (LCU per international $)","PA.NUS.PPP","","","","","","","","","","","","","","","","","","","","","","","","","","","","","","","0.00205401675368553","0.00264910139408148","0.00349398637542815","0.00836014120292283","0.0440588633639702","0.146608055685876","0.145790791169324","0.145460084419966","0.169055629297631","0.287768836212621","0.452321775350447","0.617227554829869","0.791827779780382","0.942030800741176","1.03513241772673","1.15963036562229","1.2706069423857","1.31657653414636","1.49217439481142","1.5791812900006","1.67250223049056","1.86556231975555","1.92355858008979","1.84524187734711","1.81092750767179","1.82023509450537","2.42866500604888","2.57841467857361","2.7858772277832","2.64944648742676","3.73132395744324","5.3682279586792","7.48874526748221","9.61185797595566","10.5805259163027","11.6290001939516",
"Slovak Republic","SVK","PPP conversion factor, GDP (LCU per international $)","PA.NUS.PPP","","","","","","","","","","","","","","","","","","","","","","","","","","","","","","","0.222207513989353","0.28932282352454","0.3146","0.354539","0.393811","0.423876","0.435855","0.450395","0.466033","0.494406","0.516275","0.515727","0.521518","0.544387","0.564548","0.564715","0.554718","0.553656","0.53743","0.51531","0.502228","0.506407","0.504542","0.491124","0.485412","0.491548","0.503194","0.516433","0.526001","0.510067","0.48909","0.487999","0.487459","0.496348","0.501903","0.512288",
"Slovenia","SVN","PPP conversion factor, GDP (LCU per international $)","PA.NUS.PPP","","","","","","","","","","","","","","","","","","","","","","","","","","","","","","","0.034724","0.065473","0.197279","0.264167","0.31707","0.389454","0.426901","0.455862","0.482471","0.508506","0.526399","0.560158","0.583286","0.607935","0.607893","0.610135","0.609817","0.630245","0.633789","0.645157","0.638081","0.62397","0.606793","0.590407","0.591238","0.595298","0.577106","0.570149","0.567612","0.544192","0.532257","0.537477","0.514727","0.53794","0.550461","0.558308",
"Sweden","SWE","PPP conversion factor, GDP (LCU per international $)","PA.NUS.PPP","","","","","","","","","","","","","","","","","","","","","","","","","","","","","","","8.882127","9.300106","9.185216","9.171034","9.204","9.348993","9.245636","9.329317","9.395336","9.3059","9.161129","9.402445","9.413655","9.486667","9.295284","9.479182","9.113464","8.871216","8.778986","8.916357","9.027189","8.844042","8.654768","8.597681","8.727131","8.854383","8.822586","8.852247","8.865881","8.584015","8.435616","8.363733","8.338151","8.516641","8.490485","8.548493",
"Eswatini","SWZ","PPP conversion factor, GDP (LCU per international $)","PA.NUS.PPP","","","","","","","","","","","","","","","","","","","","","","","","","","","","","","","1.14942547834397","1.20941890735187","1.31477003224673","1.50766873497279","1.63808994799372","1.87158057337272","1.97912903014331","2.16630133959903","2.30086336014281","2.39059185696127","2.56998300550051","2.72255654477144","2.92492179931471","3.03660460179017","3.07257004326875","3.16283543260856","3.1770922726708","3.253857837277","3.52122853149839","3.85530680700758","3.92100412319674","4.05213785171509","4.46932532366409","4.63324266419374","4.89211165601035","5.1948186108593","5.61428934110556","5.98295021057129","6.16247987747192","6.11483430862427","6.11999368667603","5.89536285400391","5.99201965497641","6.12800854631137","6.05720299883277","5.86563643135325",
"Sint Maarten (Dutch part)","SXM","PPP conversion factor, GDP (LCU per international $)","PA.NUS.PPP","","","","","","","","","","","","","","","","","","","","","","","","","","","","","","","","","","","","","","","","","","","","","","","","","","1.3708520130234","1.36968008924203","1.34595239162445","1.55130886533556","1.54370355241328","1.52758036277378","1.51909831986512","1.48917964786914","1.39649999141693","1.36262941360474","1.36500227451324","1.38735342025757","1.43830955028534","1.38760204012365","1.36516108593807","1.37865216943371","1.36183701233079",
"Seychelles","SYC","PPP conversion factor, GDP (LCU per international $)","PA.NUS.PPP","","","","","","","","","","","","","","","","","","","","","","","","","","","","","","","3.36251962878919","3.1860711687241","3.2605029892025","3.2814599546501","3.29819365456305","3.16349574526628","2.91772998610602","2.89335566234373","3.15910153801194","3.17908553810621","3.14758695747104","3.26779575437035","3.33405544438743","3.4639371920316","4.2055424881969","4.09639053932924","4.03116020163786","4.35967356531282","5.64283566336482","7.18875867760819","6.95189238684229","6.88386535644531","7.59387852436702","7.89489832987829","7.74897049554928","8.02602612193369","7.65869628659678","7.77740812301636","7.99357652664185","7.84994125366211","7.96504259109497","8.45630931854248","8.15003466839282","7.96877388742183","8.00344901789428","7.98797394952878",
"Syrian Arab Republic","SYR","PPP conversion factor, GDP (LCU per international $)","PA.NUS.PPP","","","","","","","","","","","","","","","","","","","","","","","","","","","","","","","","","","","","","","","","","","","","","","","","","","","","","","","","","","132.995910644531","141.603332519531","163.027435302734","237.009140014648","417.322418212891","807.95702765744","","","",
"Turks and Caicos Islands","TCA","PPP conversion factor, GDP (LCU per international $)","PA.NUS.PPP","","","","","","","","","","","","","","","","","","","","","","","","","","","","","","","","","","","","","","","","","","","","","","","","0.920047185135737","0.929829681913905","0.936311952884861","0.894698213640074","1.02840805053711","1.09797098553298","1.07196025937819","1.06835783618016","1.07176271991537","1.05349065622913","0.997238159179688","1.01522052288055","1.01947629451752","1.05944132804871","1.09070706367493","1.03522987741756","1.00295056929768","0.986773622391009","",
"Chad","TCD","PPP conversion factor, GDP (LCU per international $)","PA.NUS.PPP","","","","","","","","","","","","","","","","","","","","","","","","","","","","","","","110.983129119934","110.652147592626","94.2235510979365","90.8318743155159","127.658812141369","136.081864702534","148.947859252918","151.961736161019","160.41540145811","146.198505309144","150.522492704366","167.519053900815","168.102707884699","164.978325566331","176.296959241937","210.254979019648","227.935142609361","218.350738666272","238.567548303367","233.358416414066","243.548368793815","258.131317138672","283.956220481285","305.406616007386","295.994964502156","247.173979732254","240.898708633551","236.582992553711","236.522491455078","222.573471069336","228.273208618164","215.510940551758","229.665797654579","213.178375331775","214.899757142113","204.953276226313",
"East Asia & Pacific (IDA & IBRD countries)","TEA","PPP conversion factor, GDP (LCU per international $)","PA.NUS.PPP","","","","","","","","","","","","","","","","","","","","","","","","","","","","","","","","","","","","","","","","","","","","","","","","","","","","","","","","","","","","","","","","","","",
"Europe & Central Asia (IDA & IBRD countries)","TEC","PPP conversion factor, GDP (LCU per international $)","PA.NUS.PPP","","","","","","","","","","","","","","","","","","","","","","","","","","","","","","","","","","","","","","","","","","","","","","","","","","","","","","","","","","","","","","","","","","",
"Togo","TGO","PPP conversion factor, GDP (LCU per international $)","PA.NUS.PPP","","","","","","","","","","","","","","","","","","","","","","","","","","","","","","","141.039751218","140.070145846565","141.393870452488","126.798596511726","168.645320819889","183.491086460531","189.900816885287","190.482491676746","206.366916514846","205.756513561232","221.418367223485","220.080921802735","227.609237302332","216.745029557618","207.042228149451","212.544131461444","205.136704028505","209.639503911871","224.340293887972","229.915451136837","226.94289112947","228.624969482422","236.577416140257","237.984447804111","234.28539708271","236.228225923929","236.861637104047","231.840179443359","228.706680297852","218.590423583984","208.467544555664","202.174468994141","202.191382356231","200.773930626041","201.237092771315","197.415755247599",
"Thailand","THA","PPP conversion factor, GDP (LCU per international $)","PA.NUS.PPP","","","","","","","","","","","","","","","","","","","","","","","","","","","","","","","8.9631306812425","9.16814959647606","9.36639465604621","9.74338512001734","9.98546106121548","10.3418144734331","10.572086590631","10.8523531559397","11.5971194542062","11.1406164844852","11.0388521103141","11.0027772325921","11.0175622386868","11.0364949955687","11.1310913363408","11.3422073482847","11.5645072774312","11.5379438775681","11.9009792517231","11.8510639652486","12.1866024526936","12.3871974945068","12.1756433231893","12.152472358636","12.2628079911661","12.3379218581063","12.3508534176816","12.3857574462891","12.1526117324829","11.8285846710205","11.4072952270508","11.1481275558472","10.8908662974783","10.633894352836","10.466022403802","10.0922556843405",
"Tajikistan","TJK","PPP conversion factor, GDP (LCU per international $)","PA.NUS.PPP","","","","","","","","","","","","","","","","","","","","","","","","","","","","","","","5.22819753166721E-06","1.00958129538794E-05","6.65310975207463E-05","0.000849564421309703","0.00301954312576842","0.0116683770936838","0.0607778578012588","0.0987335311026924","0.183435385415893","0.22880997493808","0.27437874516766","0.351380670265019","0.411120674162764","0.512363087961515","0.585920155684859","0.622158989175872","0.730668230619444","0.90516442201409","1.13816122861656","1.2683539896881","1.40928519435018","1.56478023529053","1.6843324471226","1.6784200002797","1.69437273495577","1.98206846361453","2.12092749841489","2.35055923461914","2.48761677742004","2.39919829368591","2.35681772232056","2.5442578792572","2.57156851987868","2.57264357607453","2.71696406896418","2.76890578758637",
"Turkmenistan","TKM","PPP conversion factor, GDP (LCU per international $)","PA.NUS.PPP","","","","","","","","","","","","","","","","","","","","","","","","","","","","","","","2.52048910030162E-07","4.94333468245772E-07","1.54662183920098E-05","0.000186432553461288","0.00192082956772525","0.0151586491930167","0.189692087202004","0.301718895087048","0.350928158520127","0.425637067290412","0.456981338137997","0.512367078955103","0.546679442824003","0.601153606031292","0.62070406613253","0.644123445113079","0.7013983258919","0.74619694918523","1.16944605288259","1.27572743116937","1.28947599926145","1.42562527713955","1.56346513424599","1.60447804584533","1.63649724899522","1.58541391961658","1.54066564780999","1.53630566596985","1.49199550558646","1.50332972021","1.52900388443585","1.50170361995697","1.55425207232766","1.46333407197075","1.52535772094248","1.57315223779675",
"Latin America & the Caribbean (IDA & IBRD countries)","TLA","PPP conversion factor, GDP (LCU per international $)","PA.NUS.PPP","","","","","","","","","","","","","","","","","","","","","","","","","","","","","","","","","","","","","","","","","","","","","","","","","","","","","","","","","","","","","","","","","","",
"Timor-Leste","TLS","PPP conversion factor, GDP (LCU per international $)","PA.NUS.PPP","","","","","","","","","","","","","","","","","","","","","","","","","","","","","","","0.246061698992132","0.247680933959852","0.278863700882846","0.285363735112361","0.287424892322541","0.290142482737435","0.30817638883807","0.303652059945497","0.311918434694344","0.329665313991878","0.332030494867124","0.363093614839933","0.376870581129955","0.394706693214089","0.344068866890975","0.339738701273219","0.33742100269959","0.356370910327774","0.375006616962725","0.379286589249264","0.41581749858955","0.45453202700875","0.42856696972093","0.469428683092558","0.428254989272727","0.424637953835626","0.393877192203333","0.365617901086807","0.34242276590442","0.342878394462742","0.265956834851583","0.393393218517303","0.409022349503433","0.312300787818626","0.300724727908055","0.278816251223677",
"Middle East, North Africa, Afghanistan & Pakistan (IDA & IBRD)","TMN","PPP conversion factor, GDP (LCU per international $)","PA.NUS.PPP","","","","","","","","","","","","","","","","","","","","","","","","","","","","","","","","","","","","","","","","","","","","","","","","","","","","","","","","","","","","","","","","","","",
"Tonga","TON","PPP conversion factor, GDP (LCU per international $)","PA.NUS.PPP","","","","","","","","","","","","","","","","","","","","","","","","","","","","","","","0.617967875512608","0.654308180752113","0.687373585189451","0.671899457616849","0.836606779201516","0.791380139168413","0.800270894302046","0.785776334325709","0.799012221114782","0.849837439403128","0.852949875706225","0.867706515143081","0.919530340431127","1.00452142944539","1.06047431100103","1.11308672219394","1.27678089583963","1.29788234575058","1.32978914305738","1.38651493106874","1.47564257930073","1.45268475139735","1.48723174256858","1.42883831233414","1.404962740171","1.46445761103465","1.49380804148896","1.54934634233092","1.60436189913838","1.68071967022683","1.65817470073141","1.6181267936974","1.64965250567737","1.70893132936348","1.80513568511512","1.80792099963135",
"South Asia (IDA & IBRD)","TSA","PPP conversion factor, GDP (LCU per international $)","PA.NUS.PPP","","","","","","","","","","","","","","","","","","","","","","","","","","","","","","","","","","","","","","","","","","","","","","","","","","","","","","","","","","","","","","","","","","",
"Sub-Saharan Africa (IDA & IBRD countries)","TSS","PPP conversion factor, GDP (LCU per international $)","PA.NUS.PPP","","","","","","","","","","","","","","","","","","","","","","","","","","","","","","","","","","","","","","","","","","","","","","","","","","","","","","","","","","","","","","","","","","",
"Trinidad and Tobago","TTO","PPP conversion factor, GDP (LCU per international $)","PA.NUS.PPP","","","","","","","","","","","","","","","","","","","","","","","","","","","","","","","2.50098334966485","2.4572103850799","2.23633497683382","2.37705214992482","2.63614774825777","2.68966249296494","2.69015849456616","2.55084294952015","2.47566382686543","2.54616540359713","2.78961380315745","2.8044075888976","2.61810257167779","2.83644177087399","3.0075616635756","3.30459760038571","3.26117190323366","3.58003914772767","4.34804648058145","3.12731464512318","3.48319532184637","3.94960689544678","4.10019883937636","4.32366849639645","4.38425220895755","4.25239581601675","4.12188799550597","4.18089962005615","4.14924287796021","3.96576571464539","3.85990810394287","3.92725038528442","4.25041712792003","3.56652407152063","3.47576710505924","3.44833404244324",
"Tunisia","TUN","PPP conversion factor, GDP (LCU per international $)","PA.NUS.PPP","","","","","","","","","","","","","","","","","","","","","","","","","","","","","","","0.397928640195286","0.411997125627479","0.42574404026232","0.435396835746714","0.445588939608689","0.459792414467866","0.471197197673904","0.481515789930759","0.491742897014042","0.501180243761571","0.506171131024199","0.514397885885826","0.518099622918853","0.521709154453236","0.525075078975122","0.530371787179522","0.534230523561973","0.531199249713761","0.554201157120915","0.567454954587225","0.582029228490446","0.596331477165222","0.632328272116519","0.665264818731343","0.691510979296202","0.730423355794027","0.751815691885531","0.775635421276093","0.810976982116699","0.828764498233795","0.837391257286072","0.87733256816864","0.845008249684883","0.873376130086666","0.894842382226534","0.916013551631524",
"Turkiye","TUR","PPP conversion factor, GDP (LCU per international $)","PA.NUS.PPP","","","","","","","","","","","","","","","","","","","","","","","","","","","","","","","0.001186","0.001822","0.002916","0.004779","0.009659","0.017711","0.030976","0.055376","0.128873","0.196465","0.281594","0.414949","0.591251","0.736506","0.79215","0.834589","0.841811","0.851116","0.87996","0.904655","0.920469","0.966176","1.019856","1.070294","1.104504","1.162141","1.241052","1.38398","1.63261","1.837125","2.111056","2.751633","4.517801","7.350289","11.554529","16.203626",
"Tuvalu","TUV","PPP conversion factor, GDP (LCU per international $)","PA.NUS.PPP","","","","","","","","","","","","","","","","","","","","","","","","","","","","","","","0.829170819959403","0.823245783458496","0.864015842121166","0.865502227480292","0.807877510749538","0.832041240047957","0.920788634347407","0.893363509234049","0.907646717604851","0.949767736348501","1.04888726878405","1.08501469173546","1.10501430274436","1.11706377575109","1.14220888166453","1.10648071823987","1.14174908382616","1.10047522763188","1.11871906790434","1.11661966838396","1.11965609881531","1.10992627187568","1.09620132445577","1.10948928471448","1.14505816749021","1.18375760990717","1.26833758703806","1.2831450828569","1.34589673612802","1.39806312151275","1.40414647480034","1.44888778782138","1.44470924784883","1.3114225093946","1.40055610872817","1.38717699395366",
"Tanzania","TZA","PPP conversion factor, GDP (LCU per international $)","PA.NUS.PPP","","","","","","","","","","","","","","","","","","","","","","","","","","","","","","","51.3508355268307","63.634881138753","78.0049198737467","94.8384923722207","121.79895765879","151.34333612044","177.326830438302","210.208579123866","237.436218082993","261.140956873816","276.298694287971","283.22774377591","299.066220304729","317.966006653742","330.960139474687","341.52010074415","349.558374164254","371.306402067777","423.960700768938","459.459935980111","496.744243025513","546.073120117188","650.23799438398","707.468697119525","760.901227042674","806.452660291479","852.166699351825","889.44873046875","849.043212890625","815.964294433594","779.039184570313","762.958374023438","731.974282877359","725.254517758729","732.984960136712","749.533488393139",
"Uganda","UGA","PPP conversion factor, GDP (LCU per international $)","PA.NUS.PPP","","","","","","","","","","","","","","","","","","","","","","","","","","","","","","","190.246788462921","231.905146418543","328.924514632581","418.140778069788","437.43699128958","468.627342461759","481.244781105801","487.729950136246","524.683733706253","516.777250937621","561.509668733293","574.045464943526","547.345057603981","578.650486280325","651.333004970367","620.535482422115","616.452811178792","644.133601845946","672.177143383494","765.369649124041","798.810381382379","856.168212890625","1000.76456368353","1036.86790566601","1065.69998821225","1114.23857909872","1196.83942738034","1251.63403320313","1253.7099609375","1258.25891113281","1240.85021972656","1203.16076660156","1178.55876276605","1213.19719403414","1242.4954445437","1271.51526728309",
"Ukraine","UKR","PPP conversion factor, GDP (LCU per international $)","PA.NUS.PPP","","","","","","","","","","","","","","","","","","","","","","","","","","","","","","","4.22657571822401E-06","8.01730593468667E-06","0.000146444664228956","0.0049118752441167","0.050640570887182","0.255844800263166","0.417432823780704","0.484523424209885","0.536692758640838","0.674205511655686","0.84058075268753","0.905928976631076","0.938933169975739","0.995928108905383","1.11833892193072","1.34562312253796","1.4992473939662","1.79313011212156","2.26976670686303","2.54076567703551","2.85349225500867","3.19231104850769","3.30551217821594","3.02740257290631","3.46040921289247","4.61135981719733","5.07623564154548","6.00422334671021","6.62753629684448","6.58044958114624","6.43497943878174","7.302161693573","9.19755584128526","10.6321099289501","11.6164030391157","12.9353983614283",
"Upper middle income","UMC","PPP conversion factor, GDP (LCU per international $)","PA.NUS.PPP","","","","","","","","","","","","","","","","","","","","","","","","","","","","","","","","","","","","","","","","","","","","","","","","","","","","","","","","","","","","","","","","","","",
"Uruguay","URY","PPP conversion factor, GDP (LCU per international $)","PA.NUS.PPP","","","","","","","","","","","","","","","","","","","","","","","","","","","","","","","0.560218922320337","1.0881656436626","1.69826835885896","2.45278358781803","3.33706598295824","4.61021391151405","5.72398094933348","6.71186115709461","7.45922008751358","7.64073737886743","7.73593267221533","7.93074092245213","8.79463694885915","10.050975812393","10.7768340383498","10.5200358446362","10.9619836130767","11.7737280095584","12.5795005694658","13.5797283648978","14.1877145281855","15.2736978530884","16.93944859768","18.1757273312142","19.4771944663324","21.1111914756944","22.4626168573176","23.3047561645508","24.2535629272461","25.0450210571289","25.7344722747803","26.462287902832","26.1847298049584","26.2739181311142","26.710334219867","27.108346862201",
"United States","USA","PPP conversion factor, GDP (LCU per international $)","PA.NUS.PPP","","","","","","","","","","","","","","","","","","","","","","","","","","","","","","","1","1","1","1","1","1","1","1","1","1","1","1","1","1","1","1","1","1","1","1","1","1","1","1","1","1","1","1","1","1","1","1","1","1","1","1",
"Uzbekistan","UZB","PPP conversion factor, GDP (LCU per international $)","PA.NUS.PPP","","","","","","","","","","","","","","","","","","","","","","","","","","","","","","","0.000635317301371146","0.00117208568198815","0.00930699239462257","0.107178069231101","1.40468769631741","6.47943813499689","11.5522656238719","18.8615614290437","25.9258134758241","36.8417335947718","53.0631685676367","75.3715348678984","107.974941363043","134.224615898271","151.516448368734","178.394265125536","213.666786518697","253.583386861903","315.444691977582","367.627924793164","506.206196837317","601.998399324912","706.904613251908","804.3101035232","935.237245846632","1058.67768324759","1179.95670461133","1432.90717805091","1799.89237531589","2111.31955499463","2353.38338692144","2591.1123046875","2758.77238159432","3030.49254994173","3373.14097211991","3670.12629350113",
"St. Vincent and the Grenadines","VCT","PPP conversion factor, GDP (LCU per international $)","PA.NUS.PPP","","","","","","","","","","","","","","","","","","","","","","","","","","","","","","","1.39717267246583","1.4166992987507","1.42025288904577","1.3707861808839","1.37394150611259","1.36337511606986","1.38659762893876","1.38161408072459","1.41012977282966","1.41572214522043","1.49181396245697","1.54823992534329","1.52770258641343","1.46556328073774","1.48066487654375","1.47733603089656","1.48619909148033","1.55300912947649","1.63435658595661","1.6057570627432","1.67501170509603","1.63591921329498","1.64965886528283","1.64265701041738","1.59496561087086","1.60395332994011","1.53212034819621","1.58873176574707","1.54909288883209","1.53848028182983","1.47022485733032","1.44013321399689","1.45142003163913","1.4404160101693","1.45769848948905","1.48761704067186",
"Venezuela, RB","VEN","PPP conversion factor, GDP (LCU per international $)","PA.NUS.PPP","","","","","","","","","","","","","","","","","","","","","","","","","","","","","","","1.20788542503448E-13","1.42091490074385E-13","1.7824707050108E-13","2.29261897901435E-13","3.6550484289613E-13","5.43320958318341E-13","1.15057614470103E-12","1.51540831882677E-12","1.77840019371214E-12","2.21213882957312E-12","2.80434515253771E-12","2.9613286275048E-12","3.87347345062056E-12","5.12524426412768E-12","6.69015846067792E-12","8.41690761325833E-12","9.62523539637111E-12","1.08138326055751E-11","1.38144374106378E-11","1.47858717664311E-11","2.13412278559432E-11","2.68098258972168E-11","","","","","","","","","","","","","","",
"British Virgin Islands","VGB","PPP conversion factor, GDP (LCU per international $)","PA.NUS.PPP","","","","","","","","","","","","","","","","","","","","","","","","","","","","","","","","","","","","","","","","","","","","","","","","","","","","1.0275467634201","1.08888118250332","1.07673377210841","1.06438324097038","1.07150204918829","1.05583141549163","1.02022969722748","","","","","","","","",
"Virgin Islands (U.S.)","VIR","PPP conversion factor, GDP (LCU per international $)","PA.NUS.PPP","","","","","","","","","","","","","","","","","","","","","","","","","","","","","","","","","","","","","","","","","","","0.936119659362775","0.972785771038884","1.01147575502384","1.10518709322105","1.04891892397508","1.04756340185465","0.90077450038436","0.948750167330977","0.959083441617881","0.999770684528406","1.11559780700689","1.0700214058178","1.02115095651086","1.04401205650516","1.05540339697243","1.0434159040451","0.997733711650467","0.965312692933229","0.953011997636306","0.907823741436005","0.890243717259396","","","",
"Viet Nam","VNM","PPP conversion factor, GDP (LCU per international $)","PA.NUS.PPP","","","","","","","","","","","","","","","","","","","","","","","","","","","","","","","672.277046872643","1122.04431710583","1455.00087619787","1668.83216635573","1910.9356023661","2190.6320338007","2338.33675961307","2450.35126832624","2637.27060653441","2749.60069089275","2780.34949727378","2790.42588451895","2876.84005168357","3021.71380284402","3190.74249861493","3675.68820734984","3871.27230024661","4132.13435633216","4973.20698238399","5249.94215603488","5813.18878732658","6915.33544921875","7137.06681858344","7308.3464188786","7379.99614837162","7290.14880429467","7163.83114802902","7211.599609375","7275.826171875","7191.1884765625","7064.95361328125","7120.01123046875","6942.55221614355","6839.77114227882","6954.97823040608","6990.87070514029",
"Vanuatu","VUT","PPP conversion factor, GDP (LCU per international $)","PA.NUS.PPP","","","","","","","","","","","","","","","","","","","","","","","","","","","","","","","77.3347476580627","82.4858467163044","82.8949955297549","82.6458619476298","82.7875509045683","82.491784886152","82.6978954902895","83.8787805580941","89.7126074189681","91.1841889921729","91.1073073160025","92.3308565422523","93.5313619255961","92.4531213598562","91.9379493284458","89.5169056470834","90.2019610026211","92.8960969565322","97.6698881750719","99.5510630259976","99.8032689515923","100.511043256852","98.215697864117","99.4762598899256","99.1518854950538","103.682133376917","104.80534153476","107.898165722173","108.906852420275","110.875523852585","111.850300053615","110.380247621036","108.312820426159","105.11943277697","108.035176038305","107.389043283146",
"World","WLD","PPP conversion factor, GDP (LCU per international $)","PA.NUS.PPP","","","","","","","","","","","","","","","","","","","","","","","","","","","","","","","","","","","","","","","","","","","","","","","","","","","","","","","","","","","","","","","","","","",
"Samoa","WSM","PPP conversion factor, GDP (LCU per international $)","PA.NUS.PPP","","","","","","","","","","","","","","","","","","","","","","","","","","","","","","","0.799826753317975","0.820944365997831","0.871408080128931","0.856804402428927","1.41125148609007","1.28584989614594","1.3206922950386","1.45197624085761","1.48485373294945","1.48062437034402","1.47786920310807","1.49398687054787","1.49291819977601","1.50130968612217","1.56539875964791","1.57844703858268","1.61198509343191","1.68699655454379","1.80605033910885","1.82509405154917","1.71038960640474","1.66056811905465","1.69585094215961","1.70659629759923","1.6916926713549","1.74259065516479","1.76493499853919","1.73917124523031","1.71888239063033","1.71632936780333","1.71425503022287","1.62781286300372","1.55837250054266","1.6054012712345","1.69849391008788","1.75413819197732",
"Kosovo","XKX","PPP conversion factor, GDP (LCU per international $)","PA.NUS.PPP","","","","","","","","","","","","","","","","","","","","","","","","","","","","","","","","","","","","","","","","","","","","","","","","","0.30922460678491","0.298622028617296","0.313896406114693","0.3269386","0.336134256368731","0.344754903211396","0.358213026923013","0.364102999607314","0.370901881963636","0.3783280050989","0.370546696933857","0.363172820979497","0.359145199492702","0.360406752216835","0.360696819942243","0.363700560729297","0.362871040091578","0.362904088534196",
"Yemen, Rep.","YEM","PPP conversion factor, GDP (LCU per international $)","PA.NUS.PPP","","","","","","","","","","","","","","","","","","","","","","","","","","","","","","","6.11409017600969","6.62339772661308","7.32880208268109","8.33147689332607","9.85274574221908","14.0648254239068","18.8906311162462","21.0384912311951","19.0689506788215","25.0944826659168","30.2674370945195","30.4144087602974","32.5581241923978","35.405451662169","39.3443327736615","45.2183560631605","49.8263555166084","53.7941668058558","63.5321259735957","57.6459338534709","70.4048210311498","81.4767608642578","88.7929916381836","93.6313171386719","","","","","","","","","","","","",
"South Africa","ZAF","PPP conversion factor, GDP (LCU per international $)","PA.NUS.PPP","","","","","","","","","","","","","","","","","","","","","","","","","","","","","","","1.25844116913136","1.40783383386594","1.5789997553699","1.74267162951013","1.87365948239474","2.03408427195961","2.15775685442628","2.29378769585491","2.45147668545512","2.58379166009336","2.75855373011655","2.9082492674306","3.22280216310023","3.36253789024298","3.47233409372991","3.55520900964786","3.65801240095539","3.85519626684052","4.07924672033466","4.40546153287524","4.6193094142446","4.7766284942627","5.10604487750647","5.29206484627155","5.5660949231475","5.81717732887118","6.14841834119248","6.41333675384521","6.85541534423828","7.06522130966187","7.24892425537109","7.37613821029663","7.24725773798903","7.31868804459223","7.4211352928491","7.42029658394341",
"Zambia","ZMB","PPP conversion factor, GDP (LCU per international $)","PA.NUS.PPP","","","","","","","","","","","","","","","","","","","","","","","","","","","","","","","0.00956647595873103","0.0178273660253522","0.0462829879786715","0.110161183096815","0.194945275930653","0.249391259739841","0.304540760592769","0.37542779598122","0.434023060018293","0.504675153752754","0.654444802807636","0.802161712830198","0.943053277538967","1.08763024888116","1.26797930781357","1.43413377398915","1.59354675099843","1.75274668454219","1.90258591542172","1.99605244514067","2.24720994593584","2.44634604454041","2.64834992278665","2.82615242712079","3.05394151611266","3.35055571386025","3.8559028791987","4.16286420822144","4.44762897491455","4.82785272598267","5.52910757064819","6.44128704071045","6.38282402708496","6.59175278849996","7.35899076614158","7.56139268212565",
"Zimbabwe","ZWE","PPP conversion factor, GDP (LCU per international $)","PA.NUS.PPP","","","","","","","","","","","","","","","","","","","","","","","","","","","","","","","0.000297900531491558","0.000268629754996327","0.000225533615817254","0.000211959648419116","0.000199442854853512","0.000201283839492157","0.000215420638644342","0.000205674062970619","0.000148373384483996","0.000158016722811415","0.000155484180976986","0.000151862039472876","0.000153594726140665","0.000163879797026535","0.000171734068195577","0.000175071132629825","0.000166406355632869","0.000163467442225164","0.000162539948586403","0.000201404909826088","0.000207140403979851","0.000208134150505066","0.000218106168123571","0.000220143974755497","0.000214958724851912","0.000209535942504426","0.000201289636460245","0.000245684828877449","0.00070908348941803","0.00203930929380655","0.012645161247611","0.0243634228799343","0.0851728842033327","0.713312954994536","8.33515444469415","14.8477864567247",
