Quality Assurance of Geometric Corrections for the AST_L1T Product

This file contains two sections:
   * A section listing the GLS 2000 Ground Control Points (GCPs)
     that were used in correcting the geometric location of the pixels
     in order to create this AST_L1T product
   * A section that does an independent geometric verification of the corrected
     pixels by comparing the AST_L1T data to a GLS 2000 Standard Scene.

Section One:

Thu. Mar. 27, 2025             TERRA_ASTER                 Time: 24:53
                              ASTER L1T PGE
                           GCP Residual Report
----------------------------------------------------------------------------


L1A Input: AST_L1A_00405262004071902_20250327135219.hdf

Band Number:  4

GeoCover date for each WRS-2 path/row used:
Path  Row   Date
164   018   2002-06-22
164   019   2000-09-04
165   018   2002-06-13


Point_ID      Latitude  Longitude    Height       Across    Along    Residual  Residual
                                                   Scan      Scan      In y      in x
                                                 Residual  Residual    dir       dir
                (deg)     (deg)     (meters)     (meters)  (meters)  (meters)  (meters)

1640180001   59.613367   60.672794    86.856       0.000     0.000    -1.022    -1.270
1640180004   59.599819   60.551344   101.955       0.000     0.000     0.330    -5.058
1640180005   59.601661   60.449751   100.818       0.000     0.000     1.135     2.143
1640180006   59.588187   60.506072   100.620       0.000     0.000    -0.828    -0.943
1640180008   59.570302   60.645471    81.280       0.000     0.000    -5.853     0.815
1640180009   59.662180   60.321012   126.768       0.000     0.000     2.993     0.819
1640180010   59.674412   60.222969   194.805       0.000     0.000     1.056    -3.758
1640180015   59.612207   60.594111   113.923       0.000     0.000     0.121    -1.645
1640180017   59.644731   60.405407   148.314       0.000     0.000     0.138    -3.513
1640180020   59.784971   60.301545   212.785       0.000     0.000     0.536     0.170
1640180023   59.757852   60.257265   207.394       0.000     0.000     1.759     0.561
1640180026   59.743235   60.302327   169.894       0.000     0.000    -4.288     7.954
1640180030   59.641281   60.450361   150.348       0.000     0.000     2.567    -4.005
1640180031   59.657140   60.363942   138.077       0.000     0.000    -1.232    -7.218
1640180035   59.640634   60.585825   175.670       0.000     0.000    -0.165    -0.219
1640180039   59.695939   60.248503   189.424       0.000     0.000     5.317    -2.283
1640180040   59.695717   60.301794   148.561       0.000     0.000     3.057    -0.633
1640180042   59.587831   60.601694    83.455       0.000     0.000    -1.145    -4.681
1640180047   59.521261   60.767422    85.565       0.000     0.000     4.785    15.708
1640180051   59.610118   60.748524    65.850       0.000     0.000     0.608     0.945
1640180054   59.716065   60.268709   178.508       0.000     0.000     2.519     4.040
1640180068   59.733537   60.562574   157.033       0.000     0.000   -12.649     0.434
1640180069   59.821475   60.255778   205.579       0.000     0.000     6.554     1.072
1640180072   59.617993   60.830477    92.320       0.000     0.000     3.041     3.377
1640180079   59.728414   60.702140    69.631       0.000     0.000     2.061     0.294
1640180084   59.767510   60.215382   204.155       0.000     0.000     0.294    -1.278
1640180086   59.670822   60.574516   153.446       0.000     0.000     5.013    -2.565
1640180090   59.708217   60.686996    70.260       0.000     0.000    -3.280    -3.103
1640180095   59.672570   60.160806   192.385       0.000     0.000    -2.321    -0.012
1640180106   59.664017   60.655389    83.730       0.000     0.000    -6.053    -3.835
1640180107   59.682601   60.813502   120.106       0.000     0.000    -0.122    -1.039
1640180109   59.502074   60.736199    90.142       0.000     0.000     3.991     4.840
1640180120   59.769937   60.359488   145.390       0.000     0.000     3.087     3.142
1640180123   59.664721   60.404309   139.583       0.000     0.000    -6.764   -10.266
1640180124   59.690382   60.408879   144.407       0.000     0.000    -0.526     1.799
1640180134   59.693289   60.210835   210.511       0.000     0.000     1.653    -2.043
1640180145   59.738151   60.355014   134.136       0.000     0.000    -9.331     0.634
1640180147   59.511128   60.477312   170.984       0.000     0.000    -4.263    -4.136
1640180149   59.617387   60.540251   147.747       0.000     0.000    -0.051    15.555
1640180151   59.744796   60.211383   253.556       0.000     0.000    -0.626     0.230
1640180159   59.580150   60.550777    90.416       0.000     0.000    -0.562    -0.592
1640180165   59.677162   60.274479   138.170       0.000     0.000    -1.775     1.297
1640180188   59.690348   60.729273    72.748       0.000     0.000     1.135    -1.284
1640180191   59.650898   60.829864   126.802       0.000     0.000    -5.142    -5.314
1640180198   59.762811   60.514258   114.346       0.000     0.000   -11.345    -8.097
1640180214   59.481089   60.583896   129.830       0.000     0.000    -4.764    -1.625
1640180216   59.638689   60.656117    82.950       0.000     0.000    -2.570    -1.375
1640180217   59.745735   60.690287    74.043       0.000     0.000     2.706    -2.726
1640180219   59.604610   60.339966   110.679       0.000     0.000     0.564     1.803
1640180232   59.785272   60.216542   234.262       0.000     0.000     4.884    -3.701
1640180237   59.645040   60.519379   183.581       0.000     0.000     0.626    -4.448
1640180241   59.697105   60.635051    88.056       0.000     0.000    -9.054    -2.302
1640180244   59.561995   60.487253   155.350       0.000     0.000    -1.092     1.164
1640180246   59.567517   60.810832    63.098       0.000     0.000     6.183     5.173
1640180248   59.605859   60.400247   102.776       0.000     0.000    -3.940    14.981
1640180261   59.644778   60.742991    64.290       0.000     0.000     0.133    -0.306
1640180308   59.777042   60.258910   190.263       0.000     0.000     2.546    -1.502
1640180316   59.718961   60.213997   195.318       0.000     0.000     1.166     0.916
1640180317   59.582372   60.372610   144.660       0.000     0.000    -1.715     0.821
1640180321   59.553500   60.608926   108.036       0.000     0.000    -5.677    -4.510
1640180323   59.698489   60.496673   180.313       0.000     0.000     2.134    -6.025
1640180324   59.553724   60.776152    71.350       0.000     0.000     7.366     2.968
1640180325   59.717741   60.309606   164.827       0.000     0.000    -2.006     3.405
1640180331   59.656125   60.250672   181.434       0.000     0.000     2.516     4.039
1640180334   59.598466   60.791823    64.051       0.000     0.000     6.894     6.052
1640180343   59.639744   60.177991   138.718       0.000     0.000     2.709     4.680
1640180354   59.590967   60.229924   171.775       0.000     0.000     1.479    -3.268
1640180355   59.567417   60.251585   187.907       0.000     0.000     3.366    -0.730
1640180360   59.752327   60.436170   115.935       0.000     0.000     0.426    -0.970
1640180371   59.615871   60.298170   125.441       0.000     0.000    -0.256     2.378
1640180382   59.736800   60.268045   197.619       0.000     0.000     2.671     2.174
1640190015   59.447258   60.019381   185.414       0.000     0.000    -1.700     3.380
1640190017   59.557085   60.616158    97.641       0.000     0.000    -4.228    -3.459
1640190019   59.692998   60.210876   211.319       0.000     0.000     2.322    -3.573
1640190024   59.618746   60.611740   102.109       0.000     0.000    -3.256    -4.578
1640190028   59.599405   60.516919   110.400       0.000     0.000     2.447    -2.203
1640190033   59.614207   60.687681    87.519       0.000     0.000    -3.079    -0.582
1640190036   59.350136   60.231801   162.038       0.000     0.000     0.073     6.570
1640190044   59.422971   60.534542   107.838       0.000     0.000    -0.921    -6.794
1640190045   59.663313   60.351259   133.094       0.000     0.000     0.411    -7.774
1640190051   59.668655   60.230453   190.337       0.000     0.000     1.746     0.413
1640190108   59.402152   60.632319    95.601       0.000     0.000    -0.975    -4.236
1640190115   59.576108   60.792229    63.426       0.000     0.000    10.441     4.457
1640190141   59.677107   60.285770   124.445       0.000     0.000     2.079     6.646
1640190172   59.640575   60.585851   181.379       0.000     0.000    -0.531    -2.342
1640190190   59.418561   59.987951   188.152       0.000     0.000    -3.010    -0.799
1640190199   59.345776   60.284296   121.042       0.000     0.000     5.202     2.576
1640190202   59.402696   60.489005   133.685       0.000     0.000    -3.958    -4.811
1640190227   59.587823   60.601215    84.154       0.000     0.000    -0.285    -1.914
1640190231   59.322710   60.288058   101.621       0.000     0.000     1.634    -3.937
1640190238   59.284820   60.357196   107.881       0.000     0.000     0.828     6.358
1640190246   59.611594   60.754880    71.880       0.000     0.000     5.323     2.005
1640190270   59.435636   60.182361   137.986       0.000     0.000    -1.532     1.815
1640190283   59.345403   60.092623   222.536       0.000     0.000     0.969    -1.200
1640190335   59.378235   60.263109   118.791       0.000     0.000    -0.727    -3.896
1640190359   59.507424   60.214550   189.257       0.000     0.000     2.845    -4.305
1650180001   59.764024   60.178227   193.209       0.000     0.000     0.996     3.402
1650180002   59.596359   60.622344    86.188       0.000     0.000    -7.087    -1.292
1650180004   59.794670   60.173454   224.457       0.000     0.000     4.365     0.008
1650180005   59.599821   60.551346   104.918       0.000     0.000     0.259    -4.267
1650180007   59.601664   60.449768   100.816       0.000     0.000     0.708     1.392
1650180009   59.775369   60.007874   224.806       0.000     0.000     0.648     1.637
1650180012   59.613374   60.672779    87.118       0.000     0.000    -1.583    -2.488
1650180019   59.767523   60.215346   204.515       0.000     0.000     0.358    -1.941
1650180022   59.557590   60.781236    75.877       0.000     0.000     4.593     5.511
1650180024   59.693035   60.210836   210.780       0.000     0.000     1.606    -2.459
1650180027   59.751172   59.978618   177.033       0.000     0.000     6.630    12.726
1650180029   59.641490   60.676697    82.565       0.000     0.000    -4.423    -3.869
1650180031   59.570319   60.645494    80.673       0.000     0.000    -5.855     1.921
1650180035   59.598526   60.748824    63.677       0.000     0.000    -0.768     8.505
1650180039   59.423263   60.535085   104.488       0.000     0.000    -2.875    -5.743
1650180041   59.662191   60.321015   126.767       0.000     0.000     2.999     0.717
1650180042   59.644741   60.405396   147.539       0.000     0.000     0.715    -4.030
1650180047   59.683137   60.337929   122.690       0.000     0.000    -6.571    -0.443
1650180051   59.785020   60.301507   205.885       0.000     0.000    -3.048    -0.891
1650180054   59.350082   60.231819   160.891       0.000     0.000     0.322     4.449
1650180057   59.754971   60.024039   188.552       0.000     0.000     1.890     2.161
1650180061   59.671371   60.218525   201.340       0.000     0.000    -0.278     1.456
1650180063   59.837625   59.971638   224.072       0.000     0.000     3.634     1.070
1650180068   59.641288   60.450390   148.819       0.000     0.000     5.224    -4.438
1650180072   59.706916   59.960543   208.931       0.000     0.000     7.150     2.518
1650180073   59.589461   60.515041    90.627       0.000     0.000    -1.253     1.037
1650180076   59.701250   60.331792   160.718       0.000     0.000    -3.594     0.959
1650180077   59.724321   60.051319   221.151       0.000     0.000     4.276    -1.997
1650180081   59.416307   60.579606   108.774       0.000     0.000    -3.837    -0.443
1650180082   59.800217   59.947761   183.172       0.000     0.000    -8.798    -0.746
1650180088   59.695964   60.248518   188.553       0.000     0.000     4.542    -1.409
1650180090   59.619196   60.759653    66.383       0.000     0.000     0.447     1.642
1650180092   59.672589   60.160838   194.194       0.000     0.000    -1.245     1.117
1650180093   59.715290   60.269331   178.078       0.000     0.000     1.535     3.599
1650180095   59.663728   60.653832    81.962       0.000     0.000    -6.767    -2.952
1650180097   59.743912   60.679163    77.157       0.000     0.000     1.097    -4.622
1650180098   59.675123   59.951174   214.735       0.000     0.000     0.093     3.668
1650180108   59.716087   60.706239    70.901       0.000     0.000     0.803    -0.377
1650180110   59.687110   60.290843   134.613       0.000     0.000     7.466     4.302
1650180117   59.795074   60.229210   192.012       0.000     0.000    -0.884     8.390
1650180118   59.521243   60.767410    84.685       0.000     0.000     6.341    15.857
1650180121   59.640635   60.585856   175.613       0.000     0.000    -0.150    -0.562
1650180125   59.378110   60.686813   101.567       0.000     0.000     6.191     1.746
1650180127   59.733251   60.581851   113.143       0.000     0.000    -1.021     2.277
1650180128   59.752781   60.334673   163.208       0.000     0.000    -3.481     1.347
1650180129   59.820667   60.268700   222.613       0.000     0.000     1.266     2.487
1650180135   59.690317   60.729320    73.485       0.000     0.000     2.473    -0.749
1650180142   59.743127   60.284692   173.438       0.000     0.000    -0.667     8.853
1650180154   59.580484   60.797243    60.993       0.000     0.000     7.908     5.861
1650180155   59.611638   60.710687    81.048       0.000     0.000    -3.206    -3.354
1650180158   59.644501   60.743485    63.037       0.000     0.000    -0.487    -2.457
1650180165   59.799312   59.806244   215.976       0.000     0.000   -10.567   -11.249
1650180169   59.770627   59.795638   211.918       0.000     0.000    -1.654    -9.593
1650180170   59.656884   60.363962   135.978       0.000     0.000    -1.259    -6.991
1650180172   59.479984   60.569692   128.175       0.000     0.000    -2.188    -4.000
1650180190   59.776398   60.103986   194.468       0.000     0.000     5.237     5.204
1650180196   59.419486   59.747891   235.422       0.000     0.000     3.606     3.655
1650180221   59.671267   59.784061   182.222       0.000     0.000    -7.351    -2.108
1650180227   59.796834   60.136954   247.871       0.000     0.000     2.653     0.416
1650180229   59.533620   59.685721   194.328       0.000     0.000    -3.585    -6.704
1650180230   59.740539   59.943632   204.788       0.000     0.000    -7.909    -1.050
1650180236   59.664285   59.915853   232.749       0.000     0.000     2.682    -1.264
1650180239   59.357113   59.919970   222.705       0.000     0.000     0.784    -8.525
1650180240   59.383966   59.824164   193.571       0.000     0.000    -2.937     2.570
1650180255   59.468547   60.651520   118.698       0.000     0.000     0.381    -2.039
1650180262   59.284670   60.442993   135.339       0.000     0.000    -9.229    -6.083
1650180265   59.690380   60.408959   144.887       0.000     0.000    -0.177     1.454
1650180272   59.835472   59.891026   202.839       0.000     0.000     1.540    -0.817
1650180285   59.818145   60.099743   206.834       0.000     0.000    -0.546     0.963
1650180292   59.458063   60.564357   112.943       0.000     0.000    -3.493    -7.606
1650180301   59.618236   60.830495    96.872       0.000     0.000     4.066     1.990
1650180307   59.798992   59.876070   218.748       0.000     0.000    -2.352    -7.432
1650180317   59.688071   59.915851   230.307       0.000     0.000    -9.379     1.687
1650180318   59.699398   59.750573   188.901       0.000     0.000    -1.079    -6.056
1650180325   59.322694   60.288232   100.593       0.000     0.000     1.793    -2.341
1650180342   59.739239   60.241176   225.207       0.000     0.000     2.462     4.356
1650180343   59.650898   60.829840   126.460       0.000     0.000    -5.655    -6.599
1650180347   59.835981   59.843943   239.986       0.000     0.000    -1.151     3.247
1650180355   59.770167   60.684833    60.669       0.000     0.000    -2.656     2.070
1650180360   59.760228   60.064810   201.401       0.000     0.000    -0.740     5.361
1650180377   59.675938   60.573608   144.555       0.000     0.000     5.004    -4.528
1650180390   59.628960   59.936729   165.091       0.000     0.000     3.690     5.338
1650180395   59.844597   60.127425   226.231       0.000     0.000     7.655     0.887
1650180410   59.402117   59.807639   190.713       0.000     0.000     1.994     2.291
1650180416   59.396713   59.933495   175.868       0.000     0.000     9.097     5.281
1650180418   59.411457   60.008756   157.240       0.000     0.000     0.189     3.107
1650180419   59.351678   60.105434   212.052       0.000     0.000    -3.522     0.761
1650180420   59.426398   60.050311   140.966       0.000     0.000     3.713     3.867
1650180424   59.392232   60.147393   197.701       0.000     0.000    -2.225     1.619
1650180428   59.364515   60.150747   181.144       0.000     0.000     0.638    -2.147

Section Two:

==============================================================================
==============================================================================
Thu. Mar. 27 2025                  TERRA_ASTER                       Time: 18:53
                                 ASTER L1T PGE
                            GEOMETRIC VERIFY Report
==============================================================================
WRS-2: Path/Row 165/18
Reference Image: GLS 2000 (p165r018_7dt20020613_z41_50.tif)

Pixel dimensions: 30 x 30 meters
Pointing angle:   6.828 degrees

Color mapping per rank
----------------------
Rank  1 is Green: total residual <= 0.5
Rank  2 is Cyan: 0.5 < total residual <=  1
Rank  3 is Blue:  1 < total residual <=  2
Rank  4 is Yellow:  2 < total residual <=  3
Rank  5 is Red:  3 < total residual

Percentage of residuals by rank
-------------------------------
Rank   1 -- 100.0%
Rank   2 --  0.0%
Rank   3 --  0.0%
Rank   4 --  0.0%
Rank   5 --  0.0%

       GCP    Latitude    Longitude  Sample   Line     Total    Rank
        ID                           Residual Residual Residual
              (Degree)    (Degree)   (Pixel)  (Pixel)  (Pixel)
----------------------------------------------------------------------
1650180248   59.87031     59.86203    -0.11      0.20     0.22     1 
1650180249   59.87080     59.88289    -0.10      0.13     0.16     1 
1650180323   59.86062     59.86294    -0.08      0.18     0.20     1 
1650180324   59.86112     59.88379    -0.09      0.17     0.19     1 
1650180325   59.86161     59.90465    -0.15      0.10     0.18     1 
1650180326   59.86210     59.92551    -0.18      0.14     0.23     1 
1650180327   59.86259     59.94637    -0.19      0.01     0.19     1 
1650180328   59.86307     59.96723    -0.11     -0.00     0.11     1 
1650180398   59.85094     59.86385    -0.12      0.13     0.18     1 
1650180399   59.85144     59.88470    -0.09      0.16     0.18     1 
1650180400   59.85193     59.90555    -0.11      0.15     0.18     1 
1650180401   59.85242     59.92641    -0.13      0.09     0.16     1 
1650180402   59.85290     59.94726    -0.18     -0.00     0.18     1 
1650180403   59.85339     59.96811    -0.20     -0.00     0.20     1 
1650180404   59.85386     59.98897    -0.33      0.01     0.33     1 
1650180405   59.85434     60.00982    -0.15     -0.06     0.16     1 
1650180472   59.84076     59.84392    -0.06      0.24     0.25     1 
1650180473   59.84126     59.86476    -0.09      0.17     0.19     1 
1650180474   59.84175     59.88561    -0.08      0.10     0.13     1 
1650180475   59.84224     59.90645    -0.04     -0.12     0.12     1 
1650180476   59.84273     59.92730    -0.23      0.10     0.25     1 
1650180477   59.84322     59.94815    -0.15     -0.07     0.17     1 
1650180478   59.84370     59.96899    -0.12     -0.17     0.21     1 
1650180479   59.84418     59.98984    -0.19      0.02     0.19     1 
1650180480   59.84466     60.01069    -0.14      0.04     0.15     1 
1650180481   59.84513     60.03154    -0.09      0.01     0.09     1 
1650180483   59.84606     60.07325    -0.30     -0.02     0.30     1 
1650180547   59.83108     59.84483    -0.05      0.18     0.19     1 
1650180548   59.83158     59.86567    -0.03      0.13     0.14     1 
1650180549   59.83207     59.88651    -0.04      0.10     0.10     1 
1650180550   59.83256     59.90735     0.12      0.07     0.14     1 
1650180551   59.83305     59.92819    -0.00      0.07     0.07     1 
1650180555   59.83497     60.01156    -0.10      0.09     0.13     1 
1650180556   59.83544     60.03241    -0.08      0.08     0.11     1 
1650180557   59.83591     60.05325    -0.13      0.06     0.15     1 
1650180558   59.83638     60.07410    -0.07     -0.02     0.07     1 
1650180559   59.83684     60.09494    -0.04     -0.13     0.14     1 
1650180560   59.83730     60.11579    -0.27     -0.16     0.32     1 
1650180561   59.83775     60.13664    -0.19     -0.06     0.20     1 
1650180563   59.83865     60.17833     0.03     -0.09     0.09     1 
1650180621   59.82089     59.82492     0.10      0.31     0.32     1 
1650180622   59.82139     59.84575     0.04      0.16     0.17     1 
1650180623   59.82189     59.86658     0.16      0.10     0.19     1 
1650180624   59.82239     59.88742     0.12      0.04     0.12     1 
1650180625   59.82288     59.90825    -0.04      0.05     0.06     1 
1650180626   59.82337     59.92909    -0.10      0.09     0.13     1 
1650180627   59.82385     59.94992    -0.16      0.02     0.16     1 
1650180628   59.82433     59.97076    -0.14     -0.01     0.14     1 
1650180629   59.82481     59.99159    -0.14      0.19     0.23     1 
1650180630   59.82529     60.01243    -0.17      0.08     0.19     1 
1650180631   59.82576     60.03327    -0.12      0.08     0.14     1 
1650180632   59.82623     60.05411     0.09      0.12     0.15     1 
1650180633   59.82669     60.07495    -0.03     -0.07     0.07     1 
1650180634   59.82715     60.09579    -0.16     -0.20     0.26     1 
1650180635   59.82761     60.11663    -0.19     -0.13     0.23     1 
1650180636   59.82807     60.13747    -0.23     -0.03     0.23     1 
1650180637   59.82852     60.15831    -0.23     -0.05     0.24     1 
1650180638   59.82897     60.17916    -0.25     -0.18     0.30     1 
1650180639   59.82941     60.20000    -0.22     -0.13     0.25     1 
1650180696   59.81121     59.82584     0.02      0.17     0.17     1 
1650180697   59.81171     59.84667     0.01      0.16     0.16     1 
1650180698   59.81221     59.86749     0.15      0.06     0.16     1 
1650180699   59.81270     59.88832     0.07      0.00     0.07     1 
1650180700   59.81319     59.90915    -0.08     -0.01     0.08     1 
1650180701   59.81368     59.92998    -0.06      0.04     0.07     1 
1650180702   59.81417     59.95081    -0.07      0.10     0.12     1 
1650180703   59.81465     59.97164    -0.15      0.08     0.17     1 
1650180704   59.81513     59.99247    -0.09      0.07     0.12     1 
1650180705   59.81560     60.01330    -0.15      0.09     0.17     1 
1650180706   59.81607     60.03413    -0.14      0.09     0.17     1 
1650180707   59.81654     60.05496    -0.13      0.01     0.13     1 
1650180708   59.81701     60.07580    -0.09     -0.04     0.10     1 
1650180709   59.81747     60.09663    -0.03     -0.10     0.11     1 
1650180710   59.81793     60.11747    -0.15     -0.04     0.15     1 
1650180711   59.81838     60.13830    -0.15      0.07     0.16     1 
1650180712   59.81883     60.15914    -0.20      0.02     0.20     1 
1650180713   59.81928     60.17997    -0.28     -0.04     0.29     1 
1650180714   59.81973     60.20081    -0.19      0.01     0.19     1 
1650180715   59.82017     60.22165    -0.06      0.02     0.06     1 
1650180716   59.82061     60.24249    -0.14     -0.00     0.14     1 
1650180717   59.82104     60.26333    -0.18     -0.07     0.19     1 
1650180771   59.80153     59.82676     0.18      0.07     0.19     1 
1650180772   59.80203     59.84758    -0.00      0.11     0.11     1 
1650180773   59.80253     59.86840     0.07      0.04     0.08     1 
1650180774   59.80302     59.88922     0.02     -0.02     0.03     1 
1650180775   59.80351     59.91004    -0.00      0.03     0.03     1 
1650180776   59.80400     59.93087     0.05     -0.03     0.06     1 
1650180777   59.80448     59.95169     0.05      0.04     0.07     1 
1650180778   59.80496     59.97252    -0.04      0.05     0.07     1 
1650180779   59.80544     59.99334    -0.02      0.04     0.05     1 
1650180780   59.80592     60.01416    -0.03      0.11     0.11     1 
1650180781   59.80639     60.03499    -0.07      0.09     0.11     1 
1650180782   59.80686     60.05582    -0.14      0.05     0.14     1 
1650180783   59.80732     60.07665    -0.08      0.00     0.08     1 
1650180784   59.80778     60.09747    -0.08      0.06     0.10     1 
1650180785   59.80824     60.11830    -0.08      0.06     0.10     1 
1650180786   59.80870     60.13913    -0.20      0.01     0.20     1 
1650180788   59.80960     60.18079    -0.31     -0.10     0.32     1 
1650180789   59.81004     60.20162    -0.13      0.04     0.14     1 
1650180790   59.81048     60.22246     0.00      0.11     0.11     1 
1650180791   59.81092     60.24329    -0.08      0.11     0.13     1 
1650180792   59.81135     60.26412    -0.18     -0.05     0.19     1 
1650180793   59.81179     60.28496    -0.21     -0.02     0.21     1 
1650180794   59.81222     60.30579    -0.21     -0.04     0.22     1 
1650180795   59.81264     60.32663     0.17     -0.14     0.21     1 
1650180846   59.79184     59.82768     0.09      0.04     0.10     1 
1650180847   59.79234     59.84850    -0.02      0.07     0.08     1 
1650180848   59.79284     59.86931    -0.12     -0.00     0.12     1 
1650180849   59.79334     59.89013    -0.02     -0.06     0.06     1 
1650180850   59.79383     59.91094     0.09     -0.03     0.10     1 
1650180851   59.79431     59.93176     0.03     -0.05     0.06     1 
1650180852   59.79480     59.95258    -0.15     -0.15     0.21     1 
1650180853   59.79528     59.97339    -0.30     -0.10     0.32     1 
1650180854   59.79576     59.99421     0.00      0.04     0.04     1 
1650180855   59.79623     60.01503    -0.04      0.10     0.11     1 
1650180856   59.79670     60.03585    -0.03      0.06     0.07     1 
1650180857   59.79717     60.05667    -0.05      0.01     0.05     1 
1650180858   59.79763     60.07749    -0.07      0.09     0.11     1 
1650180859   59.79810     60.09832    -0.00      0.09     0.09     1 
1650180860   59.79856     60.11914    -0.03      0.05     0.06     1 
1650180861   59.79901     60.13996    -0.16     -0.02     0.16     1 
1650180862   59.79946     60.16079    -0.24     -0.06     0.25     1 
1650180863   59.79991     60.18161    -0.16     -0.05     0.17     1 
1650180864   59.80035     60.20244    -0.16      0.02     0.16     1 
1650180866   59.80123     60.24409    -0.16      0.09     0.18     1 
1650180867   59.80167     60.26492    -0.07     -0.00     0.07     1 
1650180868   59.80210     60.28574    -0.09      0.00     0.09     1 
1650180869   59.80253     60.30657    -0.15      0.01     0.15     1 
1650180870   59.80295     60.32740    -0.16      0.04     0.17     1 
1650180871   59.80338     60.34823    -0.15      0.04     0.15     1 
1650180872   59.80379     60.36906    -0.13     -0.00     0.13     1 
1650180921   59.78216     59.82860    -0.07      0.12     0.13     1 
1650180922   59.78266     59.84941     0.00      0.08     0.08     1 
1650180923   59.78316     59.87022    -0.08     -0.00     0.08     1 
1650180924   59.78365     59.89103     0.00      0.06     0.06     1 
1650180925   59.78414     59.91184     0.04     -0.11     0.12     1 
1650180926   59.78463     59.93265    -0.10     -0.22     0.25     1 
1650180929   59.78607     59.99508    -0.05     -0.01     0.06     1 
1650180930   59.78655     60.01590    -0.04      0.01     0.04     1 
1650180931   59.78702     60.03671    -0.01     -0.05     0.05     1 
1650180932   59.78749     60.05753     0.02     -0.05     0.05     1 
1650180933   59.78795     60.07834    -0.06      0.05     0.08     1 
1650180934   59.78841     60.09916    -0.04      0.05     0.06     1 
1650180935   59.78887     60.11997    -0.06      0.02     0.06     1 
1650180936   59.78932     60.14079    -0.12     -0.01     0.12     1 
1650180937   59.78977     60.16161    -0.13     -0.04     0.14     1 
1650180938   59.79022     60.18243    -0.14      0.06     0.15     1 
1650180939   59.79067     60.20325    -0.16      0.07     0.17     1 
1650180940   59.79111     60.22407    -0.25      0.02     0.25     1 
1650180941   59.79155     60.24489    -0.17     -0.17     0.24     1 
1650180942   59.79198     60.26571    -0.15      0.03     0.15     1 
1650180943   59.79241     60.28653    -0.08      0.01     0.08     1 
1650180944   59.79284     60.30736    -0.10      0.00     0.10     1 
1650180945   59.79327     60.32818    -0.15      0.06     0.16     1 
1650180946   59.79369     60.34900    -0.15      0.02     0.16     1 
1650180947   59.79411     60.36983    -0.15     -0.04     0.15     1 
1650180948   59.79452     60.39065    -0.15      0.00     0.15     1 
1650180949   59.79493     60.41148    -0.14      0.01     0.14     1 
1650180950   59.79534     60.43230    -0.17      0.03     0.17     1 
1650180951   59.79575     60.45313     0.08     -0.05     0.10     1 
1650180996   59.77248     59.82952    -0.04      0.23     0.24     1 
1650180997   59.77298     59.85032     0.00      0.13     0.13     1 
1650180998   59.77347     59.87113     0.02     -0.03     0.04     1 
1650180999   59.77397     59.89193    -0.04      0.02     0.05     1 
1650181000   59.77446     59.91273    -0.05     -0.08     0.10     1 
1650181001   59.77495     59.93354    -0.09     -0.30     0.32     1 
1650181004   59.77639     59.99596    -0.05     -0.01     0.05     1 
1650181005   59.77686     60.01676    -0.09     -0.04     0.10     1 
1650181006   59.77733     60.03757    -0.11     -0.06     0.13     1 
1650181007   59.77780     60.05838    -0.09     -0.15     0.17     1 
1650181008   59.77826     60.07919    -0.00     -0.03     0.03     1 
1650181009   59.77873     60.10000     0.00     -0.07     0.07     1 
1650181010   59.77918     60.12081    -0.01      0.03     0.03     1 
1650181011   59.77964     60.14162     0.08      0.02     0.08     1 
1650181012   59.78009     60.16243     0.06     -0.00     0.06     1 
1650181013   59.78054     60.18325    -0.01      0.07     0.07     1 
1650181014   59.78098     60.20406    -0.05      0.12     0.13     1 
1650181015   59.78142     60.22487    -0.14     -0.02     0.14     1 
1650181016   59.78186     60.24569    -0.16     -0.11     0.19     1 
1650181017   59.78229     60.26650    -0.15      0.08     0.17     1 
1650181018   59.78273     60.28732    -0.09      0.03     0.09     1 
1650181019   59.78315     60.30814    -0.13     -0.03     0.13     1 
1650181020   59.78358     60.32895    -0.27      0.12     0.29     1 
1650181021   59.78400     60.34977    -0.20     -0.07     0.21     1 
1650181022   59.78442     60.37059    -0.05     -0.02     0.05     1 
1650181023   59.78483     60.39141    -0.06      0.02     0.06     1 
1650181024   59.78525     60.41223    -0.05      0.01     0.05     1 
1650181025   59.78565     60.43305    -0.09      0.05     0.10     1 
1650181026   59.78606     60.45387    -0.17      0.01     0.17     1 
1650181027   59.78646     60.47469    -0.07      0.01     0.07     1 
1650181028   59.78686     60.49551    -0.16      0.04     0.17     1 
1650181029   59.78725     60.51633     0.07     -0.03     0.08     1 
1650181070   59.76229     59.80965    -0.01      0.16     0.16     1 
1650181071   59.76279     59.83044    -0.07      0.20     0.21     1 
1650181072   59.76329     59.85124    -0.09      0.08     0.12     1 
1650181073   59.76379     59.87203    -0.01      0.01     0.01     1 
1650181074   59.76429     59.89283    -0.08     -0.00     0.08     1 
1650181075   59.76478     59.91363    -0.05     -0.00     0.05     1 
1650181076   59.76526     59.93443    -0.03     -0.13     0.14     1 
1650181079   59.76670     59.99683    -0.03     -0.07     0.08     1 
1650181080   59.76718     60.01763    -0.10     -0.12     0.15     1 
1650181081   59.76765     60.03843    -0.10     -0.10     0.14     1 
1650181082   59.76812     60.05923    -0.07     -0.11     0.13     1 
1650181083   59.76858     60.08004    -0.07     -0.05     0.09     1 
1650181084   59.76904     60.10084    -0.06     -0.17     0.18     1 
1650181085   59.76950     60.12164    -0.04     -0.01     0.04     1 
1650181086   59.76995     60.14245    -0.06     -0.01     0.06     1 
1650181087   59.77040     60.16326    -0.07     -0.06     0.10     1 
1650181088   59.77085     60.18406     0.04     -0.01     0.04     1 
1650181089   59.77130     60.20487    -0.05      0.01     0.05     1 
1650181090   59.77174     60.22568     0.01      0.02     0.02     1 
1650181091   59.77217     60.24649    -0.06      0.05     0.08     1 
1650181092   59.77261     60.26730    -0.06      0.09     0.11     1 
1650181093   59.77304     60.28811    -0.04      0.06     0.07     1 
1650181094   59.77347     60.30892     0.01      0.04     0.04     1 
1650181095   59.77389     60.32973    -0.12      0.01     0.12     1 
1650181096   59.77431     60.35054    -0.09      0.05     0.11     1 
1650181097   59.77473     60.37135    -0.05      0.07     0.09     1 
1650181098   59.77515     60.39216    -0.02      0.03     0.04     1 
1650181099   59.77556     60.41298    -0.01      0.03     0.03     1 
1650181100   59.77596     60.43379    -0.02      0.03     0.03     1 
1650181101   59.77637     60.45461    -0.06     -0.01     0.06     1 
1650181102   59.77677     60.47542     0.00      0.10     0.10     1 
1650181103   59.77717     60.49624    -0.01     -0.02     0.03     1 
1650181104   59.77756     60.51706    -0.04      0.06     0.07     1 
1650181105   59.77796     60.53787    -0.14      0.12     0.19     1 
1650181106   59.77834     60.55869    -0.13      0.07     0.15     1 
1650181145   59.75261     59.81057    -0.03      0.08     0.09     1 
1650181146   59.75311     59.83136    -0.11      0.04     0.12     1 
1650181147   59.75361     59.85215    -0.16      0.03     0.16     1 
1650181148   59.75411     59.87294    -0.08     -0.04     0.09     1 
1650181149   59.75460     59.89373    -0.13      0.00     0.13     1 
1650181150   59.75509     59.91452    -0.12      0.03     0.12     1 
1650181151   59.75558     59.93531    -0.06      0.00     0.06     1 
1650181153   59.75654     59.97690     0.20     -0.22     0.30     1 
1650181154   59.75702     59.99770     0.02     -0.10     0.10     1 
1650181155   59.75749     60.01849    -0.03     -0.11     0.11     1 
1650181156   59.75796     60.03929    -0.07     -0.12     0.14     1 
1650181157   59.75843     60.06008    -0.11     -0.11     0.16     1 
1650181158   59.75889     60.08088    -0.13     -0.12     0.18     1 
1650181159   59.75935     60.10168    -0.16     -0.00     0.16     1 
1650181160   59.75981     60.12248    -0.13     -0.02     0.13     1 
1650181161   59.76027     60.14328    -0.13     -0.06     0.15     1 
1650181162   59.76072     60.16408    -0.07     -0.07     0.09     1 
1650181163   59.76116     60.18488     0.01     -0.08     0.08     1 
1650181164   59.76161     60.20568    -0.03     -0.01     0.03     1 
1650181165   59.76205     60.22648    -0.01      0.00     0.01     1 
1650181166   59.76249     60.24728    -0.01     -0.01     0.02     1 
1650181167   59.76292     60.26809     0.02      0.04     0.04     1 
1650181168   59.76335     60.28889    -0.00      0.02     0.02     1 
1650181169   59.76378     60.30970     0.01      0.02     0.03     1 
1650181170   59.76420     60.33050    -0.05      0.01     0.05     1 
1650181171   59.76463     60.35131    -0.06      0.06     0.08     1 
1650181172   59.76504     60.37211    -0.06      0.13     0.15     1 
1650181173   59.76546     60.39292    -0.02      0.08     0.08     1 
1650181174   59.76587     60.41373    -0.06      0.07     0.09     1 
1650181175   59.76628     60.43454    -0.00      0.01     0.01     1 
1650181176   59.76668     60.45535    -0.04      0.03     0.05     1 
1650181177   59.76708     60.47615    -0.04      0.05     0.06     1 
1650181178   59.76748     60.49697     0.01     -0.12     0.12     1 
1650181179   59.76787     60.51778     0.03     -0.04     0.05     1 
1650181180   59.76827     60.53859    -0.06      0.12     0.14     1 
1650181181   59.76866     60.55940    -0.09      0.05     0.10     1 
1650181182   59.76904     60.58021    -0.04     -0.03     0.06     1 
1650181183   59.76942     60.60102    -0.05      0.03     0.06     1 
1650181184   59.76980     60.62184    -0.04      0.08     0.09     1 
1650181218   59.74191     59.76993    -0.11      0.20     0.22     1 
1650181219   59.74242     59.79071     0.00      0.06     0.06     1 
1650181220   59.74292     59.81149    -0.04      0.06     0.07     1 
1650181221   59.74343     59.83228    -0.15      0.00     0.15     1 
1650181222   59.74393     59.85306    -0.16      0.01     0.16     1 
1650181223   59.74442     59.87384    -0.11     -0.06     0.13     1 
1650181224   59.74492     59.89463    -0.12     -0.01     0.12     1 
1650181225   59.74541     59.91542    -0.13      0.01     0.13     1 
1650181226   59.74589     59.93620    -0.12      0.00     0.12     1 
1650181227   59.74638     59.95699    -0.04      0.08     0.09     1 
1650181228   59.74686     59.97778    -0.03      0.04     0.05     1 
1650181229   59.74733     59.99856    -0.03     -0.04     0.05     1 
1650181230   59.74781     60.01935    -0.07     -0.03     0.08     1 
1650181231   59.74828     60.04015    -0.10     -0.08     0.13     1 
1650181232   59.74874     60.06094    -0.11     -0.03     0.11     1 
1650181233   59.74921     60.08173    -0.12     -0.04     0.13     1 
1650181234   59.74967     60.10252    -0.12      0.06     0.13     1 
1650181235   59.75013     60.12331    -0.13      0.01     0.13     1 
1650181236   59.75058     60.14411    -0.08     -0.03     0.09     1 
1650181237   59.75103     60.16490    -0.04     -0.05     0.07     1 
1650181238   59.75148     60.18569     0.00     -0.07     0.07     1 
1650181239   59.75192     60.20649    -0.04     -0.04     0.06     1 
1650181240   59.75236     60.22729    -0.05     -0.07     0.09     1 
1650181241   59.75280     60.24808    -0.19     -0.22     0.29     1 
1650181242   59.75323     60.26888     0.02     -0.02     0.03     1 
1650181243   59.75366     60.28968    -0.05      0.00     0.05     1 
1650181244   59.75409     60.31048    -0.05      0.02     0.06     1 
1650181245   59.75452     60.33127     0.05      0.08     0.10     1 
1650181246   59.75494     60.35207     0.06      0.11     0.12     1 
1650181247   59.75536     60.37288    -0.04      0.06     0.07     1 
1650181248   59.75577     60.39368    -0.07      0.14     0.16     1 
1650181249   59.75618     60.41448    -0.01      0.10     0.10     1 
1650181250   59.75659     60.43528    -0.03      0.08     0.09     1 
1650181251   59.75699     60.45608    -0.06      0.08     0.10     1 
1650181252   59.75739     60.47689    -0.02      0.07     0.07     1 
1650181253   59.75779     60.49769    -0.00     -0.04     0.04     1 
1650181254   59.75819     60.51850     0.07      0.01     0.07     1 
1650181255   59.75858     60.53930     0.07      0.13     0.15     1 
1650181256   59.75897     60.56011    -0.05      0.13     0.14     1 
1650181257   59.75935     60.58091    -0.03      0.04     0.05     1 
1650181258   59.75973     60.60172    -0.02      0.02     0.03     1 
1650181259   59.76011     60.62253    -0.03      0.08     0.08     1 
1650181260   59.76049     60.64333    -0.03      0.01     0.03     1 
1650181261   59.76086     60.66414    -0.06     -0.04     0.07     1 
1650181262   59.76123     60.68495    -0.06     -0.01     0.07     1 
1650181263   59.76159     60.70576     0.19     -0.04     0.19     1 
1650181294   59.73273     59.79164     0.00      0.05     0.05     1 
1650181295   59.73324     59.81242    -0.08      0.04     0.09     1 
1650181296   59.73374     59.83319    -0.16      0.00     0.16     1 
1650181297   59.73424     59.85397    -0.12     -0.02     0.13     1 
1650181298   59.73474     59.87475    -0.13     -0.05     0.14     1 
1650181299   59.73523     59.89553    -0.07     -0.03     0.08     1 
1650181300   59.73572     59.91631    -0.05     -0.02     0.06     1 
1650181301   59.73621     59.93709    -0.07     -0.01     0.07     1 
1650181302   59.73669     59.95787    -0.14      0.04     0.14     1 
1650181303   59.73717     59.97865    -0.14     -0.00     0.14     1 
1650181304   59.73765     59.99943    -0.02      0.00     0.02     1 
1650181305   59.73812     60.02022    -0.11     -0.04     0.11     1 
1650181306   59.73859     60.04100    -0.19     -0.11     0.21     1 
1650181307   59.73906     60.06179    -0.16      0.03     0.17     1 
1650181308   59.73952     60.08257    -0.15      0.01     0.15     1 
1650181309   59.73998     60.10336    -0.14      0.07     0.15     1 
1650181310   59.74044     60.12414    -0.10     -0.01     0.10     1 
1650181311   59.74089     60.14493    -0.01      0.02     0.02     1 
1650181312   59.74134     60.16572     0.02      0.05     0.05     1 
1650181313   59.74179     60.18651    -0.04      0.02     0.04     1 
1650181314   59.74224     60.20730    -0.09     -0.02     0.09     1 
1650181315   59.74268     60.22809    -0.13     -0.13     0.18     1 
1650181316   59.74311     60.24888    -0.17     -0.25     0.30     1 
1650181317   59.74355     60.26967    -0.05     -0.13     0.14     1 
1650181318   59.74398     60.29046    -0.04     -0.02     0.04     1 
1650181319   59.74441     60.31126    -0.05      0.05     0.07     1 
1650181320   59.74483     60.33205     0.02      0.06     0.07     1 
1650181321   59.74525     60.35284     0.02      0.11     0.11     1 
1650181322   59.74567     60.37364    -0.06     -0.03     0.07     1 
1650181323   59.74608     60.39443    -0.08      0.10     0.13     1 
1650181324   59.74649     60.41523    -0.01      0.18     0.18     1 
1650181325   59.74690     60.43602     0.03      0.12     0.12     1 
1650181326   59.74730     60.45682    -0.00      0.09     0.09     1 
1650181327   59.74771     60.47762    -0.04      0.07     0.08     1 
1650181328   59.74810     60.49842    -0.02      0.08     0.08     1 
1650181329   59.74850     60.51921    -0.02      0.07     0.08     1 
1650181330   59.74889     60.54001    -0.01      0.10     0.10     1 
1650181331   59.74928     60.56081     0.04      0.07     0.08     1 
1650181332   59.74966     60.58161     0.14      0.13     0.19     1 
1650181333   59.75004     60.60241     0.07      0.32     0.32     1 
1650181334   59.75042     60.62321     0.05      0.10     0.11     1 
1650181335   59.75079     60.64402     0.02      0.04     0.05     1 
1650181336   59.75117     60.66482    -0.01      0.01     0.02     1 
1650181337   59.75153     60.68562     0.02      0.06     0.07     1 
1650181338   59.75190     60.70643     0.01     -0.00     0.01     1 
1650181339   59.75226     60.72723     0.00      0.06     0.06     1 
1650181340   59.75262     60.74803    -0.01      0.04     0.04     1 
1650181368   59.72254     59.77180     0.01      0.20     0.20     1 
1650181369   59.72305     59.79257    -0.10      0.04     0.10     1 
1650181370   59.72356     59.81334    -0.08     -0.00     0.08     1 
1650181371   59.72406     59.83411    -0.09     -0.03     0.10     1 
1650181372   59.72456     59.85488    -0.09     -0.03     0.09     1 
1650181373   59.72506     59.87565    -0.08      0.00     0.08     1 
1650181374   59.72555     59.89643    -0.04     -0.01     0.04     1 
1650181375   59.72604     59.91720    -0.03      0.01     0.03     1 
1650181376   59.72653     59.93797    -0.04     -0.01     0.04     1 
1650181377   59.72701     59.95875    -0.02      0.01     0.02     1 
1650181378   59.72749     59.97953    -0.14     -0.14     0.20     1 
1650181379   59.72796     60.00030    -0.11     -0.03     0.12     1 
1650181380   59.72844     60.02108    -0.12     -0.02     0.12     1 
1650181381   59.72891     60.04186    -0.13     -0.08     0.16     1 
1650181382   59.72937     60.06264    -0.13     -0.01     0.13     1 
1650181383   59.72984     60.08342    -0.14      0.01     0.14     1 
1650181384   59.73030     60.10420    -0.15      0.03     0.16     1 
1650181385   59.73076     60.12498    -0.15     -0.02     0.15     1 
1650181386   59.73121     60.14576    -0.03      0.03     0.04     1 
1650181387   59.73166     60.16654     0.04      0.02     0.05     1 
1650181388   59.73210     60.18732     0.04     -0.04     0.05     1 
1650181389   59.73255     60.20811    -0.05     -0.03     0.06     1 
1650181390   59.73299     60.22889    -0.07     -0.05     0.09     1 
1650181391   59.73343     60.24968    -0.07     -0.06     0.09     1 
1650181392   59.73386     60.27046    -0.15     -0.09     0.18     1 
1650181393   59.73429     60.29125    -0.05     -0.08     0.09     1 
1650181394   59.73472     60.31203    -0.01     -0.00     0.01     1 
1650181395   59.73514     60.33282     0.03      0.02     0.04     1 
1650181396   59.73556     60.35361     0.04      0.04     0.06     1 
1650181397   59.73598     60.37440    -0.04      0.05     0.06     1 
1650181398   59.73639     60.39518    -0.04      0.01     0.04     1 
1650181399   59.73680     60.41598    -0.05      0.13     0.13     1 
1650181400   59.73721     60.43677    -0.03      0.15     0.15     1 
1650181401   59.73762     60.45756     0.01      0.11     0.11     1 
1650181402   59.73802     60.47835    -0.00      0.11     0.11     1 
1650181403   59.73841     60.49914     0.01      0.10     0.10     1 
1650181404   59.73881     60.51993     0.05      0.13     0.14     1 
1650181405   59.73920     60.54073     0.03      0.17     0.17     1 
1650181406   59.73959     60.56152     0.01      0.02     0.03     1 
1650181407   59.73997     60.58231     0.04      0.10     0.11     1 
1650181409   59.74073     60.62390     0.08      0.14     0.16     1 
1650181410   59.74111     60.64470     0.02      0.01     0.03     1 
1650181411   59.74148     60.66549     0.09     -0.01     0.09     1 
1650181412   59.74184     60.68629     0.04      0.11     0.11     1 
1650181413   59.74221     60.70709     0.01      0.03     0.03     1 
1650181414   59.74257     60.72789     0.00      0.02     0.02     1 
1650181415   59.74293     60.74869    -0.02      0.02     0.03     1 
1650181416   59.74328     60.76949    -0.00      0.01     0.01     1 
1650181417   59.74364     60.79028    -0.04      0.03     0.05     1 
1650181418   59.74398     60.81108    -0.08      0.02     0.08     1 
1650181443   59.71286     59.77273     0.01      0.07     0.08     1 
1650181444   59.71337     59.79350    -0.01      0.05     0.05     1 
1650181445   59.71388     59.81426    -0.09      0.03     0.09     1 
1650181446   59.71438     59.83502    -0.10     -0.02     0.10     1 
1650181447   59.71488     59.85579    -0.09     -0.03     0.09     1 
1650181448   59.71537     59.87656    -0.06     -0.00     0.06     1 
1650181449   59.71587     59.89732    -0.08     -0.02     0.08     1 
1650181450   59.71636     59.91809    -0.10     -0.01     0.10     1 
1650181451   59.71684     59.93886    -0.11     -0.07     0.13     1 
1650181452   59.71732     59.95963    -0.19      0.07     0.20     1 
1650181453   59.71780     59.98040    -0.22      0.07     0.23     1 
1650181454   59.71828     60.00117    -0.17     -0.00     0.17     1 
1650181455   59.71875     60.02194    -0.19     -0.04     0.19     1 
1650181456   59.71922     60.04271    -0.23     -0.07     0.24     1 
1650181457   59.71969     60.06349    -0.16     -0.04     0.16     1 
1650181458   59.72015     60.08426    -0.25     -0.07     0.26     1 
1650181459   59.72061     60.10503    -0.14     -0.01     0.14     1 
1650181460   59.72107     60.12581    -0.10      0.01     0.10     1 
1650181461   59.72152     60.14658    -0.06      0.03     0.07     1 
1650181462   59.72197     60.16736     0.00      0.04     0.04     1 
1650181463   59.72242     60.18814     0.02      0.01     0.02     1 
1650181464   59.72286     60.20891    -0.06      0.01     0.06     1 
1650181465   59.72330     60.22969    -0.02      0.02     0.03     1 
1650181466   59.72374     60.25047    -0.01     -0.04     0.04     1 
1650181467   59.72417     60.27125    -0.06     -0.02     0.07     1 
1650181468   59.72460     60.29203    -0.08     -0.09     0.12     1 
1650181469   59.72503     60.31281     0.01     -0.10     0.10     1 
1650181470   59.72545     60.33359     0.07      0.08     0.11     1 
1650181471   59.72588     60.35437     0.08     -0.01     0.08     1 
1650181472   59.72629     60.37516    -0.07      0.06     0.09     1 
1650181474   59.72712     60.41672     0.02      0.02     0.03     1 
1650181475   59.72752     60.43751     0.01      0.03     0.03     1 
1650181476   59.72793     60.45829    -0.02      0.02     0.03     1 
1650181477   59.72833     60.47908     0.16     -0.04     0.17     1 
1650181478   59.72873     60.49986     0.05      0.09     0.10     1 
1650181479   59.72912     60.52065     0.06      0.13     0.14     1 
1650181480   59.72951     60.54144     0.06      0.19     0.20     1 
1650181481   59.72990     60.56222    -0.02      0.09     0.09     1 
1650181482   59.73028     60.58301     0.16      0.21     0.26     1 
1650181483   59.73066     60.60380    -0.01      0.20     0.20     1 
1650181484   59.73104     60.62459    -0.10      0.14     0.17     1 
1650181485   59.73142     60.64538    -0.04     -0.07     0.08     1 
1650181486   59.73179     60.66617     0.08     -0.01     0.08     1 
1650181487   59.73215     60.68696     0.01      0.02     0.03     1 
1650181488   59.73252     60.70775     0.01     -0.02     0.02     1 
1650181489   59.73288     60.72854    -0.02      0.04     0.04     1 
1650181490   59.73324     60.74934    -0.00      0.03     0.03     1 
1650181491   59.73359     60.77013     0.01      0.04     0.04     1 
1650181492   59.73394     60.79092    -0.01      0.03     0.03     1 
1650181493   59.73429     60.81172    -0.05      0.00     0.05     1 
1650181494   59.73464     60.83251    -0.12      0.08     0.15     1 
1650181495   59.73498     60.85331    -0.16      0.06     0.17     1 
1650181496   59.73532     60.87410    -0.16     -0.03     0.17     1 
1650181518   59.70318     59.77366     0.02      0.09     0.10     1 
1650181519   59.70369     59.79442     0.00      0.06     0.06     1 
1650181520   59.70419     59.81518    -0.11     -0.01     0.11     1 
1650181521   59.70470     59.83594    -0.11     -0.01     0.11     1 
1650181522   59.70519     59.85670    -0.05      0.03     0.05     1 
1650181523   59.70569     59.87746    -0.05     -0.01     0.05     1 
1650181524   59.70618     59.89822    -0.14     -0.06     0.16     1 
1650181525   59.70667     59.91898    -0.12     -0.08     0.14     1 
1650181529   59.70860     60.00204    -0.16     -0.01     0.16     1 
1650181530   59.70907     60.02280    -0.10     -0.04     0.11     1 
1650181531   59.70954     60.04357    -0.07     -0.12     0.13     1 
1650181532   59.71000     60.06434    -0.15     -0.06     0.16     1 
1650181533   59.71047     60.08510    -0.24     -0.13     0.27     1 
1650181534   59.71093     60.10587    -0.16     -0.14     0.21     1 
1650181535   59.71138     60.12664    -0.11     -0.01     0.11     1 
1650181536   59.71184     60.14741    -0.10      0.03     0.11     1 
1650181537   59.71229     60.16818    -0.12      0.00     0.12     1 
1650181538   59.71273     60.18895    -0.06     -0.03     0.07     1 
1650181539   59.71318     60.20972    -0.12     -0.01     0.12     1 
1650181540   59.71362     60.23049    -0.05      0.03     0.06     1 
1650181541   59.71405     60.25127    -0.01      0.01     0.02     1 
1650181542   59.71449     60.27204    -0.06      0.02     0.06     1 
1650181543   59.71492     60.29281     0.01     -0.01     0.01     1 
1650181544   59.71534     60.31359     0.08     -0.03     0.08     1 
1650181545   59.71577     60.33436     0.07      0.09     0.11     1 
1650181546   59.71619     60.35514    -0.03     -0.02     0.03     1 
1650181547   59.71660     60.37591     0.00      0.17     0.17     1 
1650181548   59.71702     60.39669     0.01      0.13     0.13     1 
1650181549   59.71743     60.41747    -0.01     -0.00     0.01     1 
1650181550   59.71784     60.43825     0.09     -0.01     0.09     1 
1650181551   59.71824     60.45903     0.13      0.01     0.13     1 
1650181552   59.71864     60.47981     0.11      0.03     0.11     1 
1650181553   59.71904     60.50059    -0.00      0.09     0.09     1 
1650181554   59.71943     60.52137     0.01      0.08     0.08     1 
1650181555   59.71982     60.54215     0.06      0.07     0.09     1 
1650181557   59.72059     60.58371     0.22      0.20     0.30     1 
1650181558   59.72097     60.60449     0.15      0.10     0.18     1 
1650181559   59.72135     60.62528     0.17      0.11     0.20     1 
1650181560   59.72173     60.64606     0.17     -0.03     0.17     1 
1650181561   59.72210     60.66685     0.09      0.04     0.09     1 
1650181562   59.72246     60.68763     0.05      0.01     0.05     1 
1650181563   59.72283     60.70842     0.02     -0.01     0.03     1 
1650181564   59.72319     60.72920     0.01      0.13     0.13     1 
1650181565   59.72355     60.74999    -0.01      0.06     0.06     1 
1650181566   59.72390     60.77078     0.02      0.05     0.06     1 
1650181567   59.72425     60.79156    -0.00      0.06     0.06     1 
1650181568   59.72460     60.81235    -0.04      0.03     0.05     1 
1650181569   59.72495     60.83314    -0.09      0.06     0.10     1 
1650181570   59.72529     60.85393    -0.10      0.02     0.10     1 
1650181571   59.72563     60.87472    -0.16     -0.04     0.16     1 
1650181572   59.72596     60.89551    -0.21     -0.10     0.23     1 
1650181592   59.69298     59.75385     0.08      0.26     0.27     1 
1650181593   59.69349     59.77460     0.02      0.06     0.06     1 
1650181594   59.69400     59.79535    -0.04      0.02     0.05     1 
1650181595   59.69451     59.81610    -0.06      0.01     0.06     1 
1650181596   59.69501     59.83685    -0.11      0.04     0.11     1 
1650181597   59.69551     59.85761    -0.09      0.07     0.12     1 
1650181598   59.69601     59.87836    -0.09     -0.01     0.09     1 
1650181599   59.69650     59.89912    -0.10     -0.12     0.16     1 
1650181603   59.69844     59.98215    -0.14     -0.15     0.20     1 
1650181604   59.69891     60.00290    -0.10     -0.09     0.13     1 
1650181605   59.69938     60.02366    -0.06     -0.08     0.10     1 
1650181606   59.69985     60.04442    -0.03     -0.11     0.11     1 
1650181607   59.70032     60.06518    -0.16     -0.08     0.18     1 
1650181608   59.70078     60.08595    -0.15     -0.15     0.21     1 
1650181609   59.70124     60.10671    -0.08     -0.19     0.20     1 
1650181610   59.70170     60.12747    -0.08     -0.06     0.11     1 
1650181611   59.70215     60.14823    -0.10      0.03     0.10     1 
1650181612   59.70260     60.16900    -0.09      0.00     0.09     1 
1650181613   59.70305     60.18976    -0.07     -0.08     0.11     1 
1650181614   59.70349     60.21053    -0.19     -0.01     0.19     1 
1650181615   59.70393     60.23129    -0.02      0.08     0.08     1 
1650181616   59.70437     60.25206    -0.05      0.19     0.19     1 
1650181617   59.70480     60.27283    -0.04      0.13     0.13     1 
1650181618   59.70523     60.29360    -0.01      0.03     0.03     1 
1650181619   59.70566     60.31437    -0.01      0.03     0.03     1 
1650181620   59.70608     60.33513    -0.07      0.02     0.07     1 
1650181621   59.70650     60.35590     0.03      0.05     0.06     1 
1650181622   59.70692     60.37667     0.01      0.14     0.15     1 
1650181623   59.70733     60.39744     0.03      0.16     0.17     1 
1650181624   59.70774     60.41822     0.00     -0.01     0.01     1 
1650181625   59.70815     60.43899     0.02      0.01     0.02     1 
1650181626   59.70855     60.45976    -0.01      0.07     0.07     1 
1650181627   59.70895     60.48054    -0.00      0.07     0.07     1 
1650181628   59.70935     60.50131     0.00      0.07     0.07     1 
1650181629   59.70974     60.52208     0.03      0.07     0.08     1 
1650181630   59.71013     60.54286     0.10     -0.03     0.10     1 
1650181632   59.71090     60.58441     0.14      0.09     0.17     1 
1650181633   59.71128     60.60519     0.12      0.13     0.17     1 
1650181634   59.71166     60.62597     0.09      0.12     0.15     1 
1650181635   59.71204     60.64674     0.11      0.18     0.21     1 
1650181637   59.71278     60.68830     0.09      0.05     0.10     1 
1650181638   59.71314     60.70908     0.01      0.01     0.02     1 
1650181639   59.71350     60.72986     0.05      0.13     0.14     1 
1650181640   59.71386     60.75064     0.01      0.11     0.11     1 
1650181641   59.71421     60.77142     0.01      0.05     0.05     1 
1650181642   59.71456     60.79220    -0.00      0.04     0.04     1 
1650181643   59.71491     60.81298    -0.01      0.06     0.06     1 
1650181644   59.71526     60.83377    -0.02      0.03     0.03     1 
1650181645   59.71560     60.85455    -0.09     -0.02     0.09     1 
1650181646   59.71594     60.87533    -0.15     -0.04     0.16     1 
1650181647   59.71627     60.89612    -0.19     -0.08     0.21     1 
1650181667   59.68330     59.75478    -0.06     -0.06     0.09     1 
1650181668   59.68381     59.77553    -0.04      0.03     0.05     1 
1650181669   59.68432     59.79627    -0.25     -0.00     0.25     1 
1650181670   59.68483     59.81702    -0.24     -0.05     0.24     1 
1650181671   59.68533     59.83777    -0.14     -0.04     0.15     1 
1650181672   59.68583     59.85851    -0.13      0.03     0.13     1 
1650181673   59.68632     59.87926    -0.16      0.02     0.16     1 
1650181674   59.68681     59.90001    -0.03     -0.12     0.13     1 
1650181675   59.68730     59.92076     0.28     -0.14     0.31     1 
1650181678   59.68875     59.98302    -0.10     -0.10     0.15     1 
1650181679   59.68923     60.00377    -0.14     -0.09     0.17     1 
1650181680   59.68970     60.02452    -0.09     -0.13     0.16     1 
1650181681   59.69017     60.04528    -0.06     -0.13     0.14     1 
1650181682   59.69063     60.06603    -0.09     -0.12     0.15     1 
1650181683   59.69110     60.08679    -0.18     -0.06     0.19     1 
1650181684   59.69156     60.10754    -0.07     -0.08     0.10     1 
1650181685   59.69201     60.12830    -0.09     -0.04     0.10     1 
1650181686   59.69246     60.14906    -0.09      0.03     0.10     1 
1650181687   59.69291     60.16982    -0.07      0.02     0.08     1 
1650181688   59.69336     60.19058    -0.10     -0.02     0.10     1 
1650181689   59.69380     60.21133    -0.11     -0.00     0.11     1 
1650181690   59.69424     60.23209    -0.01      0.02     0.03     1 
1650181691   59.69468     60.25285    -0.05      0.16     0.17     1 
1650181692   59.69511     60.27362    -0.02      0.09     0.09     1 
1650181693   59.69554     60.29438    -0.03      0.07     0.07     1 
1650181694   59.69597     60.31514    -0.01      0.02     0.03     1 
1650181695   59.69639     60.33590     0.00      0.03     0.03     1 
1650181696   59.69681     60.35667     0.09      0.06     0.11     1 
1650181697   59.69723     60.37743     0.07      0.08     0.10     1 
1650181698   59.69764     60.39820    -0.00      0.10     0.10     1 
1650181699   59.69805     60.41896    -0.02      0.03     0.04     1 
1650181700   59.69846     60.43973     0.05      0.09     0.11     1 
1650181701   59.69886     60.46050     0.04      0.11     0.12     1 
1650181702   59.69926     60.48126     0.02      0.07     0.07     1 
1650181703   59.69966     60.50203     0.07      0.11     0.13     1 
1650181705   59.70044     60.54357     0.17      0.03     0.17     1 
1650181706   59.70083     60.56434     0.11      0.05     0.12     1 
1650181707   59.70121     60.58511     0.08      0.06     0.10     1 
1650181708   59.70159     60.60588    -0.01      0.12     0.12     1 
1650181709   59.70197     60.62665     0.04      0.13     0.14     1 
1650181710   59.70235     60.64742     0.09      0.17     0.19     1 
1650181712   59.70308     60.68897     0.16      0.18     0.24     1 
1650181713   59.70345     60.70974     0.09      0.14     0.17     1 
1650181714   59.70381     60.73052     0.12      0.15     0.19     1 
1650181715   59.70417     60.75129     0.16      0.22     0.27     1 
1650181716   59.70452     60.77206     0.05      0.10     0.11     1 
1650181717   59.70487     60.79284     0.02      0.09     0.10     1 
1650181718   59.70522     60.81362    -0.00      0.04     0.04     1 
1650181719   59.70556     60.83439    -0.02      0.02     0.03     1 
1650181720   59.70591     60.85517    -0.08     -0.00     0.08     1 
1650181721   59.70624     60.87595    -0.16     -0.04     0.16     1 
1650181742   59.67362     59.75572    -0.28     -0.19     0.34     1 
1650181743   59.67413     59.77646    -0.24     -0.09     0.25     1 
1650181744   59.67464     59.79720    -0.21     -0.07     0.22     1 
1650181745   59.67514     59.81794    -0.23     -0.13     0.27     1 
1650181746   59.67565     59.83868    -0.24     -0.20     0.31     1 
1650181747   59.67614     59.85942     0.01     -0.17     0.17     1 
1650181748   59.67664     59.88016    -0.09     -0.09     0.12     1 
1650181749   59.67713     59.90091     0.16     -0.04     0.16     1 
1650181750   59.67762     59.92165     0.11      0.04     0.12     1 
1650181751   59.67810     59.94240    -0.01     -0.20     0.20     1 
1650181752   59.67859     59.96314    -0.06     -0.19     0.20     1 
1650181753   59.67907     59.98389    -0.05     -0.09     0.11     1 
1650181754   59.67954     60.00464    -0.07     -0.09     0.11     1 
1650181755   59.68001     60.02538    -0.14     -0.17     0.22     1 
1650181756   59.68048     60.04613    -0.10     -0.17     0.20     1 
1650181757   59.68095     60.06688    -0.06     -0.17     0.19     1 
1650181758   59.68141     60.08763    -0.13     -0.07     0.15     1 
1650181759   59.68187     60.10838    -0.11     -0.05     0.12     1 
1650181760   59.68232     60.12913    -0.10     -0.01     0.10     1 
1650181761   59.68278     60.14988    -0.06      0.02     0.07     1 
1650181762   59.68323     60.17063    -0.06      0.01     0.06     1 
1650181763   59.68367     60.19139    -0.08      0.04     0.09     1 
1650181764   59.68412     60.21214    -0.05      0.05     0.07     1 
1650181765   59.68456     60.23289    -0.04      0.01     0.04     1 
1650181766   59.68499     60.25365    -0.02     -0.01     0.03     1 
1650181767   59.68543     60.27440    -0.02     -0.03     0.04     1 
1650181768   59.68585     60.29516    -0.04     -0.02     0.05     1 
1650181769   59.68628     60.31592    -0.12     -0.02     0.12     1 
1650181771   59.68712     60.35743     0.12      0.05     0.13     1 
1650181772   59.68754     60.37819     0.04      0.07     0.08     1 
1650181773   59.68795     60.39895    -0.01      0.11     0.11     1 
1650181774   59.68836     60.41971    -0.04      0.11     0.12     1 
1650181775   59.68877     60.44047     0.09      0.14     0.17     1 
1650181776   59.68917     60.46123     0.04      0.10     0.11     1 
1650181777   59.68957     60.48199     0.01      0.07     0.07     1 
1650181778   59.68997     60.50275     0.11      0.17     0.20     1 
1650181780   59.69075     60.54428    -0.01      0.03     0.03     1 
1650181781   59.69114     60.56504     0.04     -0.01     0.04     1 
1650181782   59.69152     60.58581    -0.01     -0.02     0.02     1 
1650181783   59.69190     60.60657     0.02      0.03     0.04     1 
1650181784   59.69228     60.62734     0.05      0.11     0.13     1 
1650181785   59.69266     60.64810     0.06      0.15     0.16     1 
1650181788   59.69376     60.71040     0.20      0.16     0.25     1 
1650181789   59.69412     60.73117     0.10      0.09     0.14     1 
1650181790   59.69448     60.75194     0.13      0.25     0.28     1 
1650181791   59.69483     60.77271     0.10      0.15     0.18     1 
1650181792   59.69518     60.79348     0.11      0.04     0.12     1 
1650181793   59.69553     60.81425    -0.09      0.06     0.11     1 
1650181794   59.69587     60.83502    -0.17      0.00     0.17     1 
1650181795   59.69621     60.85579    -0.07     -0.04     0.08     1 
1650181796   59.69655     60.87656    -0.16     -0.02     0.16     1 
1650181817   59.66394     59.75666    -0.28     -0.01     0.28     1 
1650181819   59.66495     59.79812    -0.11     -0.09     0.15     1 
1650181820   59.66546     59.81886    -0.12     -0.07     0.14     1 
1650181821   59.66596     59.83959    -0.11     -0.10     0.15     1 
1650181822   59.66646     59.86033    -0.11     -0.08     0.14     1 
1650181823   59.66696     59.88106    -0.08     -0.04     0.09     1 
1650181824   59.66745     59.90180     0.08     -0.08     0.11     1 
1650181825   59.66793     59.92254     0.03      0.01     0.03     1 
1650181826   59.66842     59.94328    -0.13     -0.06     0.14     1 
1650181827   59.66890     59.96402    -0.08     -0.06     0.10     1 
1650181828   59.66938     59.98476    -0.09     -0.02     0.09     1 
1650181829   59.66986     60.00550    -0.08     -0.00     0.08     1 
1650181830   59.67033     60.02624    -0.06     -0.08     0.10     1 
1650181831   59.67080     60.04698    -0.11     -0.06     0.13     1 
1650181832   59.67126     60.06773    -0.08     -0.13     0.15     1 
1650181833   59.67173     60.08847    -0.08     -0.07     0.11     1 
1650181834   59.67218     60.10921    -0.12     -0.02     0.12     1 
1650181835   59.67264     60.12996    -0.08      0.06     0.09     1 
1650181836   59.67309     60.15070    -0.07      0.01     0.07     1 
1650181837   59.67354     60.17145    -0.13     -0.05     0.14     1 
1650181838   59.67399     60.19220    -0.14      0.00     0.14     1 
1650181839   59.67443     60.21294    -0.06     -0.04     0.07     1 
1650181840   59.67487     60.23369    -0.08     -0.05     0.10     1 
1650181841   59.67531     60.25444    -0.08     -0.01     0.08     1 
1650181842   59.67574     60.27519    -0.16     -0.05     0.16     1 
1650181843   59.67617     60.29594    -0.13     -0.04     0.14     1 
1650181844   59.67659     60.31669    -0.08     -0.07     0.11     1 
1650181845   59.67702     60.33744    -0.20     -0.09     0.22     1 
1650181846   59.67744     60.35820     0.05      0.02     0.06     1 
1650181847   59.67785     60.37895    -0.18     -0.12     0.22     1 
1650181848   59.67827     60.39970    -0.17     -0.03     0.17     1 
1650181849   59.67867     60.42045    -0.01      0.12     0.12     1 
1650181850   59.67908     60.44121     0.04      0.10     0.10     1 
1650181851   59.67948     60.46196     0.03      0.07     0.08     1 
1650181852   59.67988     60.48272    -0.04      0.08     0.09     1 
1650181853   59.68028     60.50347     0.01      0.10     0.10     1 
1650181854   59.68068     60.52423     0.02      0.09     0.09     1 
1650181855   59.68106     60.54499     0.02      0.07     0.07     1 
1650181856   59.68145     60.56575     0.02      0.04     0.04     1 
1650181857   59.68184     60.58650     0.00     -0.00     0.00     1 
1650181858   59.68222     60.60726     0.05      0.05     0.07     1 
1650181859   59.68259     60.62802     0.10      0.08     0.12     1 
1650181860   59.68297     60.64878     0.03     -0.02     0.04     1 
1650181862   59.68370     60.69030     0.32     -0.09     0.33     1 
1650181863   59.68407     60.71106     0.16      0.04     0.17     1 
1650181864   59.68443     60.73183     0.07      0.05     0.09     1 
1650181865   59.68479     60.75259     0.10      0.12     0.16     1 
1650181866   59.68514     60.77335     0.09      0.21     0.23     1 
1650181867   59.68549     60.79412     0.08      0.13     0.15     1 
1650181868   59.68584     60.81488     0.17      0.04     0.17     1 
1650181869   59.68618     60.83564     0.03      0.05     0.06     1 
1650181870   59.68652     60.85641    -0.16      0.10     0.19     1 
1650181871   59.68686     60.87718    -0.15     -0.02     0.15     1 
1650181891   59.65374     59.73687    -0.29      0.09     0.31     1 
1650181892   59.65425     59.75759    -0.10      0.13     0.17     1 
1650181893   59.65476     59.77832    -0.18     -0.05     0.19     1 
1650181894   59.65527     59.79905    -0.13     -0.10     0.17     1 
1650181895   59.65578     59.81977    -0.14     -0.01     0.14     1 
1650181896   59.65628     59.84051    -0.08     -0.10     0.13     1 
1650181897   59.65678     59.86123    -0.15     -0.08     0.17     1 
1650181898   59.65727     59.88197    -0.13     -0.02     0.13     1 
1650181899   59.65776     59.90270    -0.05     -0.11     0.12     1 
1650181900   59.65825     59.92343    -0.03     -0.25     0.25     1 
1650181901   59.65874     59.94416    -0.10     -0.08     0.13     1 
1650181902   59.65922     59.96489    -0.11     -0.17     0.20     1 
1650181903   59.65970     59.98563    -0.14     -0.13     0.19     1 
1650181904   59.66017     60.00636    -0.11     -0.05     0.12     1 
1650181905   59.66064     60.02710    -0.12     -0.16     0.21     1 
1650181906   59.66111     60.04784    -0.09     -0.20     0.22     1 
1650181907   59.66158     60.06857    -0.12     -0.11     0.16     1 
1650181908   59.66204     60.08931    -0.05     -0.03     0.06     1 
1650181909   59.66250     60.11005    -0.13      0.01     0.13     1 
1650181910   59.66295     60.13079    -0.12      0.09     0.14     1 
1650181911   59.66341     60.15153    -0.10     -0.04     0.11     1 
1650181912   59.66385     60.17227    -0.18     -0.24     0.30     1 
1650181914   59.66474     60.21375    -0.10      0.07     0.12     1 
1650181915   59.66518     60.23449    -0.08     -0.11     0.14     1 
1650181916   59.66562     60.25523    -0.06     -0.04     0.07     1 
1650181917   59.66605     60.27598    -0.15     -0.05     0.16     1 
1650181918   59.66648     60.29672    -0.18     -0.05     0.19     1 
1650181919   59.66691     60.31747    -0.09     -0.00     0.09     1 
1650181920   59.66733     60.33821    -0.05     -0.01     0.05     1 
1650181921   59.66775     60.35896    -0.10      0.00     0.10     1 
1650181922   59.66816     60.37970    -0.09     -0.06     0.11     1 
1650181923   59.66858     60.40045    -0.11     -0.03     0.11     1 
1650181924   59.66899     60.42120     0.01      0.07     0.07     1 
1650181925   59.66939     60.44195     0.02      0.09     0.09     1 
1650181926   59.66980     60.46270     0.01      0.11     0.11     1 
1650181927   59.67020     60.48345    -0.04      0.10     0.11     1 
1650181928   59.67059     60.50420    -0.03      0.11     0.11     1 
1650181929   59.67099     60.52495     0.00      0.12     0.12     1 
1650181930   59.67138     60.54570     0.01      0.09     0.09     1 
1650181931   59.67176     60.56645    -0.00      0.09     0.09     1 
1650181932   59.67215     60.58720     0.03      0.11     0.12     1 
1650181933   59.67253     60.60795     0.09      0.13     0.15     1 
1650181934   59.67290     60.62871     0.11      0.14     0.18     1 
1650181935   59.67328     60.64946     0.33      0.04     0.33     1 
1650181937   59.67401     60.69097     0.16     -0.04     0.16     1 
1650181938   59.67438     60.71173     0.10      0.05     0.11     1 
1650181939   59.67474     60.73248     0.09      0.05     0.10     1 
1650181940   59.67509     60.75324     0.09      0.14     0.17     1 
1650181941   59.67545     60.77400     0.15      0.14     0.21     1 
1650181942   59.67580     60.79475     0.12      0.14     0.18     1 
1650181943   59.67615     60.81551     0.09      0.04     0.10     1 
1650181944   59.67649     60.83627     0.11      0.02     0.12     1 
1650181945   59.67683     60.85703     0.00      0.14     0.14     1 
1650181966   59.64406     59.73781    -0.10      0.09     0.14     1 
1650181967   59.64457     59.75853    -0.12      0.05     0.13     1 
1650181968   59.64508     59.77925    -0.14     -0.05     0.15     1 
1650181969   59.64559     59.79997    -0.17     -0.07     0.19     1 
1650181970   59.64609     59.82069    -0.15     -0.07     0.16     1 
1650181971   59.64659     59.84142    -0.12     -0.06     0.13     1 
1650181972   59.64709     59.86214    -0.11     -0.03     0.11     1 
1650181973   59.64759     59.88286    -0.11     -0.09     0.15     1 
1650181974   59.64808     59.90359    -0.15     -0.10     0.18     1 
1650181975   59.64857     59.92432    -0.01     -0.27     0.27     1 
1650181976   59.64905     59.94504    -0.16     -0.17     0.23     1 
1650181977   59.64953     59.96577    -0.17     -0.11     0.21     1 
1650181978   59.65001     59.98650    -0.17     -0.15     0.23     1 
1650181979   59.65049     60.00723    -0.14     -0.12     0.18     1 
1650181980   59.65096     60.02796    -0.19     -0.20     0.28     1 
1650181981   59.65143     60.04869    -0.02     -0.19     0.19     1 
1650181982   59.65189     60.06942    -0.03     -0.08     0.08     1 
1650181983   59.65235     60.09015    -0.12     -0.06     0.14     1 
1650181984   59.65281     60.11088    -0.12     -0.03     0.13     1 
1650181985   59.65327     60.13161    -0.10     -0.03     0.11     1 
1650181986   59.65372     60.15235    -0.05     -0.06     0.08     1 
1650181987   59.65417     60.17308    -0.05     -0.18     0.19     1 
1650181988   59.65461     60.19382    -0.05      0.16     0.17     1 
1650181989   59.65506     60.21455     0.10     -0.23     0.26     1 
1650181990   59.65550     60.23529     0.03     -0.05     0.05     1 
1650181991   59.65593     60.25603    -0.12     -0.14     0.18     1 
1650181992   59.65636     60.27676    -0.25     -0.07     0.26     1 
1650181993   59.65679     60.29750    -0.32     -0.02     0.32     1 
1650181994   59.65722     60.31824    -0.12     -0.03     0.13     1 
1650181995   59.65764     60.33898    -0.08      0.01     0.08     1 
1650181996   59.65806     60.35972    -0.12      0.02     0.12     1 
1650181997   59.65848     60.38046    -0.06      0.04     0.07     1 
1650181998   59.65889     60.40120    -0.05      0.03     0.06     1 
1650181999   59.65930     60.42194    -0.00      0.08     0.08     1 
1650182000   59.65971     60.44268     0.03      0.09     0.10     1 
1650182001   59.66011     60.46343     0.05      0.16     0.17     1 
1650182002   59.66051     60.48417     0.00      0.09     0.09     1 
1650182003   59.66090     60.50492    -0.03      0.11     0.11     1 
1650182004   59.66130     60.52566     0.03      0.08     0.09     1 
1650182005   59.66169     60.54641     0.02      0.13     0.14     1 
1650182006   59.66207     60.56715    -0.04      0.08     0.09     1 
1650182007   59.66246     60.58790     0.01      0.10     0.10     1 
1650182008   59.66284     60.60864     0.12      0.19     0.22     1 
1650182009   59.66321     60.62939     0.14      0.18     0.23     1 
1650182010   59.66359     60.65014     0.14      0.11     0.18     1 
1650182011   59.66396     60.67089     0.14      0.05     0.15     1 
1650182012   59.66432     60.69164     0.03      0.07     0.07     1 
1650182013   59.66469     60.71239     0.09      0.02     0.09     1 
1650182014   59.66505     60.73314     0.04      0.06     0.08     1 
1650182015   59.66540     60.75389     0.06      0.07     0.09     1 
1650182016   59.66576     60.77464     0.16      0.02     0.16     1 
1650182017   59.66611     60.79539     0.25      0.05     0.25     1 
1650182018   59.66646     60.81614    -0.00      0.04     0.04     1 
1650182019   59.66680     60.83689     0.10     -0.03     0.10     1 
1650182020   59.66714     60.85765    -0.02      0.02     0.03     1 
1650182041   59.63437     59.73875    -0.08      0.06     0.10     1 
1650182042   59.63489     59.75946    -0.07      0.01     0.08     1 
1650182043   59.63540     59.78018    -0.10     -0.06     0.11     1 
1650182044   59.63591     59.80089    -0.10     -0.04     0.11     1 
1650182045   59.63641     59.82161    -0.11     -0.07     0.13     1 
1650182046   59.63691     59.84233    -0.13     -0.04     0.14     1 
1650182047   59.63741     59.86304    -0.10     -0.04     0.11     1 
1650182048   59.63790     59.88376    -0.14     -0.11     0.18     1 
1650182049   59.63840     59.90448    -0.18     -0.11     0.21     1 
1650182050   59.63888     59.92520    -0.13     -0.17     0.21     1 
1650182051   59.63937     59.94592    -0.14     -0.15     0.21     1 
1650182052   59.63985     59.96664    -0.14     -0.04     0.14     1 
1650182053   59.64033     59.98737    -0.15     -0.18     0.24     1 
1650182054   59.64080     60.00809    -0.16     -0.14     0.21     1 
1650182055   59.64127     60.02881    -0.12     -0.13     0.17     1 
1650182056   59.64174     60.04954     0.03     -0.04     0.05     1 
1650182057   59.64221     60.07026    -0.12     -0.07     0.14     1 
1650182058   59.64267     60.09099    -0.19     -0.13     0.23     1 
1650182059   59.64313     60.11171    -0.14     -0.10     0.17     1 
1650182060   59.64358     60.13244    -0.07     -0.14     0.16     1 
1650182061   59.64403     60.15317    -0.02     -0.14     0.14     1 
1650182062   59.64448     60.17390    -0.06     -0.06     0.08     1 
1650182063   59.64493     60.19463     0.04     -0.11     0.11     1 
1650182064   59.64537     60.21536     0.08     -0.28     0.29     1 
1650182065   59.64581     60.23609    -0.04      0.19     0.19     1 
1650182066   59.64624     60.25682    -0.08     -0.19     0.21     1 
1650182067   59.64668     60.27755    -0.11     -0.12     0.16     1 
1650182069   59.64753     60.31901    -0.16     -0.16     0.23     1 
1650182070   59.64795     60.33975    -0.21      0.03     0.21     1 
1650182071   59.64837     60.36048    -0.01     -0.05     0.06     1 
1650182072   59.64879     60.38122    -0.02     -0.03     0.04     1 
1650182073   59.64920     60.40195    -0.08     -0.02     0.08     1 
1650182074   59.64961     60.42269    -0.03     -0.00     0.03     1 
1650182075   59.65002     60.44342     0.02      0.07     0.08     1 
1650182076   59.65042     60.46416    -0.00      0.06     0.06     1 
1650182077   59.65082     60.48490    -0.00      0.08     0.08     1 
1650182078   59.65122     60.50564    -0.00      0.13     0.13     1 
1650182079   59.65161     60.52637     0.03      0.11     0.11     1 
1650182080   59.65200     60.54711    -0.02      0.15     0.15     1 
1650182081   59.65238     60.56785    -0.03      0.10     0.11     1 
1650182082   59.65277     60.58859     0.03      0.10     0.10     1 
1650182083   59.65315     60.60933     0.07      0.20     0.21     1 
1650182084   59.65352     60.63008     0.13      0.16     0.21     1 
1650182085   59.65390     60.65082     0.12      0.11     0.16     1 
1650182086   59.65427     60.67156     0.04      0.09     0.10     1 
1650182087   59.65463     60.69230    -0.06      0.15     0.16     1 
1650182089   59.65536     60.73379     0.18     -0.12     0.21     1 
1650182090   59.65571     60.75454     0.17     -0.00     0.17     1 
1650182091   59.65607     60.77528     0.29      0.10     0.31     1 
1650182092   59.65642     60.79603     0.20      0.07     0.21     1 
1650182093   59.65677     60.81677    -0.01      0.01     0.02     1 
1650182094   59.65711     60.83752    -0.06     -0.01     0.06     1 
1650182095   59.65745     60.85827    -0.11     -0.06     0.13     1 
1650182115   59.62417     59.71898    -0.10      0.07     0.13     1 
1650182116   59.62469     59.73969    -0.11      0.02     0.11     1 
1650182117   59.62521     59.76040    -0.07     -0.03     0.08     1 
1650182118   59.62572     59.78110    -0.09     -0.05     0.11     1 
1650182119   59.62622     59.80181    -0.11     -0.06     0.13     1 
1650182120   59.62673     59.82252    -0.10     -0.10     0.14     1 
1650182121   59.62723     59.84324    -0.10     -0.07     0.12     1 
1650182123   59.62822     59.88466    -0.19     -0.00     0.19     1 
1650182124   59.62871     59.90537    -0.10     -0.13     0.16     1 
1650182125   59.62920     59.92609    -0.11     -0.17     0.21     1 
1650182126   59.62968     59.94680    -0.15     -0.10     0.19     1 
1650182127   59.63016     59.96752    -0.09     -0.05     0.11     1 
1650182128   59.63064     59.98824    -0.12     -0.11     0.16     1 
1650182129   59.63112     60.00895    -0.16     -0.08     0.18     1 
1650182130   59.63159     60.02967    -0.14     -0.09     0.16     1 
1650182131   59.63206     60.05039    -0.13     -0.06     0.14     1 
1650182132   59.63252     60.07111    -0.16     -0.13     0.21     1 
1650182133   59.63298     60.09183    -0.14     -0.14     0.20     1 
1650182134   59.63344     60.11255    -0.08     -0.29     0.30     1 
1650182135   59.63390     60.13327    -0.06     -0.21     0.22     1 
1650182136   59.63435     60.15399    -0.05     -0.16     0.17     1 
1650182137   59.63480     60.17471    -0.04     -0.04     0.06     1 
1650182138   59.63524     60.19544    -0.07     -0.05     0.09     1 
1650182139   59.63568     60.21616    -0.04      0.10     0.10     1 
1650182140   59.63612     60.23688    -0.07      0.06     0.09     1 
1650182141   59.63656     60.25761     0.17     -0.01     0.17     1 
1650182142   59.63699     60.27833     0.13     -0.05     0.14     1 
1650182143   59.63742     60.29906    -0.06      0.05     0.07     1 
1650182144   59.63784     60.31979    -0.18     -0.02     0.18     1 
1650182145   59.63827     60.34052    -0.17     -0.02     0.17     1 
1650182146   59.63869     60.36124    -0.08     -0.09     0.12     1 
1650182147   59.63910     60.38197    -0.09     -0.15     0.18     1 
1650182148   59.63951     60.40270    -0.04      0.01     0.05     1 
1650182149   59.63992     60.42343     0.01     -0.06     0.06     1 
1650182150   59.64033     60.44416    -0.00      0.01     0.01     1 
1650182151   59.64073     60.46489    -0.04      0.01     0.04     1 
1650182152   59.64113     60.48562     0.01      0.07     0.07     1 
1650182153   59.64153     60.50635     0.01      0.12     0.12     1 
1650182154   59.64192     60.52709    -0.01      0.18     0.18     1 
1650182155   59.64231     60.54782    -0.20      0.05     0.20     1 
1650182157   59.64308     60.58929    -0.01      0.15     0.15     1 
1650182158   59.64346     60.61002     0.05      0.14     0.14     1 
1650182159   59.64383     60.63076     0.08      0.12     0.14     1 
1650182160   59.64421     60.65149     0.09      0.09     0.12     1 
1650182161   59.64458     60.67223     0.15      0.11     0.18     1 
1650182162   59.64494     60.69297     0.25      0.16     0.30     1 
1650182163   59.64531     60.71371     0.19      0.15     0.25     1 
1650182164   59.64567     60.73445     0.09     -0.14     0.17     1 
1650182165   59.64602     60.75518     0.16     -0.04     0.16     1 
1650182167   59.64673     60.79666     0.22      0.02     0.22     1 
1650182168   59.64707     60.81740    -0.02      0.06     0.06     1 
1650182169   59.64742     60.83814    -0.09      0.00     0.09     1 
1650182190   59.61449     59.71992    -0.08     -0.01     0.08     1 
1650182191   59.61501     59.74063    -0.07      0.02     0.07     1 
1650182192   59.61552     59.76133    -0.08     -0.02     0.09     1 
1650182193   59.61603     59.78203    -0.11     -0.07     0.13     1 
1650182194   59.61654     59.80274    -0.13     -0.05     0.14     1 
1650182195   59.61704     59.82344    -0.15     -0.05     0.15     1 
1650182196   59.61754     59.84415    -0.10     -0.05     0.11     1 
1650182197   59.61804     59.86485     0.01      0.30     0.30     1 
1650182198   59.61854     59.88556    -0.05     -0.03     0.06     1 
1650182199   59.61903     59.90627    -0.10     -0.02     0.10     1 
1650182200   59.61951     59.92697    -0.09     -0.10     0.13     1 
1650182201   59.62000     59.94768    -0.18     -0.08     0.20     1 
1650182202   59.62048     59.96839    -0.18     -0.08     0.20     1 
1650182203   59.62096     59.98910    -0.13     -0.08     0.15     1 
1650182204   59.62143     60.00982    -0.13     -0.10     0.16     1 
1650182205   59.62190     60.03053    -0.13     -0.06     0.15     1 
1650182206   59.62237     60.05124    -0.14     -0.07     0.15     1 
1650182207   59.62284     60.07195    -0.16     -0.10     0.19     1 
1650182208   59.62330     60.09267    -0.20     -0.17     0.27     1 
1650182209   59.62376     60.11338    -0.07     -0.25     0.26     1 
1650182210   59.62421     60.13410    -0.08     -0.22     0.24     1 
1650182211   59.62466     60.15481    -0.18     -0.18     0.25     1 
1650182212   59.62511     60.17553    -0.09     -0.16     0.19     1 
1650182213   59.62555     60.19624    -0.07     -0.10     0.12     1 
1650182214   59.62600     60.21696    -0.06     -0.00     0.06     1 
1650182215   59.62644     60.23768    -0.03      0.04     0.05     1 
1650182216   59.62687     60.25840     0.01      0.05     0.05     1 
1650182217   59.62730     60.27912     0.09      0.01     0.09     1 
1650182218   59.62773     60.29984     0.12      0.05     0.12     1 
1650182219   59.62816     60.32056     0.01      0.00     0.01     1 
1650182220   59.62858     60.34128    -0.06     -0.06     0.08     1 
1650182221   59.62900     60.36200    -0.04     -0.11     0.12     1 
1650182223   59.62982     60.40345    -0.11      0.12     0.16     1 
1650182224   59.63023     60.42417     0.03     -0.03     0.04     1 
1650182225   59.63064     60.44490    -0.02      0.00     0.02     1 
1650182226   59.63104     60.46562    -0.07     -0.04     0.09     1 
1650182227   59.63144     60.48635    -0.02      0.05     0.05     1 
1650182228   59.63184     60.50707    -0.02      0.04     0.05     1 
1650182229   59.63223     60.52780    -0.01      0.09     0.09     1 
1650182230   59.63262     60.54853    -0.09     -0.00     0.09     1 
1650182232   59.63339     60.58998    -0.02      0.09     0.09     1 
1650182233   59.63377     60.61071     0.06      0.08     0.09     1 
1650182234   59.63414     60.63144     0.09      0.08     0.12     1 
1650182235   59.63452     60.65217     0.09      0.12     0.15     1 
1650182236   59.63489     60.67290     0.10      0.08     0.13     1 
1650182237   59.63525     60.69363     0.11      0.08     0.14     1 
1650182238   59.63562     60.71437     0.06      0.10     0.12     1 
1650182239   59.63598     60.73510     0.00      0.06     0.06     1 
1650182240   59.63633     60.75583     0.06      0.01     0.06     1 
1650182241   59.63669     60.77656     0.23     -0.05     0.23     1 
1650182242   59.63704     60.79730     0.12      0.07     0.14     1 
1650182243   59.63738     60.81803    -0.00      0.03     0.03     1 
1650182244   59.63773     60.83877    -0.06     -0.02     0.07     1 
1650182265   59.60481     59.72087    -0.10     -0.02     0.11     1 
1650182266   59.60533     59.74156    -0.12     -0.02     0.12     1 
1650182267   59.60584     59.76226    -0.12     -0.07     0.14     1 
1650182268   59.60635     59.78296    -0.12     -0.06     0.14     1 
1650182269   59.60686     59.80366    -0.13     -0.05     0.14     1 
1650182270   59.60736     59.82435    -0.15     -0.07     0.16     1 
1650182271   59.60786     59.84506    -0.14     -0.05     0.15     1 
1650182272   59.60836     59.86576    -0.08     -0.13     0.15     1 
1650182273   59.60885     59.88646     0.02     -0.08     0.08     1 
1650182274   59.60934     59.90716    -0.12     -0.03     0.12     1 
1650182275   59.60983     59.92786    -0.08     -0.05     0.09     1 
1650182276   59.61031     59.94856    -0.10     -0.09     0.13     1 
1650182277   59.61080     59.96927    -0.10     -0.15     0.18     1 
1650182278   59.61127     59.98997    -0.08     -0.13     0.16     1 
1650182279   59.61175     60.01068    -0.06     -0.14     0.15     1 
1650182280   59.61222     60.03138    -0.11     -0.05     0.12     1 
1650182281   59.61268     60.05209    -0.13     -0.06     0.15     1 
1650182282   59.61315     60.07279    -0.18     -0.10     0.20     1 
1650182283   59.61361     60.09350    -0.16     -0.14     0.22     1 
1650182284   59.61407     60.11421    -0.15     -0.12     0.19     1 
1650182285   59.61452     60.13492    -0.17     -0.14     0.22     1 
1650182286   59.61498     60.15563    -0.30     -0.07     0.30     1 
1650182287   59.61542     60.17634    -0.12     -0.20     0.24     1 
1650182288   59.61587     60.19705    -0.12     -0.16     0.20     1 
1650182289   59.61631     60.21776    -0.12     -0.07     0.14     1 
1650182290   59.61675     60.23848    -0.10     -0.04     0.10     1 
1650182291   59.61718     60.25919    -0.06     -0.02     0.07     1 
1650182292   59.61762     60.27990    -0.03     -0.01     0.03     1 
1650182293   59.61804     60.30062     0.01      0.01     0.01     1 
1650182294   59.61847     60.32133    -0.04     -0.01     0.05     1 
1650182295   59.61889     60.34205    -0.07     -0.03     0.08     1 
1650182296   59.61931     60.36276    -0.09     -0.10     0.13     1 
1650182297   59.61972     60.38348    -0.05     -0.00     0.05     1 
1650182298   59.62014     60.40420     0.05     -0.00     0.05     1 
1650182299   59.62054     60.42491     0.02      0.01     0.02     1 
1650182300   59.62095     60.44563    -0.00      0.01     0.01     1 
1650182301   59.62135     60.46635    -0.01      0.00     0.01     1 
1650182302   59.62175     60.48707     0.01     -0.01     0.01     1 
1650182303   59.62215     60.50779     0.03     -0.01     0.03     1 
1650182304   59.62254     60.52851     0.07     -0.05     0.09     1 
1650182305   59.62293     60.54923     0.03     -0.03     0.05     1 
1650182306   59.62332     60.56996     0.01      0.09     0.09     1 
1650182307   59.62370     60.59068     0.05      0.04     0.07     1 
1650182308   59.62408     60.61140     0.11      0.06     0.12     1 
1650182309   59.62445     60.63213     0.11      0.03     0.11     1 
1650182310   59.62483     60.65285     0.00      0.08     0.08     1 
1650182311   59.62520     60.67357    -0.02      0.04     0.05     1 
1650182312   59.62556     60.69430     0.16      0.05     0.17     1 
1650182313   59.62593     60.71502     0.16     -0.09     0.19     1 
1650182314   59.62629     60.73575    -0.08      0.06     0.10     1 
1650182315   59.62664     60.75648    -0.09     -0.04     0.10     1 
1650182316   59.62700     60.77721     0.01     -0.09     0.09     1 
1650182317   59.62734     60.79793    -0.05      0.10     0.11     1 
1650182318   59.62769     60.81866    -0.00      0.01     0.01     1 
1650182319   59.62803     60.83939    -0.07     -0.05     0.08     1 
1650182339   59.59461     59.70112     0.02      0.18     0.18     1 
1650182340   59.59513     59.72181    -0.04      0.05     0.06     1 
1650182341   59.59564     59.74250    -0.07      0.01     0.07     1 
1650182342   59.59616     59.76319    -0.07     -0.04     0.08     1 
1650182343   59.59667     59.78388    -0.11     -0.05     0.12     1 
1650182344   59.59717     59.80458    -0.13     -0.04     0.14     1 
1650182345   59.59768     59.82527    -0.20     -0.08     0.22     1 
1650182346   59.59818     59.84596    -0.14     -0.05     0.15     1 
1650182347   59.59867     59.86666    -0.08     -0.13     0.15     1 
1650182348   59.59917     59.88735    -0.07     -0.10     0.13     1 
1650182349   59.59966     59.90805    -0.21     -0.06     0.22     1 
1650182350   59.60015     59.92874    -0.14     -0.07     0.16     1 
1650182351   59.60063     59.94944    -0.16     -0.05     0.16     1 
1650182352   59.60111     59.97014    -0.11     -0.15     0.19     1 
1650182353   59.60159     59.99084    -0.08     -0.14     0.16     1 
1650182354   59.60206     60.01154    -0.10     -0.10     0.14     1 
1650182355   59.60253     60.03224    -0.10     -0.09     0.13     1 
1650182356   59.60300     60.05294    -0.08     -0.10     0.13     1 
1650182357   59.60346     60.07364    -0.09     -0.15     0.18     1 
1650182358   59.60392     60.09434    -0.13     -0.13     0.18     1 
1650182359   59.60438     60.11504    -0.17     -0.06     0.18     1 
1650182360   59.60484     60.13575    -0.21     -0.07     0.22     1 
1650182361   59.60529     60.15645    -0.17     -0.01     0.18     1 
1650182362   59.60574     60.17715    -0.23     -0.12     0.26     1 
1650182363   59.60618     60.19786    -0.17     -0.14     0.22     1 
1650182364   59.60662     60.21856    -0.15     -0.10     0.18     1 
1650182365   59.60706     60.23927    -0.15     -0.13     0.20     1 
1650182366   59.60750     60.25998    -0.17     -0.07     0.19     1 
1650182367   59.60793     60.28069    -0.12      0.01     0.12     1 
1650182368   59.60836     60.30139    -0.05     -0.05     0.07     1 
1650182369   59.60878     60.32210    -0.05     -0.00     0.05     1 
1650182370   59.60920     60.34281    -0.09      0.02     0.09     1 
1650182371   59.60962     60.36352    -0.06     -0.08     0.10     1 
1650182372   59.61004     60.38423     0.01     -0.01     0.02     1 
1650182373   59.61045     60.40494     0.00      0.00     0.00     1 
1650182374   59.61086     60.42566     0.03      0.02     0.04     1 
1650182375   59.61126     60.44637     0.00     -0.01     0.01     1 
1650182376   59.61167     60.46708     0.03      0.03     0.04     1 
1650182377   59.61206     60.48780     0.01      0.04     0.04     1 
1650182378   59.61246     60.50851     0.04      0.03     0.05     1 
1650182379   59.61285     60.52922     0.10     -0.04     0.11     1 
1650182380   59.61324     60.54994     0.03     -0.07     0.08     1 
1650182381   59.61363     60.57066     0.03     -0.01     0.03     1 
1650182382   59.61401     60.59137     0.07      0.01     0.07     1 
1650182383   59.61439     60.61209     0.07      0.04     0.08     1 
1650182384   59.61476     60.63281     0.12     -0.03     0.13     1 
1650182385   59.61514     60.65353     0.07     -0.05     0.09     1 
1650182386   59.61551     60.67424     0.06     -0.01     0.06     1 
1650182387   59.61587     60.69496     0.20      0.06     0.21     1 
1650182388   59.61624     60.71568     0.20     -0.04     0.20     1 
1650182389   59.61659     60.73640     0.10     -0.02     0.10     1 
1650182390   59.61695     60.75712    -0.02     -0.04     0.04     1 
1650182391   59.61730     60.77784    -0.04     -0.04     0.06     1 
1650182392   59.61765     60.79857    -0.08      0.12     0.15     1 
1650182393   59.61800     60.81929    -0.09      0.06     0.11     1 
1650182413   59.58440     59.68139    -0.05      0.00     0.05     1 
1650182414   59.58492     59.70207     0.01      0.18     0.18     1 
1650182415   59.58544     59.72276     0.02      0.14     0.14     1 
1650182416   59.58596     59.74344     0.00      0.08     0.08     1 
1650182417   59.58647     59.76412    -0.04     -0.02     0.04     1 
1650182418   59.58698     59.78481    -0.05     -0.05     0.07     1 
1650182419   59.58749     59.80550    -0.13     -0.04     0.13     1 
1650182420   59.58799     59.82618    -0.20     -0.06     0.20     1 
1650182421   59.58849     59.84687    -0.15     -0.13     0.20     1 
1650182422   59.58899     59.86756    -0.11     -0.17     0.20     1 
1650182423   59.58948     59.88825    -0.14     -0.16     0.22     1 
1650182424   59.58997     59.90894    -0.23     -0.14     0.27     1 
1650182425   59.59046     59.92963    -0.20     -0.10     0.22     1 
1650182426   59.59094     59.95032    -0.20     -0.05     0.21     1 
1650182427   59.59143     59.97101    -0.16     -0.11     0.20     1 
1650182428   59.59190     59.99170    -0.14     -0.10     0.17     1 
1650182429   59.59238     60.01240    -0.11     -0.09     0.14     1 
1650182430   59.59285     60.03309    -0.12     -0.09     0.15     1 
1650182431   59.59331     60.05378    -0.10     -0.08     0.13     1 
1650182432   59.59378     60.07448    -0.07     -0.11     0.13     1 
1650182433   59.59424     60.09518    -0.10     -0.08     0.12     1 
1650182434   59.59470     60.11587    -0.13     -0.05     0.14     1 
1650182435   59.59515     60.13657    -0.11     -0.07     0.13     1 
1650182436   59.59560     60.15727    -0.14     -0.11     0.18     1 
1650182437   59.59605     60.17797    -0.22      0.03     0.22     1 
1650182438   59.59649     60.19867     0.06      0.08     0.10     1 
1650182439   59.59694     60.21937     0.01     -0.03     0.03     1 
1650182440   59.59737     60.24007    -0.11     -0.16     0.19     1 
1650182441   59.59781     60.26077    -0.20     -0.06     0.20     1 
1650182442   59.59824     60.28147    -0.20      0.01     0.21     1 
1650182443   59.59867     60.30217    -0.22     -0.06     0.23     1 
1650182444   59.59909     60.32287    -0.05     -0.01     0.05     1 
1650182445   59.59951     60.34358    -0.07      0.01     0.07     1 
1650182446   59.59993     60.36428    -0.05     -0.07     0.09     1 
1650182447   59.60035     60.38499     0.02     -0.04     0.04     1 
1650182448   59.60076     60.40569     0.00     -0.01     0.01     1 
1650182449   59.60117     60.42640     0.07      0.03     0.08     1 
1650182450   59.60157     60.44711     0.03     -0.03     0.04     1 
1650182451   59.60198     60.46781     0.03      0.02     0.04     1 
1650182452   59.60238     60.48852     0.07      0.05     0.08     1 
1650182453   59.60277     60.50923     0.08      0.05     0.09     1 
1650182454   59.60316     60.52994     0.05     -0.02     0.05     1 
1650182455   59.60355     60.55065     0.07     -0.08     0.10     1 
1650182456   59.60394     60.57136     0.07     -0.02     0.07     1 
1650182457   59.60432     60.59207     0.08     -0.03     0.08     1 
1650182458   59.60470     60.61278     0.08     -0.03     0.08     1 
1650182459   59.60507     60.63349     0.08     -0.10     0.12     1 
1650182460   59.60545     60.65420     0.16     -0.08     0.18     1 
1650182461   59.60582     60.67491     0.16     -0.05     0.16     1 
1650182462   59.60618     60.69563     0.09      0.02     0.09     1 
1650182463   59.60654     60.71634     0.02     -0.04     0.05     1 
1650182464   59.60690     60.73705     0.17     -0.06     0.18     1 
1650182465   59.60726     60.75777    -0.00     -0.03     0.03     1 
1650182466   59.60761     60.77849    -0.15     -0.05     0.15     1 
1650182467   59.60796     60.79920    -0.17     -0.08     0.18     1 
1650182468   59.60831     60.81992    -0.11      0.01     0.11     1 
1650182489   59.57524     59.70302     0.02      0.16     0.16     1 
1650182490   59.57576     59.72370     0.01      0.20     0.20     1 
1650182491   59.57628     59.74438     0.00      0.10     0.10     1 
1650182492   59.57679     59.76505    -0.04      0.04     0.06     1 
1650182493   59.57730     59.78573    -0.03      0.03     0.04     1 
1650182494   59.57781     59.80642    -0.08     -0.01     0.08     1 
1650182495   59.57831     59.82710    -0.13     -0.02     0.14     1 
1650182496   59.57881     59.84778    -0.18     -0.10     0.21     1 
1650182497   59.57931     59.86846    -0.15     -0.18     0.24     1 
1650182498   59.57980     59.88914    -0.14     -0.16     0.21     1 
1650182499   59.58029     59.90983    -0.16     -0.08     0.18     1 
1650182500   59.58078     59.93051    -0.12     -0.13     0.18     1 
1650182501   59.58126     59.95120    -0.14     -0.16     0.21     1 
1650182502   59.58174     59.97188    -0.18     -0.16     0.24     1 
1650182503   59.58222     59.99257    -0.13     -0.11     0.17     1 
1650182504   59.58269     60.01326    -0.11     -0.08     0.14     1 
1650182505   59.58316     60.03394    -0.10     -0.13     0.16     1 
1650182506   59.58363     60.05463    -0.07     -0.13     0.14     1 
1650182507   59.58409     60.07532    -0.06     -0.03     0.07     1 
1650182508   59.58455     60.09601    -0.11      0.03     0.12     1 
1650182509   59.58501     60.11670    -0.06     -0.13     0.14     1 
1650182510   59.58546     60.13739    -0.07     -0.12     0.14     1 
1650182511   59.58592     60.15809     0.00     -0.07     0.07     1 
1650182512   59.58636     60.17878    -0.11      0.08     0.13     1 
1650182513   59.58681     60.19947     0.06      0.10     0.11     1 
1650182514   59.58725     60.22017     0.06      0.10     0.12     1 
1650182515   59.58769     60.24086     0.04      0.14     0.14     1 
1650182516   59.58812     60.26156    -0.13      0.07     0.14     1 
1650182517   59.58855     60.28225    -0.10     -0.14     0.17     1 
1650182518   59.58898     60.30295    -0.07     -0.21     0.22     1 
1650182519   59.58941     60.32364    -0.11     -0.04     0.11     1 
1650182520   59.58983     60.34434    -0.05     -0.04     0.06     1 
1650182521   59.59025     60.36504    -0.01      0.01     0.01     1 
1650182522   59.59066     60.38574    -0.01     -0.01     0.01     1 
1650182523   59.59107     60.40644    -0.04      0.01     0.05     1 
1650182524   59.59148     60.42714     0.03      0.05     0.06     1 
1650182525   59.59188     60.44784    -0.03     -0.03     0.04     1 
1650182526   59.59229     60.46854     0.02      0.01     0.02     1 
1650182527   59.59269     60.48924     0.07      0.03     0.08     1 
1650182528   59.59308     60.50995     0.07      0.08     0.10     1 
1650182529   59.59347     60.53065    -0.01      0.00     0.01     1 
1650182530   59.59386     60.55135     0.04     -0.15     0.16     1 
1650182531   59.59425     60.57205     0.09      0.02     0.09     1 
1650182532   59.59463     60.59276     0.09      0.01     0.09     1 
1650182533   59.59501     60.61346    -0.02     -0.01     0.02     1 
1650182534   59.59538     60.63417     0.08     -0.21     0.23     1 
1650182535   59.59576     60.65488     0.08     -0.16     0.18     1 
1650182536   59.59613     60.67558     0.09     -0.04     0.10     1 
1650182537   59.59649     60.69629     0.04     -0.08     0.09     1 
1650182538   59.59685     60.71700     0.06     -0.14     0.15     1 
1650182539   59.59721     60.73771     0.15     -0.13     0.20     1 
1650182540   59.59757     60.75842    -0.07     -0.11     0.13     1 
1650182541   59.59792     60.77913    -0.20     -0.09     0.22     1 
1650182542   59.59827     60.79984    -0.13     -0.10     0.17     1 
1650182543   59.59862     60.82055    -0.10     -0.12     0.16     1 
1650182563   59.56504     59.68330     0.03      0.14     0.14     1 
1650182564   59.56556     59.70397     0.03      0.16     0.16     1 
1650182565   59.56608     59.72464     0.04      0.15     0.16     1 
1650182566   59.56660     59.74531    -0.01      0.11     0.11     1 
1650182567   59.56711     59.76599    -0.02      0.10     0.10     1 
1650182568   59.56762     59.78666    -0.01      0.07     0.07     1 
1650182569   59.56812     59.80733    -0.01      0.07     0.07     1 
1650182570   59.56863     59.82801     0.00      0.07     0.07     1 
1650182571   59.56913     59.84868    -0.01      0.03     0.03     1 
1650182572   59.56962     59.86936    -0.14     -0.15     0.20     1 
1650182573   59.57012     59.89004    -0.12     -0.13     0.18     1 
1650182574   59.57061     59.91072    -0.12     -0.07     0.14     1 
1650182575   59.57109     59.93139    -0.15     -0.15     0.21     1 
1650182576   59.57158     59.95207    -0.13     -0.21     0.25     1 
1650182577   59.57206     59.97275    -0.14     -0.13     0.19     1 
1650182578   59.57253     59.99343    -0.11     -0.06     0.13     1 
1650182579   59.57301     60.01411    -0.11     -0.09     0.14     1 
1650182580   59.57348     60.03480    -0.16     -0.15     0.22     1 
1650182581   59.57394     60.05548    -0.17     -0.13     0.21     1 
1650182582   59.57441     60.07616    -0.13     -0.06     0.14     1 
1650182583   59.57487     60.09685    -0.13      0.01     0.13     1 
1650182584   59.57532     60.11753    -0.17     -0.05     0.18     1 
1650182585   59.57578     60.13822    -0.19     -0.03     0.19     1 
1650182586   59.57623     60.15890     0.02      0.05     0.05     1 
1650182587   59.57668     60.17959     0.01      0.10     0.10     1 
1650182588   59.57712     60.20028    -0.03      0.06     0.07     1 
1650182589   59.57756     60.22097    -0.06      0.13     0.15     1 
1650182590   59.57800     60.24165    -0.06      0.15     0.17     1 
1650182591   59.57843     60.26234    -0.18      0.11     0.21     1 
1650182592   59.57887     60.28303    -0.08     -0.06     0.10     1 
1650182593   59.57929     60.30372    -0.07      0.01     0.07     1 
1650182594   59.57972     60.32442    -0.13     -0.03     0.13     1 
1650182595   59.58014     60.34511    -0.05     -0.03     0.06     1 
1650182596   59.58056     60.36580    -0.04     -0.01     0.04     1 
1650182597   59.58097     60.38649    -0.02     -0.03     0.04     1 
1650182598   59.58138     60.40718    -0.03      0.00     0.03     1 
1650182599   59.58179     60.42788    -0.03      0.02     0.04     1 
1650182600   59.58220     60.44857    -0.19     -0.12     0.22     1 
1650182601   59.58260     60.46927    -0.09     -0.09     0.13     1 
1650182602   59.58300     60.48996    -0.03      0.00     0.03     1 
1650182603   59.58339     60.51066     0.04      0.02     0.05     1 
1650182604   59.58378     60.53136     0.05      0.02     0.05     1 
1650182605   59.58417     60.55206     0.07      0.02     0.08     1 
1650182606   59.58456     60.57275     0.07      0.02     0.08     1 
1650182607   59.58494     60.59345     0.08      0.02     0.09     1 
1650182608   59.58532     60.61415     0.09     -0.03     0.10     1 
1650182609   59.58569     60.63485     0.15     -0.20     0.25     1 
1650182610   59.58607     60.65555     0.14     -0.15     0.21     1 
1650182611   59.58644     60.67625     0.10     -0.02     0.10     1 
1650182612   59.58680     60.69695     0.11     -0.07     0.13     1 
1650182613   59.58716     60.71766     0.06     -0.20     0.21     1 
1650182614   59.58752     60.73836    -0.04     -0.32     0.32     1 
1650182616   59.58823     60.77976    -0.11     -0.21     0.23     1 
1650182617   59.58858     60.80047    -0.20     -0.09     0.22     1 
1650182638   59.55536     59.68425     0.03      0.11     0.12     1 
1650182639   59.55588     59.70492     0.02      0.09     0.09     1 
1650182640   59.55640     59.72558     0.01      0.09     0.09     1 
1650182641   59.55691     59.74625    -0.02      0.06     0.07     1 
1650182642   59.55743     59.76691    -0.05      0.05     0.07     1 
1650182643   59.55794     59.78758    -0.02      0.08     0.08     1 
1650182644   59.55844     59.80825    -0.01      0.07     0.07     1 
1650182645   59.55894     59.82892     0.04      0.08     0.09     1 
1650182646   59.55944     59.84959     0.03      0.04     0.05     1 
1650182647   59.55994     59.87026    -0.13     -0.06     0.14     1 
1650182648   59.56043     59.89093    -0.10     -0.05     0.11     1 
1650182649   59.56092     59.91160    -0.07     -0.02     0.08     1 
1650182650   59.56141     59.93228    -0.08      0.00     0.08     1 
1650182651   59.56189     59.95295    -0.10     -0.05     0.11     1 
1650182652   59.56237     59.97362    -0.16     -0.15     0.22     1 
1650182653   59.56285     59.99430    -0.10     -0.05     0.11     1 
1650182654   59.56332     60.01497    -0.11     -0.09     0.14     1 
1650182655   59.56379     60.03565    -0.15     -0.07     0.17     1 
1650182656   59.56426     60.05633    -0.13     -0.07     0.15     1 
1650182657   59.56472     60.07700    -0.15     -0.06     0.17     1 
1650182658   59.56518     60.09768    -0.05      0.00     0.05     1 
1650182659   59.56564     60.11836    -0.18      0.05     0.19     1 
1650182660   59.56609     60.13904    -0.29     -0.00     0.29     1 
1650182661   59.56654     60.15972    -0.11     -0.11     0.16     1 
1650182662   59.56699     60.18040    -0.09      0.04     0.10     1 
1650182663   59.56744     60.20108    -0.08      0.01     0.08     1 
1650182664   59.56788     60.22176    -0.17      0.06     0.18     1 
1650182665   59.56831     60.24245    -0.01      0.02     0.02     1 
1650182666   59.56875     60.26313    -0.06      0.04     0.07     1 
1650182667   59.56918     60.28381    -0.09      0.08     0.12     1 
1650182668   59.56961     60.30450    -0.05      0.04     0.06     1 
1650182669   59.57003     60.32518    -0.03      0.06     0.07     1 
1650182670   59.57045     60.34587    -0.00      0.04     0.04     1 
1650182671   59.57087     60.36656    -0.07     -0.00     0.07     1 
1650182672   59.57128     60.38724    -0.09     -0.02     0.09     1 
1650182673   59.57169     60.40793    -0.04     -0.03     0.05     1 
1650182674   59.57210     60.42862    -0.04     -0.00     0.04     1 
1650182675   59.57251     60.44931    -0.08     -0.05     0.09     1 
1650182676   59.57291     60.47000    -0.12     -0.09     0.16     1 
1650182677   59.57331     60.49069     0.01     -0.06     0.06     1 
1650182678   59.57370     60.51138     0.01     -0.01     0.02     1 
1650182679   59.57409     60.53207    -0.00      0.01     0.01     1 
1650182680   59.57448     60.55276     0.03      0.07     0.08     1 
1650182681   59.57487     60.57345     0.06      0.06     0.08     1 
1650182682   59.57525     60.59414     0.10      0.04     0.11     1 
1650182683   59.57563     60.61484     0.08     -0.01     0.08     1 
1650182684   59.57600     60.63553     0.09     -0.01     0.09     1 
1650182685   59.57638     60.65623     0.13     -0.04     0.13     1 
1650182686   59.57675     60.67692     0.08     -0.07     0.11     1 
1650182687   59.57711     60.69762     0.07     -0.04     0.08     1 
1650182688   59.57747     60.71831     0.25     -0.05     0.25     1 
1650182691   59.57854     60.78040    -0.18     -0.12     0.22     1 
1650182713   59.54567     59.68520     0.02      0.11     0.11     1 
1650182714   59.54620     59.70586     0.04      0.08     0.09     1 
1650182715   59.54671     59.72652     0.04      0.07     0.08     1 
1650182716   59.54723     59.74718    -0.02      0.04     0.05     1 
1650182717   59.54774     59.76784    -0.04     -0.00     0.04     1 
1650182718   59.54825     59.78851    -0.03     -0.03     0.05     1 
1650182719   59.54876     59.80917    -0.01     -0.00     0.01     1 
1650182720   59.54926     59.82983    -0.03      0.03     0.04     1 
1650182721   59.54976     59.85049    -0.06     -0.01     0.06     1 
1650182722   59.55026     59.87116    -0.05     -0.01     0.06     1 
1650182723   59.55075     59.89182    -0.03      0.05     0.06     1 
1650182724   59.55124     59.91249    -0.05      0.04     0.06     1 
1650182725   59.55172     59.93316    -0.05      0.05     0.08     1 
1650182726   59.55221     59.95383    -0.06      0.04     0.07     1 
1650182727   59.55269     59.97449    -0.06     -0.05     0.08     1 
1650182728   59.55316     59.99516    -0.29     -0.14     0.32     1 
1650182729   59.55364     60.01583    -0.16     -0.11     0.19     1 
1650182730   59.55411     60.03650    -0.02     -0.09     0.09     1 
1650182731   59.55457     60.05717    -0.11     -0.09     0.15     1 
1650182732   59.55504     60.07784    -0.26     -0.06     0.26     1 
1650182733   59.55550     60.09852    -0.08     -0.03     0.09     1 
1650182734   59.55595     60.11919    -0.09     -0.01     0.09     1 
1650182735   59.55641     60.13986    -0.12     -0.06     0.13     1 
1650182736   59.55686     60.16054    -0.14     -0.08     0.16     1 
1650182737   59.55730     60.18121    -0.02     -0.03     0.04     1 
1650182738   59.55775     60.20189    -0.00     -0.09     0.09     1 
1650182739   59.55819     60.22256    -0.15      0.10     0.18     1 
1650182740   59.55863     60.24324    -0.01     -0.06     0.06     1 
1650182741   59.55906     60.26392    -0.10      0.01     0.10     1 
1650182742   59.55949     60.28460    -0.08      0.09     0.11     1 
1650182743   59.55992     60.30527    -0.04      0.04     0.05     1 
1650182744   59.56034     60.32595    -0.02      0.04     0.04     1 
1650182745   59.56076     60.34663     0.02      0.07     0.07     1 
1650182746   59.56118     60.36731     0.03      0.01     0.03     1 
1650182747   59.56160     60.38799    -0.08      0.11     0.14     1 
1650182748   59.56201     60.40868    -0.02     -0.05     0.05     1 
1650182749   59.56242     60.42936    -0.02     -0.01     0.02     1 
1650182750   59.56282     60.45004    -0.02     -0.04     0.04     1 
1650182751   59.56322     60.47072    -0.00     -0.03     0.03     1 
1650182752   59.56362     60.49141    -0.05     -0.08     0.10     1 
1650182753   59.56401     60.51209    -0.11     -0.01     0.11     1 
1650182754   59.56441     60.53278     0.00     -0.04     0.04     1 
1650182755   59.56479     60.55346     0.04     -0.01     0.04     1 
1650182756   59.56518     60.57415     0.02      0.06     0.06     1 
1650182757   59.56556     60.59484     0.07      0.02     0.07     1 
1650182758   59.56594     60.61552     0.15     -0.07     0.17     1 
1650182759   59.56631     60.63621     0.17     -0.03     0.17     1 
1650182760   59.56669     60.65690     0.13     -0.16     0.21     1 
1650182761   59.56706     60.67759     0.12     -0.25     0.27     1 
1650182763   59.56778     60.71897     0.28     -0.03     0.28     1 
1650182764   59.56814     60.73966     0.13     -0.02     0.13     1 
1650182765   59.56850     60.76035     0.15     -0.11     0.18     1 
1650182787   59.53547     59.66550     0.04      0.09     0.10     1 
1650182788   59.53599     59.68615     0.05      0.07     0.08     1 
1650182789   59.53651     59.70681     0.05      0.06     0.08     1 
1650182790   59.53703     59.72746     0.04      0.06     0.07     1 
1650182791   59.53755     59.74812    -0.01      0.00     0.01     1 
1650182792   59.53806     59.76877    -0.01     -0.02     0.02     1 
1650182793   59.53857     59.78943    -0.03     -0.02     0.04     1 
1650182794   59.53907     59.81008    -0.04     -0.03     0.05     1 
1650182795   59.53958     59.83074    -0.05     -0.05     0.07     1 
1650182796   59.54008     59.85140    -0.03     -0.03     0.05     1 
1650182797   59.54057     59.87206    -0.04     -0.00     0.04     1 
1650182798   59.54106     59.89272    -0.06      0.00     0.06     1 
1650182799   59.54155     59.91338     0.01      0.04     0.04     1 
1650182800   59.54204     59.93404     0.03      0.07     0.08     1 
1650182801   59.54252     59.95470    -0.01      0.07     0.07     1 
1650182802   59.54300     59.97536    -0.03      0.02     0.04     1 
1650182803   59.54348     59.99603    -0.16     -0.13     0.20     1 
1650182804   59.54395     60.01669     0.02     -0.00     0.02     1 
1650182805   59.54442     60.03735     0.08     -0.06     0.10     1 
1650182806   59.54489     60.05802    -0.09     -0.05     0.11     1 
1650182807   59.54535     60.07868    -0.11      0.05     0.12     1 
1650182808   59.54581     60.09935    -0.23      0.08     0.24     1 
1650182809   59.54627     60.12002    -0.20     -0.08     0.22     1 
1650182810   59.54672     60.14068    -0.15     -0.08     0.16     1 
1650182811   59.54717     60.16135    -0.13     -0.05     0.14     1 
1650182812   59.54762     60.18202    -0.03     -0.19     0.20     1 
1650182813   59.54806     60.20269     0.01     -0.10     0.10     1 
1650182814   59.54850     60.22336    -0.09      0.08     0.11     1 
1650182815   59.54894     60.24403    -0.10      0.00     0.10     1 
1650182816   59.54937     60.26470    -0.09      0.03     0.09     1 
1650182817   59.54980     60.28538    -0.05      0.02     0.06     1 
1650182818   59.55023     60.30605    -0.05      0.04     0.06     1 
1650182819   59.55065     60.32672    -0.03      0.01     0.03     1 
1650182820   59.55108     60.34739     0.01      0.01     0.02     1 
1650182821   59.55149     60.36807     0.08      0.00     0.08     1 
1650182822   59.55191     60.38875    -0.07      0.01     0.07     1 
1650182823   59.55232     60.40942     0.04     -0.03     0.04     1 
1650182824   59.55273     60.43010     0.01      0.05     0.05     1 
1650182825   59.55313     60.45077    -0.04     -0.00     0.04     1 
1650182826   59.55353     60.47145    -0.05     -0.04     0.06     1 
1650182827   59.55393     60.49213    -0.04     -0.02     0.05     1 
1650182828   59.55432     60.51281     0.05      0.15     0.16     1 
1650182829   59.55472     60.53349     0.13      0.03     0.13     1 
1650182830   59.55510     60.55417     0.16     -0.08     0.18     1 
1650182831   59.55549     60.57485    -0.10     -0.10     0.14     1 
1650182832   59.55587     60.59553     0.00     -0.05     0.05     1 
1650182833   59.55625     60.61621     0.06     -0.02     0.06     1 
1650182834   59.55662     60.63689     0.06     -0.01     0.06     1 
1650182835   59.55700     60.65757     0.04     -0.08     0.09     1 
1650182836   59.55736     60.67826     0.06     -0.19     0.20     1 
1650182838   59.55809     60.71962     0.23     -0.01     0.23     1 
1650182839   59.55845     60.74031     0.13     -0.00     0.13     1 
1650182840   59.55881     60.76099     0.14     -0.13     0.19     1 
1650182841   59.55916     60.78168    -0.16     -0.21     0.26     1 
1650182862   59.52578     59.66646     0.07      0.06     0.10     1 
1650182863   59.52631     59.68711     0.10      0.02     0.10     1 
1650182864   59.52683     59.70775     0.08     -0.02     0.08     1 
1650182865   59.52735     59.72840     0.03     -0.01     0.03     1 
1650182866   59.52787     59.74905     0.01     -0.04     0.04     1 
1650182867   59.52838     59.76970    -0.00     -0.06     0.06     1 
1650182868   59.52889     59.79035    -0.03     -0.03     0.04     1 
1650182869   59.52939     59.81100    -0.08     -0.12     0.14     1 
1650182870   59.52989     59.83165    -0.04     -0.06     0.07     1 
1650182871   59.53039     59.85230    -0.07      0.08     0.11     1 
1650182872   59.53089     59.87296    -0.05      0.27     0.27     1 
1650182873   59.53138     59.89361    -0.07     -0.05     0.08     1 
1650182874   59.53187     59.91426    -0.03     -0.03     0.04     1 
1650182875   59.53236     59.93492     0.00     -0.02     0.02     1 
1650182876   59.53284     59.95557    -0.02      0.05     0.05     1 
1650182877   59.53332     59.97623    -0.04      0.04     0.06     1 
1650182878   59.53379     59.99689    -0.02     -0.04     0.04     1 
1650182879   59.53427     60.01754     0.04      0.04     0.06     1 
1650182880   59.53474     60.03820     0.04      0.05     0.07     1 
1650182881   59.53520     60.05886    -0.10      0.06     0.11     1 
1650182882   59.53567     60.07952    -0.08      0.13     0.15     1 
1650182883   59.53612     60.10018     0.02      0.10     0.10     1 
1650182884   59.53658     60.12084    -0.10     -0.03     0.10     1 
1650182885   59.53704     60.14151    -0.11     -0.04     0.12     1 
1650182886   59.53748     60.16217    -0.19     -0.01     0.19     1 
1650182887   59.53793     60.18283    -0.02     -0.08     0.08     1 
1650182888   59.53838     60.20349    -0.06      0.01     0.06     1 
1650182889   59.53881     60.22416    -0.11     -0.02     0.11     1 
1650182890   59.53925     60.24482    -0.16      0.06     0.18     1 
1650182891   59.53969     60.26549    -0.27      0.03     0.27     1 
1650182892   59.54012     60.28616    -0.20     -0.04     0.21     1 
1650182893   59.54054     60.30682    -0.18      0.04     0.18     1 
1650182894   59.54097     60.32749    -0.04      0.01     0.05     1 
1650182895   59.54139     60.34816    -0.00     -0.01     0.01     1 
1650182896   59.54180     60.36883     0.10     -0.01     0.10     1 
1650182897   59.54222     60.38949    -0.02      0.06     0.06     1 
1650182898   59.54263     60.41016     0.05      0.00     0.05     1 
1650182899   59.54304     60.43084     0.03      0.06     0.07     1 
1650182900   59.54344     60.45151     0.01      0.06     0.06     1 
1650182901   59.54384     60.47218    -0.00      0.10     0.10     1 
1650182902   59.54424     60.49285     0.03      0.09     0.10     1 
1650182903   59.54463     60.51352    -0.05      0.13     0.14     1 
1650182904   59.54503     60.53420     0.08      0.13     0.15     1 
1650182905   59.54541     60.55487     0.28     -0.11     0.30     1 
1650182906   59.54580     60.57554     0.13     -0.14     0.19     1 
1650182907   59.54618     60.59622     0.02     -0.08     0.08     1 
1650182908   59.54656     60.61689     0.07      0.04     0.08     1 
1650182909   59.54693     60.63757     0.04      0.02     0.04     1 
1650182910   59.54731     60.65825     0.03     -0.05     0.06     1 
1650182911   59.54767     60.67892     0.04     -0.06     0.07     1 
1650182912   59.54804     60.69960     0.06     -0.11     0.13     1 
1650182913   59.54840     60.72028     0.07     -0.02     0.07     1 
1650182914   59.54876     60.74096     0.15      0.01     0.15     1 
1650182915   59.54912     60.76164    -0.01     -0.17     0.17     1 
1650182916   59.54947     60.78232    -0.23     -0.15     0.27     1 
1650182937   59.51610     59.66742     0.08      0.12     0.14     1 
1650182938   59.51663     59.68806     0.05      0.06     0.08     1 
1650182939   59.51715     59.70870     0.06     -0.04     0.07     1 
1650182940   59.51767     59.72934     0.06     -0.03     0.07     1 
1650182941   59.51818     59.74998     0.00     -0.04     0.04     1 
1650182942   59.51870     59.77063    -0.10      0.03     0.10     1 
1650182943   59.51920     59.79127    -0.04     -0.09     0.09     1 
1650182944   59.51971     59.81191    -0.09     -0.09     0.13     1 
1650182945   59.52021     59.83256    -0.03     -0.18     0.18     1 
1650182946   59.52071     59.85321    -0.05      0.15     0.16     1 
1650182947   59.52120     59.87385    -0.15      0.23     0.27     1 
1650182948   59.52170     59.89450    -0.04     -0.04     0.05     1 
1650182949   59.52219     59.91515    -0.04     -0.05     0.07     1 
1650182950   59.52267     59.93580    -0.05     -0.03     0.06     1 
1650182951   59.52315     59.95645    -0.08     -0.03     0.09     1 
1650182952   59.52363     59.97710    -0.10     -0.04     0.11     1 
1650182953   59.52411     59.99775    -0.13     -0.00     0.13     1 
1650182954   59.52458     60.01840    -0.03      0.13     0.13     1 
1650182955   59.52505     60.03905    -0.04      0.10     0.11     1 
1650182956   59.52552     60.05971    -0.03      0.08     0.08     1 
1650182957   59.52598     60.08036    -0.02      0.13     0.13     1 
1650182958   59.52644     60.10101    -0.02      0.06     0.06     1 
1650182959   59.52690     60.12167    -0.07      0.05     0.08     1 
1650182960   59.52735     60.14233    -0.07      0.04     0.08     1 
1650182961   59.52780     60.16298    -0.15      0.02     0.16     1 
1650182962   59.52824     60.18364     0.03     -0.02     0.03     1 
1650182963   59.52869     60.20430    -0.10     -0.00     0.10     1 
1650182964   59.52913     60.22496    -0.11     -0.02     0.11     1 
1650182965   59.52956     60.24562    -0.05     -0.00     0.05     1 
1650182966   59.53000     60.26627    -0.11     -0.07     0.13     1 
1650182967   59.53043     60.28693    -0.20     -0.22     0.30     1 
1650182968   59.53086     60.30759     0.03      0.02     0.04     1 
1650182969   59.53128     60.32826    -0.03      0.02     0.04     1 
1650182970   59.53170     60.34892    -0.04     -0.03     0.05     1 
1650182971   59.53212     60.36958     0.00     -0.02     0.02     1 
1650182972   59.53253     60.39025    -0.03      0.07     0.08     1 
1650182973   59.53294     60.41091    -0.02      0.05     0.05     1 
1650182974   59.53335     60.43157     0.05      0.10     0.12     1 
1650182975   59.53375     60.45224    -0.08      0.09     0.12     1 
1650182976   59.53415     60.47290    -0.05      0.16     0.17     1 
1650182977   59.53455     60.49357     0.04      0.14     0.15     1 
1650182978   59.53495     60.51424     0.12      0.14     0.18     1 
1650182979   59.53534     60.53490     0.09      0.14     0.16     1 
1650182980   59.53572     60.55557     0.17     -0.06     0.18     1 
1650182981   59.53611     60.57624     0.18     -0.12     0.21     1 
1650182982   59.53649     60.59691     0.03     -0.07     0.08     1 
1650182983   59.53687     60.61758     0.06     -0.01     0.06     1 
1650182984   59.53724     60.63825     0.07     -0.01     0.07     1 
1650182985   59.53762     60.65892     0.09      0.08     0.12     1 
1650182986   59.53798     60.67959     0.03      0.09     0.09     1 
1650182987   59.53835     60.70026     0.04     -0.05     0.06     1 
1650182988   59.53871     60.72093     0.02     -0.05     0.06     1 
1650182989   59.53907     60.74161    -0.09     -0.05     0.11     1 
1650182990   59.53943     60.76228    -0.15     -0.07     0.17     1 
1650183011   59.50589     59.64774     0.10      0.20     0.22     1 
1650183012   59.50642     59.66837     0.12      0.12     0.17     1 
1650183013   59.50695     59.68901     0.06      0.08     0.10     1 
1650183014   59.50747     59.70964    -0.01      0.09     0.09     1 
1650183015   59.50798     59.73028     0.03      0.05     0.06     1 
1650183016   59.50850     59.75091     0.06      0.03     0.06     1 
1650183017   59.50901     59.77155    -0.00      0.01     0.01     1 
1650183018   59.50952     59.79219    -0.08     -0.15     0.17     1 
1650183019   59.51002     59.81283     0.02      0.03     0.04     1 
1650183020   59.51053     59.83347     0.03     -0.17     0.17     1 
1650183021   59.51102     59.85411     0.05     -0.01     0.05     1 
1650183022   59.51152     59.87475    -0.01     -0.02     0.02     1 
1650183023   59.51201     59.89539    -0.02     -0.05     0.06     1 
1650183024   59.51250     59.91603    -0.02     -0.04     0.05     1 
1650183025   59.51299     59.93668    -0.03     -0.05     0.06     1 
1650183026   59.51347     59.95732    -0.09     -0.04     0.10     1 
1650183027   59.51395     59.97797    -0.08     -0.03     0.08     1 
1650183028   59.51442     59.99861    -0.09     -0.00     0.09     1 
1650183029   59.51490     60.01926    -0.05     -0.02     0.05     1 
1650183030   59.51537     60.03990    -0.07      0.00     0.07     1 
1650183031   59.51583     60.06055    -0.06      0.08     0.10     1 
1650183032   59.51629     60.08120    -0.00      0.11     0.11     1 
1650183033   59.51675     60.10185    -0.04      0.09     0.10     1 
1650183034   59.51721     60.12250    -0.03      0.08     0.09     1 
1650183035   59.51766     60.14315     0.01      0.11     0.11     1 
1650183036   59.51811     60.16380    -0.07      0.06     0.09     1 
1650183037   59.51856     60.18445    -0.02      0.01     0.02     1 
1650183038   59.51900     60.20510     0.02      0.09     0.09     1 
1650183039   59.51944     60.22575     0.00      0.02     0.02     1 
1650183040   59.51988     60.24641    -0.06     -0.04     0.07     1 
1650183041   59.52031     60.26706    -0.16     -0.28     0.32     1 
1650183043   59.52117     60.30837    -0.26     -0.08     0.27     1 
1650183044   59.52159     60.32902    -0.17     -0.11     0.21     1 
1650183045   59.52201     60.34968    -0.08      0.11     0.13     1 
1650183046   59.52243     60.37034    -0.03     -0.04     0.05     1 
1650183047   59.52284     60.39099    -0.02      0.08     0.08     1 
1650183048   59.52325     60.41165    -0.02      0.06     0.06     1 
1650183049   59.52366     60.43231    -0.02      0.09     0.09     1 
1650183050   59.52407     60.45297    -0.07      0.04     0.08     1 
1650183051   59.52446     60.47363    -0.19      0.12     0.23     1 
1650183052   59.52486     60.49429     0.10      0.07     0.12     1 
1650183053   59.52526     60.51495     0.12      0.10     0.16     1 
1650183054   59.52565     60.53561     0.08      0.09     0.12     1 
1650183055   59.52604     60.55627     0.05      0.12     0.13     1 
1650183056   59.52642     60.57694     0.09      0.03     0.10     1 
1650183057   59.52680     60.59760     0.09     -0.03     0.09     1 
1650183058   59.52718     60.61826     0.07     -0.01     0.07     1 
1650183059   59.52755     60.63893     0.10      0.01     0.10     1 
1650183060   59.52793     60.65959     0.05      0.09     0.10     1 
1650183061   59.52829     60.68026    -0.06      0.11     0.12     1 
1650183062   59.52866     60.70092    -0.07     -0.08     0.10     1 
1650183063   59.52902     60.72159     0.04     -0.09     0.09     1 
1650183064   59.52938     60.74226    -0.09     -0.06     0.11     1 
1650183065   59.52973     60.76292    -0.17     -0.11     0.20     1 
1650183086   59.49621     59.64870     0.12      0.07     0.14     1 
1650183087   59.49674     59.66933     0.13      0.06     0.15     1 
1650183088   59.49726     59.68996     0.05      0.12     0.13     1 
1650183089   59.49779     59.71059     0.02      0.11     0.11     1 
1650183090   59.49830     59.73121     0.05      0.04     0.06     1 
1650183091   59.49882     59.75185     0.06      0.07     0.10     1 
1650183092   59.49933     59.77248     0.04      0.05     0.06     1 
1650183093   59.49984     59.79311    -0.11     -0.08     0.13     1 
1650183094   59.50034     59.81374    -0.09     -0.08     0.12     1 
1650183095   59.50084     59.83438    -0.02     -0.06     0.06     1 
1650183096   59.50134     59.85501    -0.01     -0.03     0.04     1 
1650183097   59.50184     59.87565    -0.01     -0.06     0.06     1 
1650183098   59.50233     59.89628     0.01     -0.07     0.07     1 
1650183099   59.50282     59.91692    -0.02     -0.05     0.05     1 
1650183100   59.50330     59.93756     0.00     -0.08     0.08     1 
1650183101   59.50378     59.95819    -0.02     -0.04     0.05     1 
1650183102   59.50426     59.97883    -0.06     -0.03     0.06     1 
1650183103   59.50474     59.99947    -0.04      0.02     0.05     1 
1650183104   59.50521     60.02011    -0.04     -0.02     0.04     1 
1650183105   59.50568     60.04075    -0.06     -0.11     0.12     1 
1650183106   59.50614     60.06139    -0.07     -0.01     0.07     1 
1650183107   59.50661     60.08204    -0.06      0.03     0.07     1 
1650183108   59.50707     60.10268    -0.03      0.09     0.10     1 
1650183109   59.50752     60.12332     0.02      0.08     0.08     1 
1650183110   59.50798     60.14397    -0.01      0.11     0.11     1 
1650183111   59.50843     60.16461    -0.04      0.08     0.09     1 
1650183112   59.50887     60.18525    -0.05      0.21     0.22     1 
1650183113   59.50931     60.20590    -0.01      0.09     0.09     1 
1650183114   59.50975     60.22655     0.01      0.08     0.08     1 
1650183115   59.51019     60.24719    -0.17     -0.01     0.17     1 
1650183116   59.51062     60.26784    -0.16     -0.15     0.22     1 
1650183117   59.51105     60.28849     0.14     -0.17     0.22     1 
1650183118   59.51148     60.30914    -0.07     -0.01     0.07     1 
1650183119   59.51190     60.32979    -0.11     -0.11     0.15     1 
1650183121   59.51274     60.37109    -0.03      0.07     0.07     1 
1650183122   59.51315     60.39174     0.02     -0.00     0.02     1 
1650183123   59.51356     60.41239     0.04     -0.05     0.06     1 
1650183124   59.51397     60.43305     0.00      0.02     0.02     1 
1650183125   59.51438     60.45370     0.01      0.01     0.01     1 
1650183126   59.51478     60.47435     0.07      0.06     0.09     1 
1650183127   59.51517     60.49501     0.11      0.05     0.12     1 
1650183128   59.51557     60.51566     0.04      0.05     0.06     1 
1650183129   59.51596     60.53632     0.06      0.06     0.08     1 
1650183130   59.51635     60.55698     0.06      0.05     0.08     1 
1650183131   59.51673     60.57763     0.03      0.02     0.04     1 
1650183132   59.51711     60.59829    -0.01     -0.03     0.03     1 
1650183133   59.51749     60.61895     0.00     -0.03     0.03     1 
1650183134   59.51786     60.63960     0.06     -0.03     0.07     1 
1650183135   59.51823     60.66026     0.03      0.03     0.04     1 
1650183136   59.51860     60.68092     0.02      0.03     0.04     1 
1650183139   59.51969     60.74290    -0.01     -0.13     0.13     1 
1650183140   59.52004     60.76356    -0.20     -0.14     0.24     1 
1650183161   59.48653     59.64966     0.11      0.00     0.11     1 
1650183162   59.48706     59.67028     0.09     -0.01     0.09     1 
1650183163   59.48758     59.69090     0.06      0.06     0.08     1 
1650183164   59.48810     59.71153     0.07      0.07     0.10     1 
1650183165   59.48862     59.73215     0.06      0.00     0.06     1 
1650183166   59.48913     59.75278     0.06      0.12     0.14     1 
1650183167   59.48965     59.77340     0.06      0.05     0.08     1 
1650183168   59.49015     59.79403    -0.02      0.03     0.04     1 
1650183169   59.49066     59.81466    -0.06     -0.00     0.06     1 
1650183170   59.49116     59.83528    -0.01      0.00     0.01     1 
1650183171   59.49166     59.85591    -0.05     -0.02     0.05     1 
1650183172   59.49215     59.87654    -0.09     -0.06     0.11     1 
1650183173   59.49264     59.89717    -0.04     -0.06     0.07     1 
1650183174   59.49313     59.91780    -0.05     -0.03     0.06     1 
1650183175   59.49362     59.93843    -0.04     -0.09     0.10     1 
1650183176   59.49410     59.95907    -0.01     -0.05     0.05     1 
1650183177   59.49458     59.97970    -0.02     -0.03     0.04     1 
1650183178   59.49505     60.00033    -0.04     -0.02     0.04     1 
1650183179   59.49553     60.02097    -0.13     -0.10     0.17     1 
1650183180   59.49599     60.04160    -0.22      0.00     0.22     1 
1650183181   59.49646     60.06224    -0.06      0.01     0.06     1 
1650183182   59.49692     60.08287    -0.02      0.01     0.02     1 
1650183183   59.49738     60.10351    -0.02      0.09     0.09     1 
1650183184   59.49784     60.12415     0.03      0.07     0.07     1 
1650183185   59.49829     60.14478    -0.03      0.08     0.09     1 
1650183186   59.49874     60.16542    -0.03      0.09     0.10     1 
1650183187   59.49918     60.18606    -0.01      0.12     0.12     1 
1650183188   59.49963     60.20670    -0.02      0.11     0.11     1 
1650183189   59.50007     60.22734    -0.04      0.06     0.07     1 
1650183190   59.50050     60.24798    -0.08      0.19     0.20     1 
1650183191   59.50094     60.26863    -0.04      0.16     0.17     1 
1650183192   59.50137     60.28927     0.04      0.11     0.11     1 
1650183193   59.50179     60.30991     0.17     -0.04     0.17     1 
1650183194   59.50222     60.33056     0.22     -0.01     0.22     1 
1650183195   59.50264     60.35120    -0.05      0.18     0.19     1 
1650183196   59.50305     60.37185     0.02      0.04     0.04     1 
1650183197   59.50347     60.39249     0.00      0.01     0.01     1 
1650183198   59.50388     60.41314     0.03     -0.03     0.04     1 
1650183199   59.50428     60.43378    -0.02     -0.03     0.03     1 
1650183200   59.50469     60.45443    -0.03     -0.05     0.06     1 
1650183201   59.50509     60.47508     0.00      0.02     0.02     1 
1650183202   59.50549     60.49573     0.09      0.04     0.10     1 
1650183203   59.50588     60.51638     0.06      0.05     0.07     1 
1650183204   59.50627     60.53702     0.02      0.04     0.05     1 
1650183205   59.50666     60.55768     0.05      0.03     0.05     1 
1650183206   59.50704     60.57833     0.05      0.01     0.05     1 
1650183207   59.50742     60.59898    -0.01     -0.09     0.09     1 
1650183208   59.50780     60.61963     0.01     -0.00     0.01     1 
1650183209   59.50817     60.64028     0.07      0.02     0.07     1 
1650183210   59.50854     60.66093     0.06      0.04     0.07     1 
1650183211   59.50891     60.68159     0.11      0.05     0.12     1 
1650183212   59.50928     60.70224     0.14     -0.25     0.29     1 
1650183214   59.51000     60.74355     0.02     -0.10     0.10     1 
1650183215   59.51035     60.76421    -0.07     -0.13     0.15     1 
1650183235   59.47632     59.63000     0.12      0.20     0.23     1 
1650183236   59.47685     59.65062     0.12      0.03     0.12     1 
1650183237   59.47738     59.67124     0.08     -0.01     0.08     1 
1650183238   59.47790     59.69185     0.05      0.01     0.05     1 
1650183239   59.47842     59.71247     0.05      0.04     0.07     1 
1650183240   59.47894     59.73309    -0.02     -0.08     0.08     1 
1650183241   59.47945     59.75371     0.02      0.00     0.02     1 
1650183242   59.47996     59.77433     0.02     -0.00     0.02     1 
1650183243   59.48047     59.79495     0.05     -0.01     0.05     1 
1650183244   59.48098     59.81557     0.03      0.05     0.06     1 
1650183245   59.48148     59.83619     0.00      0.03     0.03     1 
1650183246   59.48197     59.85681    -0.04     -0.01     0.04     1 
1650183247   59.48247     59.87744    -0.05      0.05     0.07     1 
1650183248   59.48296     59.89806     0.00      0.04     0.04     1 
1650183249   59.48345     59.91868    -0.03     -0.00     0.03     1 
1650183250   59.48393     59.93931    -0.07     -0.10     0.12     1 
1650183251   59.48441     59.95994    -0.03     -0.05     0.06     1 
1650183252   59.48489     59.98056    -0.00     -0.05     0.05     1 
1650183253   59.48537     60.00119     0.03     -0.05     0.06     1 
1650183254   59.48584     60.02182    -0.12     -0.11     0.16     1 
1650183256   59.48677     60.06308    -0.08      0.01     0.08     1 
1650183257   59.48724     60.08371     0.01     -0.05     0.05     1 
1650183258   59.48770     60.10434    -0.02      0.05     0.05     1 
1650183259   59.48815     60.12497    -0.02      0.05     0.06     1 
1650183260   59.48860     60.14560     0.03      0.05     0.06     1 
1650183261   59.48905     60.16624    -0.04      0.11     0.12     1 
1650183262   59.48950     60.18687    -0.02      0.18     0.18     1 
1650183263   59.48994     60.20750    -0.04      0.10     0.10     1 
1650183264   59.49038     60.22814     0.03      0.05     0.06     1 
1650183265   59.49082     60.24877     0.08      0.11     0.14     1 
1650183266   59.49125     60.26941    -0.01      0.10     0.11     1 
1650183267   59.49168     60.29005    -0.06      0.09     0.11     1 
1650183268   59.49211     60.31068     0.17     -0.12     0.21     1 
1650183269   59.49253     60.33132     0.22      0.03     0.22     1 
1650183270   59.49295     60.35196     0.10      0.12     0.16     1 
1650183271   59.49336     60.37260     0.11      0.03     0.11     1 
1650183272   59.49378     60.39324    -0.01      0.15     0.15     1 
1650183273   59.49419     60.41388     0.04      0.01     0.04     1 
1650183274   59.49459     60.43452     0.01     -0.00     0.01     1 
1650183275   59.49500     60.45516    -0.00     -0.00     0.00     1 
1650183276   59.49540     60.47580     0.04      0.02     0.05     1 
1650183277   59.49580     60.49645     0.07      0.04     0.08     1 
1650183278   59.49619     60.51709     0.05      0.05     0.07     1 
1650183279   59.49658     60.53773     0.03      0.05     0.06     1 
1650183280   59.49697     60.55838     0.05      0.06     0.08     1 
1650183281   59.49735     60.57902     0.03      0.02     0.04     1 
1650183282   59.49773     60.59967    -0.02     -0.06     0.07     1 
1650183283   59.49811     60.62031    -0.02      0.02     0.03     1 
1650183284   59.49848     60.64096     0.06      0.08     0.10     1 
1650183285   59.49885     60.66161     0.04      0.07     0.08     1 
1650183286   59.49922     60.68225    -0.02      0.06     0.06     1 
1650183288   59.49995     60.72355     0.14     -0.29     0.32     1 
1650183289   59.50031     60.74420     0.00     -0.04     0.04     1 
1650183290   59.50066     60.76485    -0.09     -0.20     0.22     1 
1650183310   59.46664     59.63097     0.05      0.07     0.09     1 
1650183311   59.46717     59.65158     0.06      0.08     0.10     1 
1650183312   59.46769     59.67219     0.05      0.10     0.11     1 
1650183313   59.46822     59.69280     0.02     -0.04     0.04     1 
1650183314   59.46874     59.71341     0.03     -0.06     0.07     1 
1650183315   59.46925     59.73402     0.10     -0.04     0.11     1 
1650183316   59.46977     59.75464     0.02      0.04     0.05     1 
1650183317   59.47028     59.77525    -0.09     -0.15     0.17     1 
1650183318   59.47079     59.79586     0.06     -0.07     0.09     1 
1650183319   59.47129     59.81648     0.04     -0.03     0.05     1 
1650183320   59.47179     59.83710     0.02     -0.03     0.04     1 
1650183321   59.47229     59.85771    -0.03      0.03     0.04     1 
1650183322   59.47278     59.87833    -0.04      0.03     0.05     1 
1650183323   59.47328     59.89895    -0.04      0.02     0.04     1 
1650183324   59.47376     59.91957    -0.07     -0.04     0.08     1 
1650183325   59.47425     59.94019    -0.03     -0.04     0.05     1 
1650183326   59.47473     59.96081    -0.02      0.01     0.02     1 
1650183327   59.47521     59.98143    -0.06      0.04     0.07     1 
1650183328   59.47568     60.00205    -0.02      0.01     0.02     1 
1650183329   59.47615     60.02267    -0.05     -0.02     0.06     1 
1650183330   59.47662     60.04330    -0.05      0.01     0.05     1 
1650183331   59.47709     60.06392    -0.08     -0.05     0.09     1 
1650183332   59.47755     60.08454     0.01     -0.01     0.01     1 
1650183333   59.47801     60.10517    -0.00      0.02     0.02     1 
1650183334   59.47846     60.12579    -0.01     -0.02     0.02     1 
1650183335   59.47892     60.14642     0.08      0.04     0.09     1 
1650183336   59.47937     60.16705     0.17      0.06     0.17     1 
1650183337   59.47981     60.18767     0.08      0.13     0.15     1 
1650183338   59.48025     60.20830     0.04      0.09     0.10     1 
1650183339   59.48069     60.22893     0.11      0.10     0.15     1 
1650183340   59.48113     60.24956     0.08      0.07     0.11     1 
1650183341   59.48156     60.27019     0.02      0.08     0.08     1 
1650183342   59.48199     60.29082     0.01      0.02     0.02     1 
1650183343   59.48242     60.31145    -0.17     -0.08     0.19     1 
1650183344   59.48284     60.33209    -0.05      0.12     0.14     1 
1650183345   59.48326     60.35272     0.15      0.10     0.18     1 
1650183346   59.48368     60.37335     0.05      0.05     0.07     1 
1650183347   59.48409     60.39399     0.17      0.10     0.20     1 
1650183348   59.48450     60.41462     0.06      0.07     0.09     1 
1650183349   59.48491     60.43525     0.04      0.06     0.07     1 
1650183350   59.48531     60.45589     0.07      0.12     0.14     1 
1650183351   59.48571     60.47653     0.07      0.10     0.12     1 
1650183352   59.48611     60.49716     0.14      0.09     0.17     1 
1650183353   59.48650     60.51780     0.12      0.08     0.15     1 
1650183354   59.48689     60.53844     0.09      0.04     0.10     1 
1650183355   59.48728     60.55908     0.09      0.07     0.12     1 
1650183356   59.48766     60.57972     0.06      0.05     0.08     1 
1650183357   59.48804     60.60035    -0.00      0.01     0.01     1 
1650183358   59.48842     60.62099    -0.02      0.03     0.03     1 
1650183359   59.48879     60.64163     0.03      0.03     0.04     1 
1650183360   59.48916     60.66228    -0.02     -0.08     0.08     1 
1650183361   59.48953     60.68292    -0.25      0.04     0.25     1 
1650183364   59.49061     60.74484    -0.11      0.05     0.12     1 
1650183385   59.45696     59.63193     0.10      0.10     0.14     1 
1650183386   59.45748     59.65254     0.01      0.12     0.12     1 
1650183387   59.45801     59.67314    -0.06      0.16     0.17     1 
1650183388   59.45853     59.69375     0.03      0.03     0.05     1 
1650183389   59.45905     59.71435    -0.01     -0.05     0.05     1 
1650183390   59.45957     59.73496     0.11      0.05     0.13     1 
1650183391   59.46009     59.75557    -0.06     -0.05     0.08     1 
1650183393   59.46110     59.79678     0.02     -0.09     0.09     1 
1650183394   59.46161     59.81739     0.03     -0.10     0.10     1 
1650183395   59.46211     59.83800     0.02     -0.06     0.06     1 
1650183396   59.46261     59.85861     0.01      0.01     0.01     1 
1650183397   59.46310     59.87922    -0.03     -0.00     0.03     1 
1650183398   59.46359     59.89984    -0.07     -0.01     0.07     1 
1650183399   59.46408     59.92045    -0.09     -0.09     0.12     1 
1650183400   59.46456     59.94106    -0.01     -0.02     0.02     1 
1650183401   59.46505     59.96168     0.07      0.07     0.09     1 
1650183403   59.46600     60.00291     0.06      0.09     0.11     1 
1650183404   59.46647     60.02352    -0.03      0.02     0.03     1 
1650183405   59.46694     60.04414    -0.04      0.03     0.05     1 
1650183406   59.46740     60.06476    -0.01     -0.04     0.04     1 
1650183407   59.46787     60.08538     0.01     -0.06     0.06     1 
1650183408   59.46832     60.10600    -0.01      0.02     0.02     1 
1650183409   59.46878     60.12662     0.01     -0.04     0.04     1 
1650183410   59.46923     60.14724     0.04      0.04     0.06     1 
1650183411   59.46968     60.16786     0.02      0.01     0.02     1 
1650183412   59.47013     60.18848    -0.01      0.03     0.03     1 
1650183413   59.47057     60.20910     0.03      0.07     0.08     1 
1650183414   59.47101     60.22973     0.01      0.02     0.02     1 
1650183415   59.47144     60.25035     0.02      0.06     0.07     1 
1650183416   59.47187     60.27097     0.02      0.07     0.07     1 
1650183417   59.47230     60.29160    -0.05     -0.00     0.05     1 
1650183418   59.47273     60.31222    -0.09     -0.12     0.15     1 
1650183419   59.47315     60.33285    -0.02     -0.06     0.07     1 
1650183420   59.47357     60.35348     0.04     -0.01     0.05     1 
1650183421   59.47399     60.37410     0.11      0.16     0.20     1 
1650183422   59.47440     60.39473     0.04     -0.02     0.05     1 
1650183423   59.47481     60.41536     0.08      0.06     0.10     1 
1650183424   59.47522     60.43599     0.09      0.19     0.21     1 
1650183425   59.47562     60.45662     0.06      0.22     0.23     1 
1650183426   59.47602     60.47725     0.10      0.20     0.23     1 
1650183427   59.47642     60.49788     0.17      0.15     0.23     1 
1650183428   59.47681     60.51851     0.17      0.10     0.20     1 
1650183429   59.47720     60.53914     0.12      0.04     0.13     1 
1650183430   59.47759     60.55978     0.11      0.11     0.15     1 
1650183431   59.47797     60.58041     0.07      0.07     0.10     1 
1650183432   59.47835     60.60104     0.04     -0.00     0.04     1 
1650183433   59.47873     60.62168    -0.01      0.06     0.06     1 
1650183434   59.47910     60.64231    -0.04      0.03     0.05     1 
1650183435   59.47947     60.66295    -0.19     -0.19     0.27     1 
1650183436   59.47984     60.68358    -0.25      0.05     0.26     1 
1650183437   59.48021     60.70422    -0.03      0.03     0.04     1 
1650183438   59.48057     60.72485    -0.16     -0.15     0.22     1 
1650183439   59.48092     60.74549    -0.21     -0.01     0.21     1 
1650183460   59.44727     59.63290     0.08      0.11     0.13     1 
1650183461   59.44780     59.65349     0.06      0.12     0.13     1 
1650183462   59.44833     59.67409     0.10      0.18     0.20     1 
1650183463   59.44885     59.69469     0.03      0.04     0.05     1 
1650183464   59.44937     59.71529     0.01     -0.02     0.02     1 
1650183465   59.44989     59.73589    -0.03      0.00     0.03     1 
1650183466   59.45040     59.75649     0.09      0.17     0.20     1 
1650183467   59.45091     59.77710     0.12     -0.05     0.13     1 
1650183468   59.45142     59.79770     0.02     -0.11     0.11     1 
1650183469   59.45192     59.81830     0.06     -0.12     0.14     1 
1650183470   59.45242     59.83891     0.00     -0.11     0.11     1 
1650183471   59.45292     59.85951    -0.02     -0.06     0.07     1 
1650183472   59.45342     59.88012    -0.04     -0.07     0.08     1 
1650183473   59.45391     59.90072    -0.03     -0.09     0.10     1 
1650183474   59.45439     59.92133    -0.03     -0.07     0.08     1 
1650183475   59.45488     59.94194    -0.01     -0.01     0.01     1 
1650183476   59.45536     59.96255     0.06      0.03     0.06     1 
1650183477   59.45584     59.98316     0.09      0.08     0.12     1 
1650183478   59.45631     60.00377     0.02      0.06     0.07     1 
1650183479   59.45678     60.02438    -0.02      0.05     0.05     1 
1650183480   59.45725     60.04499    -0.04      0.02     0.05     1 
1650183481   59.45772     60.06560     0.05     -0.06     0.08     1 
1650183482   59.45818     60.08621     0.05     -0.06     0.08     1 
1650183483   59.45864     60.10683    -0.02      0.01     0.02     1 
1650183484   59.45909     60.12744     0.01      0.01     0.01     1 
1650183485   59.45954     60.14805     0.04     -0.00     0.04     1 
1650183486   59.45999     60.16867     0.04     -0.02     0.04     1 
1650183487   59.46044     60.18929     0.01      0.04     0.04     1 
1650183488   59.46088     60.20990     0.08      0.06     0.11     1 
1650183489   59.46132     60.23052     0.05      0.02     0.05     1 
1650183490   59.46175     60.25114     0.04      0.02     0.05     1 
1650183491   59.46219     60.27175     0.05      0.02     0.05     1 
1650183492   59.46262     60.29237    -0.01      0.06     0.06     1 
1650183493   59.46304     60.31299    -0.01     -0.12     0.12     1 
1650183494   59.46346     60.33361     0.05     -0.07     0.09     1 
1650183495   59.46388     60.35424     0.06      0.02     0.06     1 
1650183496   59.46430     60.37486     0.18      0.13     0.22     1 
1650183497   59.46471     60.39548     0.09      0.16     0.18     1 
1650183498   59.46512     60.41610     0.05      0.11     0.12     1 
1650183499   59.46553     60.43672     0.10      0.06     0.12     1 
1650183500   59.46593     60.45735     0.12      0.20     0.23     1 
1650183501   59.46633     60.47797     0.15      0.25     0.29     1 
1650183502   59.46673     60.49860     0.12      0.19     0.22     1 
1650183503   59.46712     60.51922     0.25      0.20     0.32     1 
1650183504   59.46751     60.53985     0.14      0.21     0.25     1 
1650183505   59.46790     60.56047     0.06      0.11     0.13     1 
1650183506   59.46828     60.58110     0.03      0.20     0.20     1 
1650183507   59.46866     60.60173     0.11      0.10     0.14     1 
1650183508   59.46904     60.62236     0.01      0.03     0.03     1 
1650183509   59.46941     60.64299    -0.04     -0.02     0.05     1 
1650183510   59.46978     60.66362    -0.13     -0.03     0.13     1 
1650183511   59.47015     60.68424    -0.19     -0.06     0.20     1 
1650183512   59.47051     60.70488    -0.11      0.02     0.11     1 
1650183513   59.47088     60.72551    -0.11     -0.03     0.11     1 
1650183514   59.47123     60.74614    -0.17     -0.10     0.20     1 
1650183534   59.43706     59.61327     0.02      0.12     0.12     1 
1650183535   59.43759     59.63386     0.04      0.12     0.12     1 
1650183536   59.43812     59.65445     0.09      0.10     0.13     1 
1650183537   59.43865     59.67504     0.05      0.14     0.15     1 
1650183538   59.43917     59.69564     0.00      0.00     0.01     1 
1650183539   59.43969     59.71623    -0.04      0.00     0.04     1 
1650183540   59.44021     59.73683    -0.05      0.00     0.05     1 
1650183541   59.44072     59.75742    -0.03     -0.04     0.05     1 
1650183542   59.44123     59.77802     0.00     -0.04     0.04     1 
1650183543   59.44174     59.79861    -0.01     -0.09     0.09     1 
1650183544   59.44224     59.81921     0.03     -0.10     0.10     1 
1650183545   59.44274     59.83981     0.04     -0.10     0.11     1 
1650183546   59.44324     59.86041     0.02     -0.08     0.08     1 
1650183547   59.44373     59.88101    -0.02     -0.10     0.10     1 
1650183548   59.44422     59.90161    -0.02     -0.13     0.13     1 
1650183549   59.44471     59.92221    -0.10     -0.02     0.10     1 
1650183550   59.44519     59.94281     0.01     -0.03     0.03     1 
1650183551   59.44568     59.96342     0.00      0.01     0.01     1 
1650183552   59.44615     59.98402    -0.02      0.05     0.05     1 
1650183553   59.44663     60.00462     0.01      0.05     0.05     1 
1650183554   59.44710     60.02523     0.03      0.05     0.06     1 
1650183555   59.44757     60.04583    -0.07      0.05     0.09     1 
1650183556   59.44803     60.06644     0.07      0.02     0.07     1 
1650183557   59.44849     60.08705     0.08     -0.02     0.08     1 
1650183558   59.44895     60.10765     0.04      0.03     0.05     1 
1650183559   59.44941     60.12826     0.04      0.09     0.10     1 
1650183560   59.44986     60.14887     0.06      0.02     0.06     1 
1650183561   59.45031     60.16948     0.07     -0.06     0.09     1 
1650183562   59.45075     60.19009    -0.06      0.11     0.12     1 
1650183563   59.45119     60.21070     0.02      0.09     0.09     1 
1650183564   59.45163     60.23131     0.05      0.02     0.05     1 
1650183565   59.45207     60.25192     0.02      0.01     0.02     1 
1650183566   59.45250     60.27254     0.05      0.01     0.05     1 
1650183567   59.45293     60.29315     0.08      0.06     0.10     1 
1650183568   59.45335     60.31376     0.19     -0.02     0.19     1 
1650183569   59.45378     60.33438     0.13      0.08     0.15     1 
1650183570   59.45420     60.35499     0.03      0.07     0.07     1 
1650183571   59.45461     60.37561     0.02      0.05     0.05     1 
1650183572   59.45502     60.39622     0.04      0.07     0.08     1 
1650183573   59.45543     60.41684     0.00      0.06     0.06     1 
1650183574   59.45584     60.43746     0.02      0.02     0.03     1 
1650183575   59.45624     60.45808     0.10      0.18     0.21     1 
1650183576   59.45664     60.47869     0.10      0.19     0.21     1 
1650183577   59.45704     60.49931     0.12      0.12     0.17     1 
1650183578   59.45743     60.51993     0.21      0.13     0.25     1 
1650183579   59.45782     60.54055     0.07      0.04     0.08     1 
1650183580   59.45821     60.56117     0.05      0.20     0.20     1 
1650183581   59.45859     60.58179     0.07      0.27     0.27     1 
1650183582   59.45897     60.60242     0.07      0.24     0.25     1 
1650183583   59.45935     60.62304     0.02      0.08     0.08     1 
1650183584   59.45972     60.64366    -0.01     -0.03     0.03     1 
1650183585   59.46009     60.66428     0.00      0.10     0.10     1 
1650183586   59.46046     60.68491    -0.10      0.07     0.12     1 
1650183587   59.46082     60.70553    -0.13     -0.04     0.14     1 
1650183588   59.46119     60.72616    -0.18      0.08     0.20     1 
1650183609   59.42738     59.61424    -0.01      0.08     0.09     1 
1650183610   59.42791     59.63482    -0.04      0.07     0.08     1 
1650183611   59.42844     59.65541    -0.02      0.08     0.08     1 
1650183612   59.42896     59.67600     0.02      0.22     0.22     1 
1650183613   59.42949     59.69658    -0.07     -0.02     0.07     1 
1650183614   59.43001     59.71717    -0.11     -0.04     0.11     1 
1650183615   59.43052     59.73776    -0.08     -0.02     0.08     1 
1650183616   59.43104     59.75835    -0.07     -0.09     0.11     1 
1650183617   59.43155     59.77894    -0.06     -0.07     0.09     1 
1650183618   59.43205     59.79953    -0.02     -0.08     0.08     1 
1650183619   59.43256     59.82012     0.01     -0.12     0.12     1 
1650183620   59.43306     59.84072     0.01     -0.07     0.07     1 
1650183621   59.43355     59.86131     0.03     -0.12     0.12     1 
1650183622   59.43405     59.88190    -0.01     -0.06     0.06     1 
1650183623   59.43454     59.90250    -0.03     -0.12     0.13     1 
1650183624   59.43503     59.92309    -0.06     -0.08     0.10     1 
1650183625   59.43551     59.94369     0.05     -0.06     0.07     1 
1650183626   59.43599     59.96428     0.04     -0.01     0.04     1 
1650183627   59.43647     59.98488     0.02      0.06     0.06     1 
1650183628   59.43694     60.00548     0.02      0.08     0.08     1 
1650183629   59.43741     60.02608     0.10      0.05     0.11     1 
1650183630   59.43788     60.04668     0.01      0.04     0.04     1 
1650183631   59.43835     60.06728    -0.05      0.07     0.08     1 
1650183632   59.43881     60.08788     0.10     -0.03     0.11     1 
1650183633   59.43926     60.10848     0.12     -0.06     0.13     1 
1650183634   59.43972     60.12908     0.06      0.11     0.12     1 
1650183635   59.44017     60.14969    -0.10      0.05     0.12     1 
1650183636   59.44062     60.17029    -0.03      0.04     0.05     1 
1650183637   59.44107     60.19089     0.01      0.11     0.11     1 
1650183638   59.44151     60.21150     0.03      0.08     0.09     1 
1650183639   59.44194     60.23210     0.03      0.06     0.07     1 
1650183640   59.44238     60.25271     0.03      0.13     0.14     1 
1650183641   59.44281     60.27332     0.05      0.04     0.06     1 
1650183642   59.44324     60.29392     0.02     -0.01     0.02     1 
1650183643   59.44367     60.31453     0.06      0.04     0.07     1 
1650183644   59.44409     60.33514     0.08      0.03     0.08     1 
1650183645   59.44451     60.35575     0.05      0.03     0.06     1 
1650183646   59.44492     60.37636     0.00      0.02     0.02     1 
1650183647   59.44534     60.39697     0.01      0.06     0.06     1 
1650183648   59.44575     60.41758    -0.00      0.07     0.07     1 
1650183649   59.44615     60.43819     0.01      0.11     0.11     1 
1650183650   59.44655     60.45880     0.05      0.19     0.20     1 
1650183651   59.44695     60.47942     0.07      0.14     0.16     1 
1650183652   59.44735     60.50003     0.16      0.22     0.27     1 
1650183653   59.44774     60.52064     0.17      0.16     0.23     1 
1650183654   59.44813     60.54126     0.17      0.09     0.20     1 
1650183655   59.44852     60.56187     0.08      0.14     0.17     1 
1650183656   59.44890     60.58249     0.13      0.22     0.25     1 
1650183657   59.44928     60.60310     0.10      0.20     0.22     1 
1650183658   59.44966     60.62372     0.04      0.16     0.16     1 
1650183659   59.45003     60.64433     0.00      0.17     0.17     1 
1650183660   59.45040     60.66495     0.02      0.15     0.15     1 
1650183661   59.45077     60.68557    -0.03      0.10     0.11     1 
1650183662   59.45113     60.70619    -0.07      0.01     0.07     1 
1650183663   59.45150     60.72681    -0.01      0.04     0.04     1 
1650183684   59.41770     59.61521    -0.04      0.11     0.12     1 
1650183685   59.41823     59.63578    -0.06      0.07     0.09     1 
1650183686   59.41876     59.65636    -0.08      0.03     0.09     1 
1650183687   59.41928     59.67695    -0.10      0.03     0.10     1 
1650183688   59.41981     59.69753    -0.10     -0.02     0.10     1 
1650183689   59.42032     59.71811    -0.15     -0.04     0.15     1 
1650183690   59.42084     59.73869    -0.10     -0.05     0.11     1 
1650183691   59.42135     59.75928    -0.11     -0.05     0.12     1 
1650183692   59.42186     59.77986    -0.09     -0.06     0.11     1 
1650183693   59.42237     59.80045    -0.02     -0.07     0.07     1 
1650183694   59.42287     59.82103     0.01     -0.05     0.05     1 
1650183695   59.42337     59.84162     0.01     -0.10     0.10     1 
1650183696   59.42387     59.86221     0.04     -0.14     0.15     1 
1650183697   59.42436     59.88279    -0.01     -0.08     0.08     1 
1650183698   59.42486     59.90338    -0.19     -0.05     0.19     1 
1650183699   59.42534     59.92397    -0.08     -0.07     0.11     1 
1650183700   59.42583     59.94456     0.04     -0.06     0.07     1 
1650183701   59.42631     59.96515     0.06     -0.06     0.08     1 
1650183702   59.42678     59.98575     0.04     -0.06     0.07     1 
1650183703   59.42726     60.00634     0.05     -0.07     0.08     1 
1650183704   59.42773     60.02693     0.09     -0.10     0.13     1 
1650183705   59.42820     60.04752     0.03     -0.07     0.08     1 
1650183706   59.42866     60.06812    -0.01      0.03     0.03     1 
1650183707   59.42912     60.08871     0.02      0.01     0.02     1 
1650183708   59.42958     60.10931     0.05     -0.04     0.06     1 
1650183709   59.43003     60.12991    -0.01      0.06     0.07     1 
1650183710   59.43048     60.15050    -0.13      0.09     0.16     1 
1650183711   59.43093     60.17110    -0.01      0.13     0.13     1 
1650183712   59.43138     60.19170     0.05      0.10     0.12     1 
1650183713   59.43182     60.21230     0.06      0.11     0.13     1 
1650183714   59.43226     60.23290     0.04      0.08     0.09     1 
1650183715   59.43269     60.25350     0.06      0.23     0.24     1 
1650183716   59.43312     60.27410     0.05      0.07     0.09     1 
1650183717   59.43355     60.29470     0.07      0.02     0.07     1 
1650183718   59.43398     60.31530     0.05      0.05     0.07     1 
1650183719   59.43440     60.33590     0.03      0.03     0.04     1 
1650183720   59.43482     60.35650     0.04      0.01     0.04     1 
1650183721   59.43523     60.37711    -0.15     -0.04     0.16     1 
1650183722   59.43565     60.39771     0.04      0.12     0.12     1 
1650183723   59.43606     60.41832     0.07      0.09     0.12     1 
1650183724   59.43646     60.43892     0.07      0.12     0.14     1 
1650183725   59.43686     60.45953     0.07      0.13     0.15     1 
1650183726   59.43726     60.48014     0.15      0.15     0.21     1 
1650183727   59.43766     60.50074     0.17      0.27     0.32     1 
1650183728   59.43805     60.52135     0.13      0.17     0.22     1 
1650183729   59.43844     60.54196     0.16      0.15     0.21     1 
1650183730   59.43883     60.56257     0.17      0.15     0.22     1 
1650183731   59.43921     60.58318     0.11      0.19     0.22     1 
1650183732   59.43959     60.60379     0.07      0.17     0.18     1 
1650183733   59.43997     60.62440     0.09      0.13     0.16     1 
1650183734   59.44034     60.64501    -0.06      0.06     0.08     1 
1650183735   59.44071     60.66562    -0.08      0.09     0.12     1 
1650183736   59.44108     60.68623     0.00      0.08     0.08     1 
1650183737   59.44144     60.70685    -0.10      0.07     0.12     1 
1650183738   59.44180     60.72746    -0.08     -0.03     0.09     1 
1650183758   59.40748     59.59560    -0.03      0.11     0.11     1 
1650183759   59.40801     59.61617    -0.08      0.11     0.13     1 
1650183762   59.40960     59.67789    -0.11      0.03     0.11     1 
1650183763   59.41012     59.69847    -0.18     -0.02     0.18     1 
1650183764   59.41064     59.71905    -0.17     -0.04     0.17     1 
1650183765   59.41116     59.73962    -0.13     -0.03     0.13     1 
1650183766   59.41167     59.76020    -0.13     -0.03     0.14     1 
1650183767   59.41218     59.78078    -0.11     -0.05     0.12     1 
1650183768   59.41269     59.80136    -0.10     -0.00     0.10     1 
1650183769   59.41319     59.82194    -0.03      0.01     0.03     1 
1650183770   59.41369     59.84252    -0.04     -0.04     0.06     1 
1650183771   59.41419     59.86310    -0.04     -0.11     0.12     1 
1650183772   59.41468     59.88368    -0.06     -0.12     0.13     1 
1650183773   59.41517     59.90427    -0.11      0.01     0.11     1 
1650183774   59.41566     59.92485    -0.11      0.00     0.11     1 
1650183775   59.41614     59.94544    -0.01     -0.02     0.02     1 
1650183776   59.41662     59.96602     0.02     -0.03     0.04     1 
1650183777   59.41710     59.98661    -0.00     -0.04     0.04     1 
1650183778   59.41757     60.00719     0.03     -0.09     0.09     1 
1650183779   59.41804     60.02778     0.03     -0.09     0.10     1 
1650183780   59.41851     60.04837     0.01     -0.06     0.06     1 
1650183781   59.41897     60.06896     0.02      0.01     0.02     1 
1650183782   59.41944     60.08955    -0.01      0.02     0.03     1 
1650183783   59.41989     60.11013    -0.01      0.04     0.04     1 
1650183784   59.42035     60.13072     0.05      0.05     0.07     1 
1650183785   59.42080     60.15132     0.05     -0.02     0.06     1 
1650183786   59.42125     60.17191    -0.00      0.08     0.08     1 
1650183787   59.42169     60.19250     0.04      0.06     0.07     1 
1650183788   59.42213     60.21309     0.05      0.10     0.11     1 
1650183789   59.42257     60.23369     0.05      0.10     0.11     1 
1650183790   59.42301     60.25428     0.03      0.09     0.09     1 
1650183791   59.42344     60.27488     0.04      0.06     0.07     1 
1650183792   59.42387     60.29547     0.09      0.06     0.10     1 
1650183793   59.42429     60.31607     0.09      0.08     0.12     1 
1650183794   59.42471     60.33666     0.09      0.10     0.13     1 
1650183795   59.42513     60.35726     0.06      0.10     0.11     1 
1650183796   59.42555     60.37786     0.08      0.05     0.10     1 
1650183797   59.42596     60.39846     0.07      0.14     0.15     1 
1650183798   59.42637     60.41906     0.06      0.09     0.11     1 
1650183799   59.42677     60.43966     0.07      0.12     0.14     1 
1650183800   59.42718     60.46026     0.04      0.11     0.12     1 
1650183801   59.42758     60.48086     0.15      0.15     0.21     1 
1650183802   59.42797     60.50146     0.11      0.15     0.18     1 
1650183803   59.42836     60.52206     0.11      0.11     0.16     1 
1650183804   59.42875     60.54266     0.14      0.11     0.18     1 
1650183805   59.42914     60.56327     0.11      0.16     0.19     1 
1650183806   59.42952     60.58387     0.06      0.10     0.11     1 
1650183807   59.42990     60.60447     0.09      0.19     0.21     1 
1650183808   59.43028     60.62508     0.07      0.14     0.16     1 
1650183809   59.43065     60.64568    -0.01      0.03     0.03     1 
1650183810   59.43102     60.66629    -0.09      0.08     0.12     1 
1650183811   59.43139     60.68689     0.01      0.10     0.10     1 
1650183812   59.43175     60.70750    -0.01      0.03     0.04     1 
1650183837   59.39992     59.67884    -0.15     -0.02     0.16     1 
1650183838   59.40044     59.69941    -0.19     -0.02     0.19     1 
1650183839   59.40096     59.71998    -0.31     -0.11     0.33     1 
1650183840   59.40148     59.74056    -0.31     -0.01     0.31     1 
1650183841   59.40199     59.76113    -0.14     -0.03     0.14     1 
1650183842   59.40250     59.78170    -0.11     -0.07     0.14     1 
1650183843   59.40300     59.80227    -0.12     -0.04     0.13     1 
1650183844   59.40351     59.82285    -0.09     -0.01     0.09     1 
1650183845   59.40401     59.84342     0.00     -0.07     0.07     1 
1650183846   59.40450     59.86400    -0.04     -0.09     0.10     1 
1650183847   59.40500     59.88457    -0.14     -0.11     0.18     1 
1650183848   59.40549     59.90515    -0.09     -0.04     0.10     1 
1650183849   59.40597     59.92573    -0.03     -0.01     0.03     1 
1650183850   59.40646     59.94631    -0.09      0.03     0.10     1 
1650183851   59.40694     59.96689    -0.04      0.01     0.04     1 
1650183852   59.40741     59.98747     0.01     -0.02     0.02     1 
1650183853   59.40789     60.00805     0.02     -0.09     0.09     1 
1650183854   59.40836     60.02863     0.04     -0.02     0.05     1 
1650183855   59.40882     60.04921    -0.00      0.01     0.01     1 
1650183856   59.40929     60.06979     0.01      0.03     0.03     1 
1650183857   59.40975     60.09038    -0.01     -0.16     0.16     1 
1650183858   59.41021     60.11096     0.01     -0.15     0.15     1 
1650183859   59.41066     60.13155     0.07      0.04     0.08     1 
1650183862   59.41200     60.19330     0.02      0.03     0.04     1 
1650183863   59.41244     60.21389     0.05      0.07     0.09     1 
1650183864   59.41288     60.23448     0.08      0.06     0.10     1 
1650183865   59.41332     60.25507     0.01      0.03     0.04     1 
1650183866   59.41375     60.27565     0.08      0.11     0.13     1 
1650183867   59.41418     60.29624     0.08      0.12     0.14     1 
1650183868   59.41460     60.31683     0.09      0.12     0.15     1 
1650183869   59.41502     60.33743     0.01      0.14     0.14     1 
1650183870   59.41544     60.35802     0.11      0.03     0.11     1 
1650183871   59.41586     60.37861     0.14      0.09     0.17     1 
1650183872   59.41627     60.39920     0.08      0.08     0.12     1 
1650183873   59.41668     60.41979     0.08      0.12     0.15     1 
1650183874   59.41709     60.44039     0.09      0.17     0.19     1 
1650183875   59.41749     60.46098     0.05      0.15     0.16     1 
1650183876   59.41789     60.48158     0.03      0.12     0.13     1 
1650183877   59.41828     60.50217     0.12      0.06     0.13     1 
1650183878   59.41868     60.52277     0.16      0.06     0.17     1 
1650183879   59.41906     60.54337     0.20      0.07     0.21     1 
1650183880   59.41945     60.56396     0.10      0.10     0.14     1 
1650183881   59.41983     60.58456     0.06      0.08     0.10     1 
1650183882   59.42021     60.60516     0.09      0.17     0.19     1 
1650183883   59.42059     60.62576     0.07      0.19     0.20     1 
1650183884   59.42096     60.64636    -0.01      0.06     0.07     1 
1650183885   59.42133     60.66696    -0.08      0.00     0.08     1 
1650183886   59.42170     60.68756    -0.07      0.05     0.09     1 
1650183887   59.42206     60.70816    -0.20     -0.02     0.20     1 
1650183912   59.39024     59.67979     0.00      0.02     0.02     1 
1650183913   59.39076     59.70036    -0.15     -0.02     0.16     1 
1650183914   59.39128     59.72092    -0.26     -0.10     0.28     1 
1650183915   59.39179     59.74149    -0.33     -0.03     0.33     1 
1650183916   59.39231     59.76205    -0.12     -0.00     0.12     1 
1650183917   59.39281     59.78262    -0.12     -0.07     0.14     1 
1650183918   59.39332     59.80319    -0.14     -0.06     0.15     1 
1650183919   59.39382     59.82375    -0.12     -0.03     0.12     1 
1650183920   59.39432     59.84432    -0.06     -0.00     0.06     1 
1650183921   59.39482     59.86489    -0.05     -0.03     0.06     1 
1650183922   59.39531     59.88546    -0.11     -0.06     0.13     1 
1650183923   59.39580     59.90604    -0.07     -0.02     0.07     1 
1650183924   59.39629     59.92661    -0.06     -0.06     0.09     1 
1650183925   59.39677     59.94718    -0.14     -0.04     0.14     1 
1650183926   59.39725     59.96775    -0.12      0.01     0.12     1 
1650183927   59.39773     59.98833    -0.01     -0.04     0.04     1 
1650183928   59.39820     60.00890     0.01     -0.04     0.04     1 
1650183929   59.39867     60.02948     0.00     -0.04     0.04     1 
1650183930   59.39914     60.05005     0.01      0.02     0.02     1 
1650183931   59.39960     60.07063    -0.01      0.02     0.02     1 
1650183932   59.40006     60.09121     0.03     -0.14     0.14     1 
1650183933   59.40052     60.11179     0.02     -0.17     0.17     1 
1650183934   59.40098     60.13236    -0.09     -0.11     0.14     1 
1650183935   59.40143     60.15294    -0.19     -0.07     0.20     1 
1650183936   59.40187     60.17352    -0.01     -0.00     0.01     1 
1650183937   59.40232     60.19410     0.00      0.02     0.02     1 
1650183938   59.40276     60.21469     0.01      0.03     0.03     1 
1650183939   59.40320     60.23527     0.05     -0.01     0.05     1 
1650183940   59.40363     60.25585     0.03      0.08     0.08     1 
1650183941   59.40406     60.27643     0.01      0.09     0.09     1 
1650183942   59.40449     60.29702     0.08      0.09     0.12     1 
1650183943   59.40492     60.31760     0.08      0.12     0.14     1 
1650183944   59.40534     60.33819     0.11      0.08     0.13     1 
1650183945   59.40575     60.35877     0.10     -0.03     0.11     1 
1650183946   59.40617     60.37936     0.05      0.12     0.13     1 
1650183947   59.40658     60.39994     0.05      0.16     0.17     1 
1650183948   59.40699     60.42053     0.09      0.21     0.23     1 
1650183949   59.40740     60.44112     0.10      0.23     0.25     1 
1650183950   59.40780     60.46171     0.07      0.18     0.19     1 
1650183951   59.40820     60.48230     0.12      0.15     0.20     1 
1650183952   59.40859     60.50289     0.05      0.15     0.16     1 
1650183953   59.40899     60.52348     0.10      0.05     0.11     1 
1650183954   59.40937     60.54407     0.17      0.04     0.18     1 
1650183955   59.40976     60.56466     0.07      0.07     0.10     1 
1650183956   59.41014     60.58525     0.04      0.06     0.07     1 
1650183957   59.41052     60.60584     0.06      0.11     0.13     1 
1650183958   59.41090     60.62644     0.08      0.12     0.15     1 
1650183959   59.41127     60.64703     0.04      0.09     0.10     1 
1650183960   59.41164     60.66762    -0.05      0.06     0.08     1 
1650183961   59.41201     60.68822    -0.08      0.01     0.08     1 
1650183962   59.41237     60.70881    -0.19     -0.08     0.20     1 
1650183990   59.38211     59.74242    -0.20     -0.18     0.27     1 
1650183991   59.38262     59.76298    -0.14     -0.05     0.15     1 
1650183992   59.38313     59.78354    -0.13     -0.05     0.14     1 
1650183993   59.38364     59.80410    -0.14     -0.02     0.15     1 
1650183994   59.38414     59.82466    -0.09     -0.00     0.09     1 
1650183995   59.38464     59.84522    -0.09      0.00     0.09     1 
1650183996   59.38513     59.86579    -0.10     -0.01     0.10     1 
1650183997   59.38563     59.88635    -0.24     -0.04     0.24     1 
1650183998   59.38612     59.90692    -0.26      0.09     0.27     1 
1650183999   59.38660     59.92748    -0.12     -0.00     0.12     1 
1650184000   59.38709     59.94805    -0.18     -0.04     0.18     1 
1650184001   59.38757     59.96862    -0.16     -0.06     0.17     1 
1650184002   59.38804     59.98919    -0.05     -0.03     0.06     1 
1650184003   59.38852     60.00976    -0.01     -0.03     0.03     1 
1650184004   59.38899     60.03033    -0.14      0.07     0.15     1 
1650184005   59.38945     60.05090    -0.04      0.05     0.06     1 
1650184006   59.38992     60.07147    -0.02     -0.02     0.03     1 
1650184007   59.39038     60.09204     0.01      0.10     0.10     1 
1650184008   59.39083     60.11261     0.04      0.01     0.04     1 
1650184010   59.39174     60.15376    -0.06     -0.02     0.06     1 
1650184011   59.39219     60.17433    -0.03      0.01     0.03     1 
1650184012   59.39263     60.19490    -0.07      0.07     0.10     1 
1650184013   59.39307     60.21548     0.06      0.03     0.07     1 
1650184014   59.39351     60.23606     0.02     -0.00     0.02     1 
1650184015   59.39394     60.25663     0.00      0.02     0.02     1 
1650184016   59.39437     60.27721     0.01      0.01     0.01     1 
1650184017   59.39480     60.29779     0.08      0.05     0.09     1 
1650184018   59.39523     60.31837     0.07      0.01     0.07     1 
1650184019   59.39565     60.33895    -0.05     -0.00     0.05     1 
1650184020   59.39607     60.35952     0.06      0.05     0.07     1 
1650184021   59.39648     60.38011     0.02      0.17     0.17     1 
1650184022   59.39689     60.40069     0.07      0.19     0.20     1 
1650184023   59.39730     60.42127     0.10      0.22     0.24     1 
1650184024   59.39771     60.44185     0.09      0.23     0.24     1 
1650184025   59.39811     60.46243     0.08      0.21     0.22     1 
1650184026   59.39851     60.48302     0.12      0.17     0.21     1 
1650184027   59.39890     60.50360     0.07      0.19     0.20     1 
1650184028   59.39930     60.52418     0.14      0.16     0.21     1 
1650184029   59.39968     60.54477     0.25      0.14     0.29     1 
1650184030   59.40007     60.56535     0.17      0.09     0.20     1 
1650184031   59.40045     60.58594     0.07      0.03     0.08     1 
1650184032   59.40083     60.60653     0.03      0.07     0.07     1 
1650184033   59.40121     60.62711     0.07      0.07     0.10     1 
1650184034   59.40158     60.64770     0.08      0.08     0.11     1 
1650184035   59.40195     60.66829    -0.00      0.08     0.08     1 
1650184036   59.40232     60.68888    -0.08      0.03     0.08     1 
1650184068   59.37395     59.80501    -0.10     -0.01     0.10     1 
1650184069   59.37446     59.82557    -0.13      0.02     0.13     1 
1650184070   59.37495     59.84613    -0.13     -0.00     0.13     1 
1650184071   59.37545     59.86668    -0.16     -0.01     0.16     1 
1650184072   59.37594     59.88724    -0.21      0.04     0.22     1 
1650184073   59.37643     59.90780    -0.15      0.03     0.15     1 
1650184074   59.37692     59.92836    -0.13      0.01     0.13     1 
1650184075   59.37740     59.94892    -0.14     -0.02     0.15     1 
1650184076   59.37788     59.96948    -0.10     -0.05     0.12     1 
1650184077   59.37836     59.99005    -0.07      0.00     0.07     1 
1650184078   59.37883     60.01061    -0.04      0.00     0.04     1 
1650184079   59.37930     60.03117    -0.19      0.12     0.22     1 
1650184080   59.37977     60.05174    -0.11      0.16     0.19     1 
1650184081   59.38023     60.07230    -0.02     -0.02     0.03     1 
1650184082   59.38069     60.09287    -0.01      0.09     0.09     1 
1650184083   59.38115     60.11343     0.01      0.14     0.14     1 
1650184084   59.38160     60.13400     0.08     -0.20     0.22     1 
1650184085   59.38205     60.15457     0.10      0.07     0.12     1 
1650184086   59.38250     60.17514     0.00      0.11     0.11     1 
1650184087   59.38294     60.19571    -0.03      0.17     0.17     1 
1650184088   59.38338     60.21628     0.04      0.04     0.06     1 
1650184089   59.38382     60.23685     0.05      0.04     0.06     1 
1650184090   59.38426     60.25742     0.05      0.03     0.06     1 
1650184091   59.38469     60.27799     0.05      0.00     0.05     1 
1650184092   59.38511     60.29856     0.05      0.02     0.05     1 
1650184093   59.38554     60.31913     0.01     -0.04     0.04     1 
1650184094   59.38596     60.33971     0.08      0.02     0.08     1 
1650184095   59.38638     60.36028     0.05      0.04     0.06     1 
1650184096   59.38679     60.38085     0.04      0.13     0.13     1 
1650184097   59.38721     60.40143     0.06      0.17     0.18     1 
1650184098   59.38761     60.42200     0.05      0.04     0.06     1 
1650184099   59.38802     60.44258     0.03      0.20     0.21     1 
1650184100   59.38842     60.46316     0.07      0.19     0.21     1 
1650184101   59.38882     60.48373     0.10      0.19     0.21     1 
1650184102   59.38922     60.50431     0.10      0.21     0.23     1 
1650184103   59.38961     60.52489     0.13      0.22     0.25     1 
1650184104   59.39000     60.54547     0.23      0.23     0.32     1 
1650184105   59.39038     60.56605     0.22      0.17     0.28     1 
1650184106   59.39076     60.58663     0.03      0.05     0.05     1 
1650184107   59.39114     60.60721     0.03      0.06     0.07     1 
1650184108   59.39152     60.62779     0.01      0.04     0.04     1 
1650184109   59.39189     60.64837     0.05      0.06     0.08     1 
1650184110   59.39226     60.66895    -0.01      0.07     0.07     1 
1650184111   59.39263     60.68954    -0.09     -0.08     0.12     1 
1650184146   59.36577     59.86758    -0.18     -0.04     0.19     1 
1650184147   59.36626     59.88813    -0.12     -0.02     0.12     1 
1650184148   59.36675     59.90868    -0.22     -0.02     0.22     1 
1650184149   59.36723     59.92924    -0.23      0.04     0.23     1 
1650184150   59.36772     59.94979    -0.05      0.01     0.05     1 
1650184151   59.36820     59.97035    -0.04     -0.02     0.04     1 
1650184152   59.36867     59.99090    -0.11     -0.05     0.12     1 
1650184153   59.36915     60.01146    -0.04     -0.09     0.10     1 
1650184154   59.36962     60.03202    -0.03      0.09     0.09     1 
1650184155   59.37008     60.05258    -0.07      0.08     0.11     1 
1650184156   59.37054     60.07314    -0.09      0.05     0.10     1 
1650184157   59.37100     60.09370    -0.08      0.05     0.10     1 
1650184158   59.37146     60.11426     0.05      0.14     0.15     1 
1650184161   59.37281     60.17594     0.03      0.08     0.09     1 
1650184162   59.37326     60.19651     0.01      0.11     0.11     1 
1650184163   59.37370     60.21707     0.04      0.06     0.07     1 
1650184164   59.37414     60.23763     0.05      0.09     0.10     1 
1650184165   59.37457     60.25820     0.05      0.03     0.06     1 
1650184166   59.37500     60.27876     0.06      0.03     0.07     1 
1650184167   59.37543     60.29933     0.05      0.08     0.10     1 
1650184168   59.37585     60.31990     0.06      0.03     0.07     1 
1650184169   59.37627     60.34047     0.07      0.05     0.09     1 
1650184170   59.37669     60.36103     0.08      0.06     0.10     1 
1650184171   59.37711     60.38160     0.04      0.10     0.11     1 
1650184172   59.37752     60.40217    -0.02      0.11     0.11     1 
1650184173   59.37792     60.42274     0.04      0.05     0.06     1 
1650184174   59.37833     60.44331     0.05      0.16     0.17     1 
1650184175   59.37873     60.46388     0.06      0.18     0.19     1 
1650184176   59.37913     60.48445     0.09      0.18     0.20     1 
1650184177   59.37953     60.50502     0.12      0.20     0.23     1 
1650184178   59.37992     60.52560     0.13      0.21     0.25     1 
1650184179   59.38031     60.54617     0.16      0.21     0.27     1 
1650184180   59.38069     60.56674     0.15      0.22     0.27     1 
1650184181   59.38107     60.58732     0.08      0.12     0.15     1 
1650184182   59.38145     60.60789     0.06      0.11     0.12     1 
1650184183   59.38183     60.62847    -0.01      0.09     0.09     1 
1650184184   59.38220     60.64904    -0.02      0.02     0.03     1 
1650184185   59.38257     60.66962    -0.08      0.02     0.08     1 
1650184186   59.38294     60.69020    -0.20     -0.07     0.21     1 
1650184223   59.35706     59.90957    -0.16     -0.02     0.16     1 
1650184224   59.35755     59.93011    -0.09      0.01     0.09     1 
1650184225   59.35803     59.95066    -0.09     -0.03     0.09     1 
1650184226   59.35851     59.97121    -0.14     -0.04     0.14     1 
1650184227   59.35899     59.99176    -0.14     -0.03     0.14     1 
1650184228   59.35946     60.01231    -0.19      0.02     0.19     1 
1650184229   59.35993     60.03287    -0.10      0.02     0.10     1 
1650184230   59.36040     60.05342    -0.05     -0.00     0.05     1 
1650184231   59.36086     60.07397    -0.12      0.05     0.13     1 
1650184232   59.36132     60.09453    -0.01      0.03     0.03     1 
1650184233   59.36178     60.11508     0.02      0.03     0.04     1 
1650184234   59.36223     60.13564    -0.09      0.02     0.09     1 
1650184235   59.36268     60.15619    -0.08      0.06     0.10     1 
1650184236   59.36313     60.17675    -0.10      0.04     0.11     1 
1650184237   59.36357     60.19731    -0.03      0.04     0.05     1 
1650184238   59.36401     60.21786     0.02      0.06     0.06     1 
1650184239   59.36445     60.23842     0.02      0.11     0.11     1 
1650184240   59.36488     60.25898     0.00      0.02     0.02     1 
1650184241   59.36531     60.27954     0.00      0.02     0.02     1 
1650184242   59.36574     60.30010    -0.01      0.04     0.04     1 
1650184243   59.36616     60.32066     0.07      0.06     0.09     1 
1650184244   59.36659     60.34122     0.10      0.08     0.13     1 
1650184245   59.36700     60.36178     0.06      0.14     0.16     1 
1650184246   59.36742     60.38235     0.08      0.12     0.14     1 
1650184247   59.36783     60.40291     0.17      0.14     0.22     1 
1650184248   59.36824     60.42348     0.11      0.11     0.16     1 
1650184249   59.36864     60.44404     0.05      0.15     0.16     1 
1650184250   59.36904     60.46460     0.07      0.13     0.14     1 
1650184251   59.36944     60.48517     0.11      0.12     0.16     1 
1650184252   59.36984     60.50574     0.11      0.18     0.21     1 
1650184253   59.37023     60.52630     0.08      0.17     0.19     1 
1650184254   59.37062     60.54687     0.11      0.15     0.18     1 
1650184255   59.37100     60.56744     0.07      0.15     0.16     1 
1650184256   59.37138     60.58801     0.09      0.15     0.17     1 
1650184257   59.37176     60.60858     0.07      0.15     0.16     1 
1650184258   59.37214     60.62914     0.03      0.12     0.12     1 
1650184259   59.37251     60.64971    -0.07      0.04     0.08     1 
1650184260   59.37288     60.67028    -0.28      0.08     0.29     1 
1650184301   59.34883     59.97208    -0.18     -0.06     0.19     1 
1650184302   59.34930     59.99262    -0.13      0.03     0.14     1 
1650184303   59.34978     60.01317    -0.18      0.08     0.20     1 
1650184304   59.35024     60.03371    -0.15      0.03     0.16     1 
1650184305   59.35071     60.05426    -0.13     -0.02     0.13     1 
1650184306   59.35117     60.07481    -0.15      0.02     0.15     1 
1650184307   59.35163     60.09535    -0.10      0.03     0.10     1 
1650184308   59.35209     60.11590    -0.02     -0.03     0.04     1 
1650184309   59.35254     60.13645    -0.04      0.05     0.06     1 
1650184310   59.35299     60.15700    -0.05      0.07     0.09     1 
1650184311   59.35344     60.17755    -0.14      0.01     0.14     1 
1650184312   59.35388     60.19810    -0.07      0.11     0.13     1 
1650184313   59.35432     60.21866    -0.02      0.05     0.05     1 
1650184314   59.35476     60.23921    -0.02      0.06     0.06     1 
1650184315   59.35519     60.25976     0.13      0.02     0.13     1 
1650184316   59.35562     60.28032     0.02      0.04     0.04     1 
1650184317   59.35605     60.30087    -0.01      0.04     0.04     1 
1650184318   59.35648     60.32143     0.06      0.18     0.19     1 
1650184319   59.35690     60.34198     0.01      0.22     0.22     1 
1650184320   59.35731     60.36254     0.02      0.13     0.13     1 
1650184321   59.35773     60.38309    -0.03      0.10     0.11     1 
1650184322   59.35814     60.40365     0.08      0.15     0.17     1 
1650184323   59.35855     60.42421     0.08      0.13     0.15     1 
1650184324   59.35895     60.44477     0.10      0.13     0.17     1 
1650184325   59.35935     60.46533     0.10      0.11     0.15     1 
1650184326   59.35975     60.48589     0.15      0.12     0.19     1 
1650184327   59.36015     60.50645     0.13      0.12     0.18     1 
1650184328   59.36054     60.52701     0.10      0.11     0.15     1 
1650184329   59.36093     60.54757     0.08      0.14     0.17     1 
1650184330   59.36131     60.56813     0.06      0.12     0.13     1 
1650184331   59.36169     60.58869     0.05      0.11     0.12     1 
1650184332   59.36207     60.60926     0.02      0.11     0.11     1 
1650184333   59.36245     60.62982    -0.03      0.08     0.09     1 
1650184334   59.36282     60.65038    -0.12     -0.01     0.12     1 
1650184335   59.36319     60.67095    -0.33      0.05     0.33     1 
1650184378   59.34009     60.01402    -0.19      0.27     0.33     1 
1650184379   59.34056     60.03456    -0.16      0.26     0.31     1 
1650184380   59.34103     60.05510    -0.15      0.01     0.15     1 
1650184381   59.34149     60.07564    -0.17     -0.02     0.17     1 
1650184382   59.34195     60.09618    -0.13      0.05     0.14     1 
1650184383   59.34240     60.11673    -0.14      0.05     0.15     1 
1650184384   59.34286     60.13727    -0.10      0.06     0.11     1 
1650184385   59.34331     60.15781    -0.05      0.03     0.06     1 
1650184386   59.34375     60.17836    -0.07      0.09     0.11     1 
1650184387   59.34420     60.19890    -0.17      0.05     0.18     1 
1650184388   59.34464     60.21945    -0.11      0.05     0.12     1 
1650184389   59.34507     60.24000    -0.06      0.03     0.07     1 
1650184390   59.34551     60.26054     0.04      0.06     0.08     1 
1650184391   59.34594     60.28109    -0.01      0.06     0.06     1 
1650184392   59.34636     60.30164    -0.01      0.07     0.07     1 
1650184393   59.34679     60.32219     0.06      0.18     0.19     1 
1650184394   59.34721     60.34274    -0.04      0.13     0.13     1 
1650184395   59.34763     60.36329    -0.04      0.08     0.09     1 
1650184396   59.34804     60.38384     0.04      0.10     0.11     1 
1650184397   59.34845     60.40439     0.04      0.16     0.16     1 
1650184398   59.34886     60.42494     0.14      0.10     0.17     1 
1650184399   59.34926     60.44550     0.14      0.09     0.16     1 
1650184400   59.34966     60.46605     0.11      0.13     0.17     1 
1650184401   59.35006     60.48660     0.15      0.17     0.23     1 
1650184402   59.35046     60.50716     0.11      0.15     0.19     1 
1650184403   59.35085     60.52771     0.16      0.13     0.21     1 
1650184404   59.35124     60.54827     0.11      0.19     0.21     1 
1650184405   59.35162     60.56882     0.03      0.08     0.08     1 
1650184406   59.35200     60.58938    -0.03      0.07     0.07     1 
1650184407   59.35238     60.60994    -0.05      0.04     0.06     1 
1650184408   59.35276     60.63050    -0.06      0.00     0.06     1 
1650184409   59.35313     60.65105    -0.03     -0.11     0.12     1 
1650184410   59.35350     60.67161    -0.06     -0.02     0.07     1 
1650184457   59.33226     60.09701    -0.13      0.05     0.14     1 
1650184458   59.33272     60.11755    -0.16      0.06     0.17     1 
1650184459   59.33317     60.13808    -0.16      0.05     0.17     1 
1650184460   59.33362     60.15862    -0.15     -0.00     0.15     1 
1650184461   59.33407     60.17916    -0.16      0.08     0.17     1 
1650184462   59.33451     60.19970    -0.16      0.06     0.17     1 
1650184463   59.33495     60.22024    -0.10      0.03     0.10     1 
1650184464   59.33539     60.24078    -0.08      0.04     0.09     1 
1650184465   59.33582     60.26132    -0.03      0.15     0.15     1 
1650184466   59.33625     60.28187    -0.03      0.11     0.11     1 
1650184467   59.33668     60.30241    -0.01      0.07     0.07     1 
1650184468   59.33710     60.32295     0.06      0.13     0.14     1 
1650184469   59.33752     60.34350     0.01      0.09     0.09     1 
1650184470   59.33794     60.36404    -0.05      0.11     0.12     1 
1650184471   59.33835     60.38459     0.02      0.17     0.17     1 
1650184472   59.33876     60.40513     0.05      0.20     0.20     1 
1650184473   59.33917     60.42568     0.05      0.19     0.19     1 
1650184474   59.33957     60.44622     0.02      0.11     0.11     1 
1650184475   59.33998     60.46677     0.08      0.14     0.17     1 
1650184476   59.34037     60.48732     0.12      0.18     0.22     1 
1650184477   59.34077     60.50787     0.10      0.17     0.20     1 
1650184478   59.34116     60.52842     0.11      0.18     0.21     1 
1650184479   59.34155     60.54897     0.05      0.16     0.17     1 
1650184480   59.34193     60.56952     0.05      0.09     0.10     1 
1650184481   59.34231     60.59007     0.03      0.04     0.04     1 
1650184482   59.34269     60.61062    -0.05     -0.02     0.05     1 
1650184483   59.34307     60.63117    -0.09     -0.07     0.11     1 
1650184484   59.34344     60.65172    -0.07     -0.09     0.12     1 
1650184535   59.32393     60.15943    -0.18      0.02     0.18     1 
1650184536   59.32438     60.17997    -0.15      0.11     0.18     1 
1650184537   59.32482     60.20050    -0.14      0.02     0.14     1 
1650184538   59.32526     60.22103    -0.13      0.05     0.14     1 
1650184539   59.32570     60.24157    -0.09      0.05     0.10     1 
1650184540   59.32613     60.26210    -0.06      0.11     0.12     1 
1650184541   59.32656     60.28264    -0.05      0.10     0.11     1 
1650184542   59.32699     60.30318    -0.01      0.06     0.06     1 
1650184543   59.32741     60.32371     0.05      0.16     0.17     1 
1650184544   59.32783     60.34425    -0.04      0.13     0.13     1 
1650184545   59.32825     60.36479    -0.03      0.05     0.06     1 
1650184546   59.32866     60.38533    -0.03      0.06     0.07     1 
1650184547   59.32907     60.40587     0.06      0.18     0.19     1 
1650184548   59.32948     60.42641    -0.00      0.19     0.19     1 
1650184549   59.32988     60.44695     0.01      0.15     0.15     1 
1650184550   59.33029     60.46749     0.05      0.18     0.18     1 
1650184551   59.33068     60.48804     0.07      0.18     0.19     1 
1650184552   59.33108     60.50858    -0.01      0.16     0.16     1 
1650184553   59.33147     60.52912     0.04      0.18     0.19     1 
1650184554   59.33186     60.54967     0.01      0.06     0.06     1 
1650184555   59.33224     60.57021    -0.07     -0.05     0.09     1 
1650184556   59.33262     60.59076    -0.10     -0.06     0.12     1 
1650184557   59.33300     60.61130    -0.05     -0.09     0.10     1 
1650184558   59.33338     60.63185    -0.11     -0.06     0.12     1 
1650184559   59.33375     60.65239    -0.14     -0.09     0.17     1 
1650184612   59.31513     60.20130    -0.04      0.06     0.07     1 
1650184613   59.31557     60.22182    -0.05      0.01     0.05     1 
1650184614   59.31601     60.24235    -0.09      0.09     0.12     1 
1650184615   59.31644     60.26288    -0.09      0.08     0.12     1 
1650184616   59.31687     60.28341    -0.09      0.09     0.12     1 
1650184617   59.31730     60.30394    -0.08      0.07     0.11     1 
1650184618   59.31772     60.32448    -0.08      0.11     0.14     1 
1650184619   59.31814     60.34501    -0.03      0.11     0.11     1 
1650184620   59.31856     60.36554    -0.01      0.09     0.09     1 
1650184621   59.31897     60.38607    -0.12      0.08     0.14     1 
1650184622   59.31938     60.40661     0.01      0.12     0.12     1 
1650184623   59.31979     60.42714     0.04      0.18     0.18     1 
1650184624   59.32020     60.44768     0.04      0.17     0.18     1 
1650184625   59.32060     60.46822    -0.03      0.23     0.24     1 
1650184626   59.32100     60.48875    -0.01      0.26     0.26     1 
1650184627   59.32139     60.50929    -0.02      0.10     0.10     1 
1650184628   59.32178     60.52983     0.01      0.07     0.07     1 
1650184629   59.32217     60.55036    -0.00      0.05     0.05     1 
1650184630   59.32255     60.57090     0.00     -0.12     0.12     1 
1650184631   59.32293     60.59144     0.07     -0.06     0.09     1 
1650184632   59.32331     60.61198    -0.06     -0.03     0.06     1 
1650184633   59.32369     60.63252    -0.16     -0.05     0.17     1 
1650184634   59.32406     60.65306    -0.18     -0.05     0.19     1 
1650184689   59.30632     60.24314    -0.06     -0.04     0.08     1 
1650184690   59.30676     60.26366    -0.04      0.16     0.16     1 
1650184691   59.30719     60.28419    -0.06      0.09     0.11     1 
1650184692   59.30761     60.30471    -0.01      0.08     0.08     1 
1650184693   59.30804     60.32524    -0.04      0.09     0.10     1 
1650184694   59.30846     60.34576     0.00      0.14     0.14     1 
1650184695   59.30887     60.36629    -0.00      0.12     0.12     1 
1650184696   59.30929     60.38682     0.03      0.17     0.17     1 
1650184697   59.30970     60.40735     0.06      0.21     0.22     1 
1650184698   59.31010     60.42788     0.07      0.22     0.23     1 
1650184699   59.31051     60.44841     0.02      0.21     0.21     1 
1650184700   59.31091     60.46894    -0.06      0.22     0.23     1 
1650184701   59.31130     60.48947    -0.06      0.26     0.26     1 
1650184702   59.31170     60.51000    -0.04      0.14     0.15     1 
1650184703   59.31209     60.53053    -0.07      0.10     0.12     1 
1650184704   59.31248     60.55106    -0.07      0.14     0.16     1 
1650184705   59.31286     60.57159     0.00      0.03     0.03     1 
1650184706   59.31324     60.59213     0.02      0.09     0.09     1 
1650184707   59.31362     60.61266    -0.14      0.02     0.14     1 
1650184708   59.31400     60.63320    -0.19     -0.05     0.20     1 
1650184767   59.29792     60.30548    -0.01      0.04     0.05     1 
1650184768   59.29835     60.32600    -0.02      0.10     0.10     1 
1650184769   59.29877     60.34652    -0.04      0.12     0.12     1 
1650184770   59.29918     60.36704     0.01      0.11     0.11     1 
1650184771   59.29960     60.38756    -0.02      0.11     0.11     1 
1650184772   59.30001     60.40808    -0.03      0.13     0.14     1 
1650184773   59.30042     60.42861     0.01      0.13     0.13     1 
1650184774   59.30082     60.44913     0.05      0.18     0.19     1 
1650184775   59.30122     60.46966    -0.04      0.20     0.20     1 
1650184776   59.30162     60.49018    -0.02      0.21     0.21     1 
1650184777   59.30201     60.51071    -0.03      0.21     0.21     1 
1650184778   59.30240     60.53123    -0.04      0.11     0.12     1 
1650184779   59.30279     60.55176    -0.10      0.15     0.18     1 
1650184780   59.30317     60.57229    -0.09      0.09     0.13     1 
1650184781   59.30355     60.59281    -0.15      0.05     0.16     1 
1650184782   59.30393     60.61334    -0.16      0.02     0.16     1 
1650184783   59.30431     60.63387    -0.19     -0.03     0.19     1 
1650184845   59.28950     60.36779    -0.03      0.14     0.15     1 
1650184846   59.28991     60.38831     0.00      0.10     0.10     1 
1650184847   59.29032     60.40882    -0.02      0.09     0.09     1 
1650184848   59.29073     60.42934    -0.04      0.13     0.14     1 
1650184849   59.29113     60.44986    -0.00      0.18     0.18     1 
1650184850   59.29153     60.47037    -0.06      0.20     0.20     1 
1650184851   59.29193     60.49089    -0.05      0.16     0.16     1 
1650184852   59.29232     60.51141    -0.06      0.20     0.21     1 
1650184853   59.29271     60.53193    -0.06      0.15     0.16     1 
1650184854   59.29310     60.55245    -0.09      0.16     0.18     1 
1650184855   59.29348     60.57297    -0.14      0.10     0.17     1 
1650184856   59.29386     60.59350    -0.17      0.07     0.18     1 
1650184857   59.29424     60.61402    -0.17      0.07     0.18     1 
1650184858   59.29462     60.63454    -0.26      0.01     0.26     1 
1650184923   59.28104     60.43007    -0.09      0.14     0.16     1 
1650184924   59.28144     60.45058    -0.08      0.20     0.22     1 
1650184925   59.28184     60.47109    -0.07      0.15     0.17     1 
1650184926   59.28224     60.49161    -0.06      0.12     0.14     1 
1650184927   59.28263     60.51212    -0.13      0.16     0.21     1 
1650184928   59.28302     60.53263    -0.14      0.13     0.19     1 
1650184929   59.28341     60.55315    -0.15      0.13     0.20     1 
1650184930   59.28379     60.57366    -0.19      0.11     0.22     1 
1650184931   59.28417     60.59418    -0.16      0.08     0.18     1 
1650184932   59.28455     60.61470    -0.21      0.05     0.22     1 
1650185001   59.27255     60.49232    -0.04      0.16     0.17     1 
1650185002   59.27294     60.51283    -0.10      0.18     0.21     1 
1650185003   59.27333     60.53334    -0.16      0.13     0.20     1 
1650185004   59.27372     60.55385    -0.16      0.10     0.19     1 
1650185005   59.27410     60.57435    -0.16      0.05     0.17     1 
1650185006   59.27448     60.59486    -0.15      0.04     0.16     1 
1650185007   59.27486     60.61538    -0.26     -0.02     0.26     1 
1650185079   59.26403     60.55454    -0.13      0.07     0.15     1 
1650185080   59.26441     60.57504    -0.12      0.01     0.12     1 
1650185081   59.26479     60.59555    -0.25      0.04     0.25     1 
1650185082   59.26517     60.61605    -0.26      0.03     0.27     1 
1650185156   59.25510     60.59623    -0.23      0.09     0.25     1 
----------------------------------------------------------------------
---------------------------------------------------
Total correlated GCPs in Upper Left Quadrant: 710

GCP statistics this quadrant only (in Pixels)
Line residual statistics:
  Mean: -0.088
  Median: -0.093
  Standard Deviation: 0.079

Sample residual statistics:
  Mean: -0.026
  Median: -0.027
  Standard Deviation: 0.089

Quadrant RMSE: 0.151

---------------------------------------------------
Total correlated GCPs in Upper Right Quadrant: 697

GCP statistics this quadrant only (in Pixels)
Line residual statistics:
  Mean: 0.010
  Median: 0.009
  Standard Deviation: 0.092

Sample residual statistics:
  Mean: 0.023
  Median: 0.024
  Standard Deviation: 0.081

Quadrant RMSE: 0.125

---------------------------------------------------
Total correlated GCPs in Lower Left Quadrant: 591

GCP statistics this quadrant only (in Pixels)
Line residual statistics:
  Mean: -0.039
  Median: -0.030
  Standard Deviation: 0.078

Sample residual statistics:
  Mean: -0.000
  Median: -0.006
  Standard Deviation: 0.076

Quadrant RMSE: 0.116

---------------------------------------------------
Total correlated GCPs in Lower Right Quadrant: 606

GCP statistics this quadrant only (in Pixels)
Line residual statistics:
  Mean: 0.011
  Median: 0.025
  Standard Deviation: 0.093

Sample residual statistics:
  Mean: 0.080
  Median: 0.082
  Standard Deviation: 0.080

Quadrant RMSE: 0.147

---------------------------------------------------
---------------------------------------------------
Total correlated GCPs in scene: 2604

GCP statistics entire scene (in Pixels)
Line residual statistics:
  Mean: -0.028
  Median: -0.025
  Standard Deviation: 0.095

Sample residual statistics:
  Mean: 0.018
  Median: 0.017
  Standard Deviation: 0.091

Scene RMSE: 0.136

